d_loss,gradient_norm
0.9299387335777283,0.7396277
0.8480024635791779,0.60969734
0.8028459548950195,0.49793866
0.827252522110939,0.47559154
0.8562016412615776,0.4649213
0.8606330081820488,0.43131232
0.854438379406929,0.47391808
0.8396853730082512,0.5834639
0.8584360554814339,0.6162832
0.7963394746184349,0.6825619
0.7663060426712036,0.7534173
0.7674633860588074,0.90168977
0.71965691447258,0.7315532
0.647095337510109,0.78946644
0.7205153703689575,0.96507615
0.5925787389278412,0.86208695
0.5811654180288315,0.8945542
0.5925025343894958,0.8313724
0.4478594958782196,0.6633424
0.5226091593503952,0.91887337
0.4672459810972214,0.82538056
0.549376055598259,0.88366294
0.51096211373806,0.87755376
0.5132351517677307,1.0492831
0.5415904521942139,1.1537769
0.6143567860126495,1.531895
0.7138316929340363,1.8585202
0.7777407467365265,1.9706385
0.770947277545929,2.2069516
0.8286142349243164,2.3508086
0.8323556184768677,2.7087567
0.8513941466808319,2.3841245
0.8992648720741272,2.8248897
0.9797837138175964,3.5672553
0.970412939786911,3.392931
0.9715514481067657,3.2106185
1.0060728788375854,3.6306016
1.0314249992370605,3.6706972
1.0198848843574524,3.3432403
1.0498058795928955,3.6547225
1.1046636700630188,3.8558078
1.2029213905334473,3.821528
1.291715383529663,4.018342
1.3596704602241516,3.7936153
1.4058389067649841,3.886945
1.5118786692619324,3.7731655
1.5773181915283203,3.5070322
1.623325765132904,3.1129956
1.6764063239097595,2.89183
1.6565859913825989,2.7515965
1.7474214434623718,2.172211
1.7396681308746338,2.24706
1.7516210079193115,2.2546542
1.7243393659591675,2.1899672
1.7384440898895264,2.2063127
1.7398829460144043,2.1997259
1.7300909161567688,2.1190848
1.7730401754379272,2.0487134
1.777110993862152,1.8416282
1.7436543703079224,2.0932357
1.7753321528434753,1.8683279
1.81541109085083,1.4653498
1.8106692433357239,1.6231993
1.7929091453552246,1.3219495
1.876064658164978,1.0179948
1.8531591892242432,1.0291466
1.8357694745063782,0.9214925
1.8421875834465027,0.81435764
1.8477862477302551,0.78872067
1.8962386846542358,0.597272
1.8589035272598267,0.7157478
1.892356812953949,0.62090296
1.9386332035064697,0.4968474
1.903628408908844,0.45361722
1.9050143361091614,0.56612515
1.8679624199867249,0.6912791
1.8900784850120544,0.5633543
1.9000381827354431,0.56208855
1.9257144927978516,0.7369514
1.9379873275756836,0.4172598
1.877646028995514,0.6945795
1.9411471486091614,0.43685052
1.9678229093551636,0.5397949
1.9447336792945862,0.36102802
1.9640588164329529,0.5083381
1.971430778503418,0.40316045
1.9735915064811707,0.52992547
1.9697911143302917,0.650589
1.9427263140678406,0.51939446
1.9924452900886536,0.25079787
1.9768523573875427,0.3563055
1.966318964958191,0.32958218
1.9904115796089172,0.20193659
1.9984149932861328,0.06633256
1.996388852596283,0.03994369
1.9992159605026245,0.05564673
1.9994975924491882,0.0495835
1.999750554561615,0.015718268
1.997988998889923,0.05156757
1.995696485042572,0.037116908
1.9993817806243896,0.027065603
1.9983227849006653,0.046110854
1.9649081230163574,0.21736455
1.5832936763763428,2.914335
1.1510230600833893,1.5042396
1.074973702430725,1.3319193
1.0647897124290466,1.3547893
1.0228467136621475,0.8156769
0.9976548254489899,1.301733
0.8245162963867188,1.0581642
0.7485061436891556,0.61675435
0.7775028049945831,1.204546
0.9261174499988556,1.2681788
0.8790077865123749,1.2020735
1.0130079984664917,1.4358355
1.0039653182029724,1.629729
1.0875023007392883,1.9302424
1.0848113596439362,2.2863226
1.0733911991119385,2.380438
1.0673000812530518,2.4640405
1.0512855648994446,2.738355
1.103492021560669,3.0863924
1.0252273976802826,2.312376
1.1070865988731384,3.119995
1.0602591037750244,2.5231807
1.0507538318634033,2.9885676
0.8984712958335876,3.7860467
1.001395970582962,3.169232
0.9466722011566162,3.0824406
0.9723802506923676,3.9181905
0.8039538860321045,3.6797261
0.739854484796524,3.4634085
0.629486009478569,2.8016605
0.8144292831420898,3.810335
0.7844828069210052,3.6476755
0.6646719574928284,3.2075696
0.9525146782398224,5.6077666
0.9050096273422241,5.3516293
0.929546594619751,5.9356823
1.0093213319778442,6.8916802
1.0098358988761902,6.911539
0.9979376196861267,6.240039
1.0416678190231323,6.2195992
1.2177141308784485,7.209179
1.1395273208618164,7.924405
1.2154549360275269,7.9045677
1.2119911909103394,7.8065944
1.1306684911251068,8.431166
1.1334841847419739,8.322048
1.2030158638954163,7.164
1.187246859073639,7.749308
1.0572762191295624,7.785813
1.2096663117408752,8.100717
1.3492817878723145,7.949266
1.303144097328186,8.3909445
1.4238266944885254,7.791385
1.4114407896995544,8.274343
1.4390733242034912,8.400683
1.501023769378662,7.9771757
1.4931586980819702,7.395685
1.5810741186141968,6.504827
1.6576391458511353,6.5908895
1.5912451148033142,7.4993014
1.5296522378921509,7.6893597
1.583333969116211,7.059801
1.5025769472122192,7.1680093
1.6039124131202698,6.734918
1.5431330800056458,6.2936306
1.6227819323539734,5.293787
1.729256510734558,4.6388645
1.5676524639129639,5.484894
1.6080394983291626,5.716027
1.6409661769866943,4.8358164
1.6742826700210571,4.9643574
1.7135000824928284,4.7971053
1.5616218447685242,5.1424375
1.657046139240265,5.549766
1.5554457902908325,6.3582516
1.53596031665802,6.602519
1.4991440773010254,7.1272626
1.5126182436943054,7.049633
1.5591329336166382,7.4206514
1.5038871765136719,7.010075
1.4111510515213013,7.5894685
1.4565924406051636,7.303421
1.4204409718513489,7.444604
1.433353304862976,6.8921266
1.3488367795944214,7.9558372
1.3594332337379456,7.942011
1.3712947368621826,7.33422
1.3438695073127747,7.6251044
1.3834476470947266,7.84198
1.3386226296424866,7.980551
1.3765425086021423,7.71383
1.341369092464447,8.097584
1.4619507193565369,8.150158
1.4257133603096008,7.2680097
1.3306695222854614,7.3216324
1.281999111175537,7.7124352
1.4483548998832703,7.994094
1.4090275764465332,7.7906523
1.3980096578598022,7.598907
1.4201716184616089,7.760023
1.3655128479003906,7.3430605
1.4106621146202087,7.4820094
1.2554746270179749,8.034215
1.2592554092407227,7.6554976
1.2616689801216125,7.8745785
1.3551603555679321,7.6827316
1.3271377682685852,7.6443844
1.2969290018081665,8.212819
1.279194414615631,7.6057644
1.327258825302124,8.252745
1.3111345767974854,8.096934
1.2794466614723206,7.54042
1.2096080780029297,8.239215
1.2842506170272827,7.8175945
1.2881298661231995,8.257488
1.2974717020988464,8.0547285
1.3391483426094055,8.417937
1.33868807554245,8.021724
1.2827999591827393,7.390422
1.3056691884994507,8.614402
1.3040302991867065,7.527258
1.4156575798988342,7.922366
1.3362168073654175,7.966936
1.2797008156776428,7.4748874
1.372253656387329,8.063351
1.2752032279968262,8.596114
1.2838680744171143,7.735061
1.392598807811737,8.408908
1.4036195278167725,7.784546
1.3975690603256226,7.707608
1.363095462322235,7.3418856
1.2372909188270569,8.66089
1.2048861384391785,7.743549
1.2805386185646057,8.222739
1.2938759326934814,8.886936
1.2948029041290283,8.541786
1.2684933543205261,8.4721985
1.2602953910827637,8.036716
1.2357046604156494,8.581026
1.1784276068210602,8.239271
1.148894727230072,7.3409705
1.2113766968250275,6.911397
1.2530024647712708,8.688359
1.2593740820884705,9.185012
1.2988945245742798,8.992218
1.2112590074539185,8.609255
1.2495827674865723,8.022888
1.2265183329582214,8.426493
1.3076491355895996,7.7053475
1.2234385013580322,7.522775
1.2711283564567566,8.372506
1.220251202583313,8.664887
1.1909257769584656,8.110695
1.1980804204940796,7.3545156
1.2166099548339844,7.5570583
1.0165942311286926,7.2353787
1.145947813987732,8.249251
1.1511389315128326,8.201446
1.2158522605895996,8.48501
1.170604556798935,8.802403
1.217929720878601,8.750422
1.2173557579517365,8.71635
1.1495132446289062,8.832152
1.1434430181980133,8.2911
1.1824214458465576,7.9298825
1.1641364097595215,7.7614827
1.1695101261138916,7.991288
1.0479426980018616,7.958881
1.0549632906913757,7.6210423
1.1396635174751282,8.606707
1.0397450625896454,8.539737
1.0742131769657135,8.736235
1.1078259348869324,9.19794
1.1288659274578094,8.314273
1.1640282273292542,9.244004
1.162218153476715,7.963579
1.0877491235733032,8.023938
1.0659027099609375,8.556626
1.0815781950950623,7.988237
1.0746791362762451,7.914524
1.1391790509223938,8.576157
1.0980135202407837,8.905145
1.091813713312149,9.210226
1.1461830139160156,9.006572
1.223990023136139,8.768061
1.1203489303588867,8.843078
1.1513804197311401,9.552928
1.1821017265319824,9.546156
1.223316729068756,9.083644
1.1578448712825775,9.105344
1.1669954061508179,8.25728
1.2591688632965088,9.918409
1.2067038416862488,8.986836
1.1577580273151398,9.598961
1.1760947704315186,9.240549
1.1829713582992554,10.394096
1.223989486694336,9.3492565
1.2034575641155243,9.102117
1.161978840827942,9.622738
1.1360457837581635,8.857349
1.0845739245414734,10.1151905
1.146862119436264,9.679873
1.0915929675102234,9.2410145
1.2146093845367432,8.767186
1.242400586605072,8.928205
1.0770934522151947,8.584057
1.2318413853645325,8.830593
1.1242355108261108,8.449563
1.1818355917930603,8.693823
1.0428412556648254,8.945012
1.0605488121509552,8.880782
1.0894310176372528,8.803798
0.981602132320404,8.400197
1.0950475931167603,8.392798
1.0953280925750732,8.287868
1.0625710487365723,8.724418
1.1185809671878815,9.672316
1.0529301464557648,9.252786
1.0226739048957825,9.212066
1.0043014287948608,9.158372
1.051927775144577,9.619273
0.9375172555446625,8.5846615
0.9629167020320892,9.387024
1.082275152206421,10.39843
1.0692572593688965,10.932969
1.1472153663635254,8.380893
1.0127798318862915,8.745557
1.003221482038498,8.2309065
1.0343340039253235,9.411717
1.0178930163383484,9.510458
1.0490608215332031,10.388182
1.0942009091377258,9.307468
1.1676310896873474,8.886623
1.079797387123108,9.972952
1.1064226925373077,8.380143
1.1626553535461426,10.081354
1.19279944896698,10.703112
1.0208021104335785,8.504904
1.0383083522319794,8.962079
1.0380512475967407,8.641085
1.1578590273857117,10.540892
1.1401476562023163,8.510121
1.1444281339645386,10.20716
1.1451658010482788,8.755373
1.0805444121360779,8.932494
1.1126775741577148,9.762988
1.0294352769851685,10.465259
1.0245774686336517,8.526105
0.9972368776798248,9.372131
0.9840930700302124,9.524998
1.1368505954742432,10.301684
0.9843572378158569,8.030285
1.0692931115627289,9.554109
1.0681772232055664,9.351474
0.9676607847213745,9.675678
0.9809808135032654,8.251857
1.097527414560318,8.996482
1.1384721100330353,9.84405
1.123783141374588,10.578605
1.1787673234939575,10.127259
0.9271220564842224,11.308379
1.000189185142517,9.561738
1.0673665404319763,10.531736
1.0400263965129852,9.153616
1.07852503657341,9.71732
1.0361527800559998,9.49167
1.064799427986145,8.931031
1.067856788635254,10.101058
1.1003881096839905,10.368504
1.0620587766170502,9.242525
0.9963614344596863,10.630061
1.0393438637256622,9.305394
1.0524374842643738,9.404506
1.0721397399902344,10.855314
1.0961666703224182,10.097475
0.9906193912029266,9.504906
1.0309138298034668,8.459443
0.9511677324771881,8.867913
1.1192303895950317,12.217883
1.1240065097808838,11.482039
1.0438113808631897,9.441074
1.0849485993385315,9.637472
1.0686834454536438,9.056682
0.966196596622467,10.273387
0.9933350086212158,10.555341
0.9812446236610413,8.970559
1.159207969903946,11.286975
1.0448750257492065,10.966983
0.9700251817703247,9.967308
1.0094466805458069,11.208134
1.0265843868255615,10.743259
0.9444926977157593,8.989967
1.0627857744693756,9.772864
1.0747342705726624,9.401829
1.0433037281036377,9.864196
0.9651354551315308,8.434911
1.056748390197754,8.084502
1.0466887950897217,11.000946
0.9611663818359375,10.135797
1.0635181963443756,9.200658
1.0808823704719543,10.874104
1.0759685933589935,11.591911
1.0411522090435028,10.186116
1.1556587219238281,9.662968
1.038341760635376,10.579106
0.9784356355667114,9.3828945
0.9610939919948578,9.808789
0.9765568375587463,9.114331
0.9691662192344666,8.44158
0.9775121212005615,10.126476
0.8624535202980042,9.679613
0.9906890392303467,9.1405325
1.023449867963791,10.283262
1.0312962532043457,9.0912895
0.9922540485858917,9.531422
1.0415191054344177,10.823025
1.0902336835861206,8.726922
0.9897499084472656,10.112666
1.0040209293365479,11.8748455
0.9828832149505615,11.850876
1.0106644034385681,10.431777
1.1036317348480225,9.724486
1.0092297792434692,11.675234
0.9165734648704529,9.362869
1.033661961555481,9.16431
0.9901513159275055,9.646398
0.9559284746646881,10.417409
0.8847133815288544,9.582462
0.932050883769989,11.897948
0.994927704334259,12.48725
0.9254719316959381,9.644525
0.9654678106307983,8.880719
0.9695082306861877,9.703427
0.8722396194934845,8.147232
1.05799999833107,10.891379
0.9692253321409225,9.352064
0.9831708371639252,9.773894
0.9500507116317749,11.077934
1.0340664982795715,8.736366
1.1095470786094666,10.041779
0.9702456295490265,9.827634
1.0121122598648071,10.740106
1.1008982062339783,10.992241
0.9720777869224548,10.713141
0.8887953460216522,9.835364
1.1293863654136658,9.951837
1.0290844440460205,9.52045
1.0296066403388977,10.853408
0.9714086651802063,11.304128
1.0156347155570984,11.14402
0.9869464039802551,10.397625
0.9643741846084595,10.054225
0.9699555039405823,10.139367
0.9301979839801788,9.337995
0.9548069536685944,10.679598
0.9676523208618164,10.043166
1.0074199736118317,9.755494
0.9791548550128937,10.360924
0.987586498260498,10.168432
1.0178769826889038,9.669382
1.0453253984451294,9.02765
0.9557424187660217,10.916812
0.9419440925121307,9.374932
1.1320477426052094,10.963342
1.0162972211837769,10.289897
0.965797483921051,9.265462
0.960555762052536,9.406459
0.8992511034011841,9.304321
0.9774527549743652,11.00701
1.1217124164104462,10.950032
0.9939305186271667,9.968584
0.8589868545532227,11.566086
0.9653444886207581,11.588712
0.9616541564464569,8.774649
0.9283743351697922,9.23669
1.0743844509124756,10.707599
0.8985370397567749,9.673913
0.9745874404907227,10.835822
1.1003180146217346,9.994204
1.0535045266151428,9.735609
1.0695161819458008,10.472885
0.885937511920929,9.641828
1.0287221670150757,11.566307
0.8871370851993561,11.287646
0.9282931983470917,8.372194
0.943371444940567,8.590255
0.955834150314331,9.721002
0.9936479330062866,10.719271
0.8808072954416275,9.03172
1.0198095440864563,11.536583
0.986506462097168,8.139753
1.0098101496696472,9.800475
0.883789598941803,10.039379
1.0651312470436096,9.96094
0.9796682298183441,10.134863
0.9025499522686005,10.800963
1.0045356154441833,10.668849
0.9204877614974976,9.723529
0.8872532844543457,11.502915
0.813251256942749,11.157087
1.0917312800884247,10.805755
0.9093021154403687,11.499149
1.0009566247463226,11.03379
1.0112825632095337,9.1721525
0.9148319661617279,11.338754
0.9690593779087067,7.631844
0.9815781712532043,11.644728
0.8485506772994995,10.145185
0.9035444855690002,9.731984
1.0327239036560059,13.09281
0.9865278899669647,9.365462
0.9322236180305481,8.004438
0.934368908405304,10.448745
1.001595139503479,12.651367
0.8867923617362976,9.057664
1.0652922987937927,9.398214
0.9836987257003784,10.210799
0.9207598268985748,9.196529
0.9777711033821106,8.932529
0.8944007754325867,9.302251
0.9969269335269928,8.67914
0.919660210609436,9.140903
0.8533362746238708,10.0058
0.9868305623531342,9.708413
0.942190408706665,12.227977
0.9471830129623413,8.58355
0.9574984908103943,8.87091
0.923549622297287,8.3057375
0.9214919805526733,9.029855
0.8870269358158112,10.28471
0.936241090297699,11.21466
0.9066233336925507,10.406717
0.8993352055549622,10.839229
0.8450028598308563,9.466473
0.9414433836936951,10.00228
0.9725326597690582,6.649553
0.824890524148941,11.045546
0.889685183763504,6.6110773
0.8953508734703064,9.667186
0.9443490505218506,10.486401
0.9729529023170471,11.329337
1.0968997776508331,9.216122
0.8253569006919861,11.28518
0.9261988997459412,8.444077
0.9667266607284546,10.928507
1.1275931596755981,10.549548
1.0349180102348328,10.774846
0.9746736288070679,10.523573
0.9514420628547668,9.854645
1.1568626463413239,11.347132
0.9536710977554321,11.282
0.9167323112487793,10.402629
0.9009581208229065,8.541286
0.845375657081604,9.651828
0.9000426530838013,9.761705
0.9930310845375061,8.6498995
0.8492775857448578,7.6176577
0.9210202693939209,11.5550995
0.9670130908489227,9.394872
0.8912929594516754,8.871372
0.9288413524627686,8.372318
0.9423313736915588,9.309413
0.8993666470050812,8.602509
0.895712286233902,8.410576
0.8817223310470581,9.426
1.0340189337730408,10.047749
0.9258676767349243,9.417577
0.8900458216667175,8.773135
0.9355977773666382,6.496238
0.94214928150177,8.427861
0.9015873968601227,10.437545
0.9208776652812958,7.0447826
0.9706542789936066,8.102899
0.9010830223560333,7.8870387
0.8551528751850128,8.91988
0.9088031649589539,8.890248
0.8227565288543701,9.831133
0.9697868227958679,12.327632
0.9718758463859558,8.132811
0.9098100364208221,9.374809
0.9114658236503601,11.079662
0.9691131114959717,9.455167
0.9787265658378601,8.588349
0.9351947903633118,8.712807
0.8269428014755249,8.613463
0.9094197154045105,10.023847
0.9250370860099792,7.7518554
0.9263147711753845,11.808997
0.9418424367904663,9.415138
0.9067895412445068,9.201856
0.9439254403114319,9.915732
0.892236053943634,8.865433
0.905899703502655,7.0592184
1.0086982250213623,10.031432
0.8755681216716766,9.192262
0.9041224420070648,8.115114
0.8692901134490967,10.144015
0.9189552068710327,8.873099
0.9127877354621887,10.47195
0.9331980645656586,11.040379
0.932524174451828,8.620105
0.8706554770469666,7.7106037
0.9620631039142609,8.39593
0.930548906326294,8.118214
0.7886370122432709,7.517503
0.9030634164810181,7.261381
0.9146589040756226,7.9800153
0.7432355135679245,7.4656653
0.9659317135810852,10.496107
0.9804014563560486,9.690173
0.9374749660491943,7.324048
0.8335826396942139,8.009302
0.9104571342468262,8.60332
0.8356612324714661,9.305352
0.8994051814079285,8.617001
0.8973369300365448,8.513456
0.9897603392601013,9.742284
0.8780123591423035,8.080126
0.877539873123169,9.641331
0.8810463547706604,8.170984
0.9666799902915955,7.970658
0.8404759168624878,7.6440835
0.8227414190769196,8.650005
1.0426900088787079,10.062719
1.0358176827430725,7.152032
1.0304993391036987,7.823593
0.8592833280563354,10.291584
0.8138425350189209,9.477414
0.8964544534683228,8.705896
1.0249156951904297,7.2253437
0.91944420337677,7.676681
0.8526571393013,8.65252
0.9053509831428528,8.760806
0.9181419610977173,6.8417406
0.9294151663780212,7.640641
0.9152837991714478,7.150056
0.9595088958740234,8.437753
0.9219313859939575,8.694908
0.8805209398269653,8.909614
0.851891964673996,8.345093
0.8080619275569916,6.638987
0.9159857332706451,9.1157675
0.8482708036899567,5.5716558
0.8706914186477661,8.9213085
0.9260453283786774,8.152552
0.9182821214199066,7.5689597
0.915568470954895,8.35714
0.9671363234519958,8.509805
0.9105785489082336,7.7528605
1.051884651184082,10.10638
0.8039424121379852,6.309374
0.8025363385677338,9.405338
0.94350266456604,7.531809
0.9625073671340942,8.081518
0.795083537697792,7.1002727
0.8578564524650574,8.41601
0.8983374536037445,6.749536
0.9070987105369568,7.4680867
0.8863430470228195,8.475268
0.9918107092380524,6.1756835
0.8916603922843933,8.147684
0.879850447177887,7.7650113
0.8792982697486877,8.321092
0.9537827372550964,7.512141
0.8855087757110596,8.643668
0.9237521588802338,6.919884
0.8881560266017914,7.9381304
0.8308279812335968,8.347511
0.9466318488121033,7.2459493
0.9537421762943268,8.005856
0.9776387214660645,7.5094967
0.8959676921367645,7.52348
0.878300666809082,8.026674
0.9514839053153992,8.191433
0.819033682346344,7.280899
0.9169937372207642,8.235257
1.056300789117813,7.5582495
0.91242915391922,9.07074
0.9652432203292847,8.299046
0.9912620782852173,7.105495
1.0488304495811462,7.7301564
0.9352205097675323,5.702066
0.769633412361145,8.97976
0.8897747099399567,8.075349
0.9445688128471375,8.439908
0.910071074962616,8.3423
0.992033839225769,8.199928
0.9553664922714233,8.572135
0.9963794052600861,7.8209915
0.9427271783351898,7.2097726
0.9238520860671997,6.7070484
0.9286820590496063,5.420716
0.9591796100139618,6.8406234
0.9909816384315491,7.1153154
0.8649344146251678,8.287841
0.9691702425479889,5.178128
0.9684037864208221,8.254254
0.9687889814376831,7.813346
0.826127290725708,7.2764034
0.8793587684631348,6.4040365
1.0672782063484192,7.4990067
0.8576236069202423,6.4763103
0.9166029989719391,6.814274
0.8908474445343018,7.0349526
0.871692419052124,8.711575
0.8366777002811432,8.109235
0.9262321889400482,7.8095136
0.9515310227870941,7.59863
1.055886149406433,7.2959847
0.8469437658786774,7.061697
1.0096306800842285,7.17879
0.970373272895813,7.166287
0.9433141946792603,7.5276985
0.8868264257907867,7.4142714
1.0094290375709534,7.0549664
0.9302332997322083,8.0494175
0.9814987778663635,6.624218
0.8674895763397217,6.6712317
0.9658927917480469,7.3844
0.8934616446495056,7.2665763
1.0130007565021515,6.3829217
1.0300532281398773,6.6322184
0.9533355236053467,7.5732164
1.103560984134674,8.347067
0.9545708000659943,6.9842997
1.0320949256420135,6.4702153
0.9199327230453491,7.367269
1.015578031539917,7.074935
0.9721645712852478,7.6277137
0.8185988664627075,5.627116
1.1001703441143036,8.244617
1.0061907768249512,7.8731375
0.9852160513401031,7.208775
0.9326823949813843,8.150714
1.0002488493919373,6.9436636
0.8895361721515656,8.124237
0.9494113922119141,7.548945
1.045324444770813,6.4387174
0.9953851103782654,6.190528
1.0122810304164886,6.399797
0.9766565561294556,8.180632
0.9630800485610962,7.5720334
0.979406476020813,7.1158924
1.005156695842743,6.6351824
0.9567688703536987,6.7880144
0.8993379771709442,7.6725607
0.9889355897903442,8.27303
0.9240638911724091,7.4113746
0.9331057667732239,6.5053906
1.0461797714233398,7.6250253
0.9120611548423767,6.5193186
0.9114801287651062,6.9210544
1.0151410102844238,7.66648
0.9786682724952698,7.1315346
0.9852929711341858,8.311007
1.0307708382606506,7.9514747
0.910874217748642,5.9641457
0.965170830488205,7.5903234
0.9389261305332184,6.570399
1.0136290490627289,6.105091
0.9401373863220215,6.267021
0.8904765248298645,6.7312365
1.0002461075782776,7.8779254
0.8929592669010162,6.245965
1.0053341686725616,7.55436
0.9769788384437561,7.7233896
1.0075647830963135,9.4715
1.0231941938400269,7.2156677
0.9922187328338623,7.7768807
0.9786643385887146,7.448489
0.9151845276355743,5.9235573
0.9437347948551178,7.173172
1.041955143213272,7.3130264
1.1487919092178345,7.2859836
0.9485923647880554,7.527717
1.0627728998661041,7.3584943
0.9376674890518188,8.434133
0.9550489485263824,6.129357
0.8970862329006195,7.6380625
1.0663129687309265,8.98039
0.9552103281021118,7.97746
1.0530688762664795,6.656544
0.9643053710460663,7.7067485
1.0246853232383728,8.0222845
0.8929640054702759,6.3947434
1.041773796081543,7.09505
0.9932557940483093,7.70582
0.9143607914447784,6.5992646
0.8532658070325851,6.8684697
0.9158619493246078,8.305323
0.9668573141098022,7.895615
0.9918747544288635,8.376067
0.8608910143375397,6.875262
0.962697833776474,7.437439
0.9834779500961304,7.3832617
1.0210497081279755,6.306442
0.976920872926712,7.5508366
1.022031307220459,5.8629565
0.9735183119773865,7.539747
0.9718940854072571,7.883827
1.0177173614501953,7.551319
1.111579179763794,8.157715
0.947741687297821,7.6728644
1.0853993892669678,6.772912
0.9196281135082245,6.609542
0.9167336821556091,5.5518947
0.9660751819610596,7.8199496
1.0480459332466125,6.2127995
0.9661448299884796,7.2094626
0.9214291870594025,7.276989
0.9888114333152771,7.964858
1.1226752996444702,7.039728
0.9558031857013702,7.6438236
0.913204550743103,6.3077645
0.9782724380493164,7.07563
1.0040505528450012,6.490204
0.902566522359848,6.9117846
1.0378218591213226,7.2515073
1.0509147346019745,6.774042
0.9115862846374512,6.968891
1.008372277021408,7.7942686
0.950150802731514,6.7311435
0.972690761089325,6.541627
0.9756428599357605,8.251952
0.9694741070270538,6.278058
0.9127596020698547,6.4311085
1.0192226469516754,8.315672
0.9693127870559692,8.025123
1.0592661201953888,7.40545
1.042985439300537,7.0479264
0.9099836051464081,7.1123424
1.0294783115386963,6.8137984
1.1579688787460327,8.005261
0.9694292843341827,6.8177333
0.8488846868276596,7.756482
1.020460844039917,7.885419
0.9494245052337646,6.799704
0.9118973910808563,6.028
1.0053426027297974,7.4649115
0.9771726727485657,8.117721
0.9974274039268494,7.477703
1.0708773136138916,5.7916408
0.9805073142051697,6.142733
0.9530424326658249,7.219319
0.8903533816337585,6.618403
0.9818637371063232,9.271783
1.1056118607521057,7.108941
0.9490839242935181,9.06229
0.9272000789642334,5.36119
0.9719573855400085,7.125203
0.9728303551673889,7.1371627
0.9663886725902557,7.0787435
1.011657863855362,7.4535937
0.8959707021713257,7.575397
1.060640037059784,6.777927
1.015999674797058,6.8849716
1.0313122272491455,7.2559185
1.090682029724121,6.3145022
1.0269354581832886,7.213793
0.9484447240829468,6.812988
1.0226731300354004,6.2986326
0.9742843806743622,6.986758
1.0464569330215454,8.441839
1.0968852639198303,7.3583665
0.968562126159668,7.615706
0.9986355900764465,7.4984035
1.02488175034523,9.646059
1.077145516872406,7.445954
0.9026601910591125,7.6483674
0.9886821508407593,5.9071417
1.00949227809906,8.144328
0.9661823511123657,7.1861644
1.033067673444748,7.388314
0.9150503873825073,8.812406
1.0383986830711365,6.687642
0.9059937596321106,7.149783
0.9672591984272003,6.8518295
0.8921826183795929,6.9632215
1.0450039505958557,8.274395
1.1661663055419922,8.016557
1.0699250102043152,7.513167
1.0331700444221497,6.4566693
1.042027235031128,8.269228
1.0211601853370667,7.7165723
0.878385916352272,6.094719
0.9206336736679077,7.8260155
1.0913172960281372,6.825613
0.9911868870258331,7.287166
1.1487120389938354,9.570648
0.9660931527614594,7.156562
0.9540429413318634,6.2840586
1.07656592130661,6.676691
1.0981943011283875,8.094288
0.9586410820484161,7.058739
1.0927636623382568,8.229422
1.0253148078918457,8.699224
0.9505052864551544,7.309722
1.045840322971344,6.170856
1.037125676870346,9.360734
1.0202264189720154,7.868279
1.0009760856628418,7.801968
0.9837256669998169,7.1437035
0.8763660788536072,6.7378335
0.9965944290161133,7.7313676
0.9917376637458801,7.550937
1.0111124813556671,6.168735
1.1020908653736115,7.0072227
1.0425241589546204,6.890905
0.983147144317627,7.96749
0.9791834950447083,7.4933724
1.1389179825782776,6.6725755
1.131688416004181,7.6015654
1.0072062015533447,6.230982
1.1085519194602966,8.569276
1.0502760708332062,7.3495235
1.0240746140480042,8.414276
1.0680267214775085,6.972445
1.0458638668060303,7.377137
1.0125255584716797,9.155256
1.013645350933075,6.879245
1.086826354265213,8.509255
1.0792916417121887,6.5631504
1.011070340871811,6.3863297
1.0723916888237,7.6478114
1.0167104005813599,7.236497
0.9926531910896301,7.667571
1.02295783162117,8.215066
0.9864132404327393,7.7706046
1.1026124954223633,10.034268
0.8935767412185669,9.449206
1.027874231338501,9.117989
0.907488539814949,7.2321606
1.0879098773002625,7.7393675
0.9554200172424316,6.816684
0.994627445936203,6.473933
1.1226637363433838,7.8728094
0.9205323159694672,6.870953
1.0121039152145386,7.660946
0.9991660118103027,7.4118605
1.0345018804073334,7.0821657
1.111361801624298,7.0583405
0.9594502300024033,6.2073507
1.0221535563468933,7.5852313
0.9315702617168427,7.1259804
1.0079883337020874,7.8400187
0.9919245541095734,5.98298
0.9541066288948059,5.7473903
0.9379187524318695,7.6230035
0.9877820909023285,8.214195
1.1162240505218506,10.534066
0.8380617946386337,7.29757
0.8891313374042511,6.3822412
1.0534626245498657,7.544123
1.0266568064689636,8.319443
1.0070962309837341,6.064831
0.9342518150806427,6.202225
0.9086262136697769,8.184876
0.8960327208042145,8.895488
1.048789620399475,8.224358
1.0148885846138,7.1353245
0.9969276189804077,8.020686
0.9237319231033325,6.932204
0.9944677650928497,7.8597803
1.0084244012832642,7.1143026
0.9715511202812195,8.867531
0.9113951921463013,9.632425
0.978707879781723,7.5014033
1.0137734711170197,7.4996157
0.9874513745307922,7.7854414
1.0411261320114136,6.752008
1.1369083523750305,9.439689
0.9997309148311615,7.9401073
1.0719590187072754,7.3398542
1.0683289170265198,8.47329
1.1004644930362701,7.457857
0.9803935885429382,5.5800257
0.961212158203125,7.4481654
0.9375918060541153,8.263799
1.102214366197586,6.8869767
1.0772872269153595,7.1460795
0.9715283215045929,6.629321
0.9100998044013977,7.5027018
1.0059242099523544,6.920041
1.052796870470047,6.738143
1.0900969207286835,8.755463
1.0344323515892029,7.3658442
1.0415467023849487,5.536571
0.9956747889518738,8.428403
1.1111316680908203,9.039944
1.0688761472702026,6.983423
1.0566693544387817,7.0399814
0.9976505935192108,7.824825
1.0621805787086487,9.244896
0.9546254426240921,8.711595
0.9686553627252579,7.286232
0.9732962548732758,8.246678
0.8893715292215347,6.3759074
0.9240400791168213,6.6845775
0.9815839529037476,8.314326
0.9391816258430481,7.0138984
0.8975023329257965,7.142654
1.079193115234375,8.138606
1.0476818680763245,6.3522663
1.018860399723053,6.999296
1.047878384590149,7.650372
1.0296880602836609,8.286886
0.9916744828224182,5.4505563
0.9920257329940796,6.642336
0.9370430707931519,7.171265
0.9180889427661896,7.9013233
1.0315085053443909,8.617358
0.9481304287910461,7.2411637
1.0047764778137207,6.792179
1.0416390895843506,7.170256
1.0435938835144043,6.435194
0.9930161237716675,5.2333026
0.9664279818534851,6.10733
1.0198063850402832,6.7581973
1.1193652749061584,8.822182
0.8590169697999954,9.486855
1.0945879518985748,6.9773874
0.9182673990726471,7.384042
1.0659708380699158,6.6422133
1.0767299830913544,7.506686
1.034343659877777,6.4350243
0.9678689539432526,7.2105503
1.040367841720581,6.8545136
1.028570607304573,7.797365
1.05169215798378,5.2266665
0.9832355380058289,7.204273
0.902180016040802,6.349568
1.0467531085014343,8.707536
1.046360045671463,6.6833906
0.9597758650779724,7.447525
1.0232231318950653,7.6475744
0.9684158265590668,6.2539735
0.9554932862520218,6.4936724
0.9890234768390656,6.163197
0.8846858739852905,7.199628
0.9683133661746979,6.0684814
1.030843198299408,7.204889
1.041206806898117,7.596534
1.0673587918281555,6.536124
0.9870855808258057,6.9038625
1.0214875936508179,8.366572
1.0533859133720398,7.221928
0.9598133563995361,6.8490415
0.9871589839458466,6.747181
1.0255201160907745,7.274001
1.1027528643608093,6.6017323
0.9142462760210037,7.251463
0.973305732011795,8.104016
0.9817838072776794,8.038255
0.9934657663106918,5.5595174
0.9575833976268768,6.4810977
1.0433555245399475,7.9775553
0.86198890209198,7.2441454
0.9485679268836975,7.669428
1.0391290187835693,7.2510586
0.9442959129810333,6.656055
1.0381252467632294,7.195444
0.9486222863197327,6.1016126
1.0606950521469116,8.070515
0.8569151759147644,7.9668694
0.9755799174308777,7.1387134
0.9420772194862366,6.4236064
1.0854036211967468,7.3771152
0.9517351388931274,6.068975
1.0787619650363922,5.703417
0.9366964548826218,6.740965
0.9403023421764374,8.656302
0.9859418421983719,5.1209993
0.8882403075695038,6.833921
0.9438634216785431,5.782257
0.9624850153923035,8.873227
1.0425478219985962,6.745608
1.000918835401535,7.979958
0.9549888968467712,7.838745
1.0813534259796143,6.6744723
1.01195727288723,7.744111
0.9821696281433105,5.8986664
0.9454643726348877,7.252606
1.022971659898758,7.071718
1.0445865392684937,6.616729
0.9609325528144836,7.406955
0.9838472902774811,8.803285
0.9667934775352478,8.236289
1.0115192532539368,7.8929605
1.0196835100650787,6.220065
0.9972078204154968,6.887372
0.9872535169124603,6.792497
1.0412611067295074,6.7478714
1.019256591796875,6.4008493
1.1083447635173798,7.351156
0.8272951394319534,5.946924
0.9389562904834747,6.1514525
0.9587543606758118,5.9085064
0.9058910012245178,7.817972
1.000546544790268,5.0238333
0.8506096303462982,8.664856
0.8879751116037369,7.1153746
0.9923122227191925,8.197124
0.9735403060913086,6.5345893
0.9086552262306213,7.6219974
1.1119447648525238,6.0458336
0.9707766622304916,8.205582
0.8924991488456726,6.6981583
0.917183443903923,7.602096
0.8913381099700928,7.298947
0.8388637006282806,7.099175
0.9407500624656677,7.7560453
0.9782539159059525,6.2840304
0.9821505695581436,8.943754
1.0008130371570587,7.224346
0.9699498414993286,6.8992443
0.9960022270679474,6.378059
1.0116023868322372,6.990234
1.0012123733758926,7.5054045
0.9957647025585175,6.558621
1.1126339435577393,6.685221
1.0933423042297363,6.7777824
1.0223994553089142,7.2510777
1.0892650485038757,7.1996646
1.034989595413208,6.6854377
0.9768492579460144,6.2955647
0.9767851680517197,7.839266
1.0583119690418243,4.802007
0.9846340268850327,6.6376524
1.060737282037735,7.3624315
0.9114260375499725,6.8503757
1.1271975934505463,7.2178555
0.9178146421909332,5.9172063
0.909724161028862,8.355259
0.9455587863922119,8.993488
0.8733592331409454,6.7945647
1.0381964147090912,6.5697136
0.9690718054771423,6.0132484
0.988228052854538,5.603271
0.9086197540163994,7.7758994
0.9563356935977936,6.8651204
1.1022989153862,6.5038834
0.8596757352352142,4.937351
0.9663167893886566,6.8629174
0.9975852966308594,5.747667
0.9798030704259872,5.4502015
1.049909695982933,6.47888
1.0969032645225525,6.186241
1.0392738282680511,7.0526757
0.9968535900115967,6.5752993
0.9823273420333862,6.194977
0.9908315688371658,7.813331
1.0589289963245392,7.554026
1.1097142100334167,6.3766165
1.0228253304958344,6.275633
0.9883087128400803,7.0183454
1.0985305309295654,6.7860847
1.1144102811813354,5.9686494
1.0480114817619324,5.664413
0.9098273813724518,5.2450595
0.9353018701076508,8.741059
1.0592465102672577,6.1330824
0.9646826386451721,7.9574504
0.8780562579631805,6.082918
1.0340455770492554,6.2988405
0.8943421393632889,6.1020293
1.0370254963636398,8.145139
1.0206899791955948,5.5354714
0.9630405008792877,5.362558
1.0766561478376389,5.6539125
0.9806641042232513,4.555302
0.9188399165868759,5.647052
0.9415306150913239,8.057737
1.0858730375766754,6.2053347
0.8701548725366592,5.0601726
0.9820555448532104,8.336908
1.029554307460785,7.364356
0.9799138605594635,6.0783415
0.9559836089611053,8.070898
1.111525684595108,6.336097
1.034640520811081,6.577732
0.9689960479736328,9.012045
1.0406732261180878,7.0435944
0.9550456404685974,7.693046
1.086515873670578,6.779857
0.8825546652078629,7.720774
0.9230867624282837,7.279031
1.0295926332473755,6.2250843
0.9691364914178848,5.5353494
0.9359285831451416,6.558708
0.8984459936618805,6.046234
1.0636383593082428,6.334836
1.0139150321483612,6.636339
0.8973132222890854,7.9443426
0.9454391151666641,5.472212
1.016870841383934,5.0866213
0.9429899007081985,8.748015
0.8982193917036057,6.120112
0.9809514582157135,6.8721333
1.0220629125833511,6.5840483
0.8936030268669128,5.687433
0.9951118230819702,8.0673065
0.9617296755313873,5.265422
0.978337436914444,8.615987
1.0027433931827545,4.621236
0.9227839112281799,6.2740216
1.0745197534561157,6.954917
0.9883719682693481,6.767138
1.0398392081260681,8.78888
0.9347355365753174,4.603049
1.0110125094652176,7.008414
1.0069743394851685,6.614972
0.946439117193222,7.0892377
0.894486129283905,7.3017945
0.9068579971790314,5.324293
0.9382127374410629,5.652983
0.9327176809310913,8.092963
1.1096541285514832,7.2537417
0.9914983510971069,5.7487874
1.0247114300727844,5.8367615
0.7864841222763062,5.234837
1.0896891355514526,5.915679
1.1378024220466614,6.63228
0.8812635838985443,6.7660923
1.0300542712211609,6.9593515
0.9057289361953735,5.827183
0.9934012293815613,6.654209
1.0464676916599274,7.5492053
1.0533795654773712,6.4586115
0.9350287914276123,6.734881
1.0124154388904572,6.4981446
0.9717939794063568,6.672817
1.0687337219715118,7.1316576
1.0385708808898926,5.7356334
1.0172782391309738,5.3677764
1.011579468846321,9.255909
1.0106297135353088,6.372803
1.002886712551117,4.236922
1.0059075951576233,6.6381164
0.9143595397472382,6.267119
1.0568395555019379,4.9216323
0.9991820603609085,8.635554
1.0001612901687622,5.0133395
0.9935766607522964,5.0338492
0.9426878839731216,5.5484266
0.9804739356040955,7.2704353
1.0623901784420013,8.768856
1.0029296576976776,6.7756205
1.0340789556503296,7.5470395
0.9390865862369537,7.3342485
0.8844137787818909,5.3384485
0.9439569264650345,5.4763856
0.982932060956955,4.1161175
0.938556581735611,6.950382
1.0211668908596039,7.8938885
0.9767068028450012,7.4131513
1.027500331401825,6.254002
0.8995485007762909,4.840439
0.9960060268640518,5.0237746
0.9976255148649216,6.9546027
0.8986773490905762,6.455102
1.0510368347167969,4.6939306
0.9764946699142456,7.0105453
1.0107117593288422,8.011347
0.9285263121128082,7.5136023
1.0829398930072784,6.7020965
0.9803074598312378,8.668218
0.9945164024829865,6.597733
1.1040443778038025,7.8727503
1.024150624871254,7.761683
0.9240631014108658,5.704671
0.9290713369846344,6.04703
1.1093800365924835,8.142681
0.9694367349147797,6.1840997
1.1101447939872742,6.5853753
1.031233623623848,8.107238
1.0651972740888596,8.729484
0.9957097172737122,5.6572022
1.0259004533290863,7.479771
1.0352809429168701,6.626829
0.9647058695554733,7.1305895
1.0220020711421967,5.729892
0.8635741323232651,5.1884165
0.9861544519662857,6.603304
1.0387277603149414,6.9331865
1.0001745820045471,6.5725904
0.9343672096729279,4.867746
0.9826768785715103,8.924796
0.9014277905225754,7.7211246
1.0841909050941467,8.134502
1.0520564913749695,7.13881
1.003177672624588,5.8715053
1.0031388401985168,7.0016894
0.959250271320343,6.8656
1.0231147706508636,6.3129396
1.0357606410980225,6.5322127
0.8804396092891693,7.1177626
1.0301275104284286,6.7828274
0.9593797028064728,6.8640065
1.0268727242946625,6.0897303
1.0044189393520355,6.777733
1.0613418519496918,6.5920997
0.9332050830125809,5.385137
1.0177680850028992,6.0786514
0.9582652896642685,7.1335354
1.0103294849395752,5.0793242
0.9954500794410706,5.664621
0.9888263046741486,6.6270485
1.060886949300766,6.146239
1.0666458904743195,7.5111446
0.9885478615760803,5.279108
1.093112826347351,6.5123954
1.0306174606084824,5.266942
0.9636190384626389,6.5272555
0.9019240885972977,6.910706
0.9534269869327545,5.941067
0.9950070381164551,8.7659
1.0178817808628082,7.4127083
0.9503271728754044,8.142003
1.00209179520607,6.852542
0.9311528503894806,6.0136666
1.0085389614105225,6.6130447
0.9783369898796082,6.7450747
1.013271301984787,6.9665794
1.0169746279716492,6.209501
0.9655687063932419,8.359314
0.9850288331508636,7.4137325
1.0236961841583252,5.6245284
1.0061131864786148,6.7929816
1.096661627292633,7.26758
0.9439757466316223,6.597463
0.9408771097660065,7.3480983
1.048938661813736,6.862799
0.9022343158721924,6.307131
0.963141143321991,6.864874
1.062602311372757,6.156591
0.9878564774990082,7.210615
0.9644148796796799,7.1300817
0.9309631884098053,5.957875
0.9582541286945343,6.20155
1.0639381408691406,8.098178
0.9461251795291901,7.7604904
1.1075923442840576,6.542416
1.1250796020030975,8.180578
1.1254344582557678,8.450238
1.1710901260375977,7.1706147
0.9425531327724457,6.4782944
1.077202022075653,6.6532984
1.136160969734192,7.2887197
1.0915489196777344,7.5938945
1.049885094165802,6.673664
1.0776790380477905,6.2842126
1.0126736164093018,6.71159
0.9793140292167664,6.4204345
0.9597474187612534,7.8388057
0.8693849146366119,7.047476
1.0693146586418152,9.214683
1.0413825511932373,6.3252287
0.9844658374786377,8.904574
0.9452680051326752,6.9922376
1.0446391552686691,6.844729
0.9615563154220581,8.652659
1.0787888914346695,7.3270583
1.060061290860176,5.1495004
0.9538720846176147,8.758649
0.9767177551984787,6.7028937
1.0238690078258514,9.757691
1.0769260376691818,6.5947967
1.0086357295513153,6.9833226
1.0796645879745483,5.460911
1.043118730187416,7.4230914
0.9554230719804764,7.324391
0.9454884380102158,6.6347575
1.048207551240921,6.738109
0.9965830147266388,7.6702423
1.0549798011779785,5.6123686
1.036377340555191,7.211313
0.9636503607034683,7.3193593
0.9985881894826889,8.38718
1.0182358920574188,5.898092
0.9043385088443756,6.1576385
0.9452845007181168,6.5313487
0.9638915956020355,5.1343727
1.000356763601303,7.11757
0.9547216892242432,7.489401
1.0118285715579987,6.6092086
0.9331092983484268,8.002748
1.014789178967476,8.249442
1.045614019036293,6.309929
1.0206580460071564,6.9126415
1.04571533203125,7.171752
0.9705780297517776,6.252934
0.9985673129558563,7.555431
1.0233948975801468,6.9780893
0.9565578699111938,6.9102445
0.9771283715963364,6.79001
0.9696308076381683,8.494855
0.9658973067998886,7.967084
0.9442500025033951,8.061143
0.9738479852676392,7.936003
1.0113045126199722,6.830988
1.0627112686634064,7.3802705
1.023598462343216,6.969029
0.995080292224884,6.8029003
0.8727156072854996,5.090938
0.9825129061937332,6.959092
1.0696753859519958,7.3080225
1.058683842420578,6.9611483
0.9749833345413208,6.916443
0.9283984899520874,7.3988914
1.0705586671829224,7.35866
1.015577718615532,6.6863856
1.0205285549163818,8.296469
1.145146518945694,6.7937703
0.9529396444559097,6.5651526
1.0702432692050934,6.5283513
1.0334174036979675,6.176513
1.0302121341228485,7.190789
0.9781067818403244,8.80731
0.9382183849811554,6.591604
1.0140104293823242,7.1146936
0.913414791226387,6.0640635
0.9427568018436432,6.958921
0.9488696455955505,8.310688
0.9971410930156708,6.90177
0.9582005739212036,5.6914406
1.0310157239437103,7.3026547
1.0597997605800629,6.2885385
0.9284877181053162,7.32218
1.0229657590389252,6.003894
1.0563059747219086,5.9215646
0.8596719056367874,6.8774896
1.0354286432266235,7.0804877
1.0273716449737549,7.4496427
0.9567610770463943,7.116196
1.1043227910995483,6.2791176
1.1033772230148315,8.17993
1.139064610004425,7.181928
1.0467582941055298,6.617538
0.9763747155666351,4.2220917
0.9591389894485474,5.9983673
0.9962899535894394,7.788456
1.0944108963012695,6.830144
0.8336992710828781,3.8447592
1.0005546808242798,8.170692
1.056079924106598,6.959198
1.034978449344635,5.8388944
0.9727960973978043,7.709411
1.0047585368156433,7.0903735
1.030580759048462,4.7867765
0.9220111966133118,7.221286
0.974731370806694,5.0211706
0.9646357893943787,9.345442
0.9732543975114822,7.2550764
0.9625487327575684,6.9097633
0.9320969581604004,7.181457
1.0600027441978455,7.5466323
1.1017692983150482,7.0457435
1.0712993741035461,8.508228
0.9870274513959885,6.7180223
1.0439461767673492,7.044573
1.0877552330493927,5.702675
0.9123816192150116,6.3648014
0.9731145352125168,6.100124
0.9276525378227234,8.508152
1.0342462807893753,7.388488
1.1056385338306427,6.724536
1.0017435252666473,6.8034124
0.9885310381650925,6.163425
1.0674839615821838,7.3202004
1.0264188200235367,6.589585
0.9020313322544098,7.73529
1.089286357164383,7.1179395
1.1158747375011444,6.9782467
0.9582009613513947,6.0520096
1.0246336460113525,6.9100013
0.9861546009778976,6.275183
1.0605251342058182,7.4901466
0.9342467784881592,7.1867623
0.9639988094568253,3.8830183
1.1558558940887451,7.4260983
0.9414471685886383,7.5913105
1.0207888185977936,5.5440445
0.9569236636161804,6.9746966
0.9775051474571228,7.881246
1.1068761944770813,6.21192
0.9601940512657166,7.44594
1.0181659162044525,7.565595
1.0662119388580322,6.9423943
0.9847850203514099,6.863367
0.9425131231546402,6.535708
1.0047832131385803,8.081407
0.9847969114780426,6.917356
0.9363996684551239,6.1570826
1.0390385389328003,6.8399563
1.0001209825277328,8.655812
0.9295476526021957,5.962364
1.0258170366287231,5.758741
1.0047080218791962,8.952294
1.0020775943994522,8.117141
0.9840332865715027,8.182612
1.0822864174842834,7.8577704
1.0200914144515991,5.048201
0.9067107737064362,7.8055973
0.9570622146129608,7.464462
0.9279113411903381,5.721783
1.0573663711547852,6.854044
0.9729194641113281,7.4962993
0.9680809676647186,7.013821
1.0761504471302032,7.033898
0.9872372597455978,8.650004
1.098453402519226,7.4704757
1.063338965177536,6.3208795
0.9671280682086945,6.718713
1.0347445011138916,5.104925
0.9668417572975159,6.646034
0.9970651268959045,8.532323
0.9967076629400253,7.516214
0.9459319412708282,6.073075
1.0249348282814026,6.353486
0.9740227460861206,4.9455867
1.025758907198906,8.967976
1.0728422403335571,6.336648
1.0499910116195679,7.222634
1.0679880380630493,6.6034513
1.0269789844751358,5.342259
1.0579370558261871,6.851816
1.0870455354452133,5.686148
0.9982153475284576,6.3550167
0.9476822763681412,5.5075936
0.9962208569049835,8.374706
0.9983775764703751,6.0754046
0.927063524723053,6.6099916
0.8607298731803894,6.32507
1.0580787658691406,6.9668207
1.00528085231781,7.3967867
0.8979572951793671,5.8541684
0.9965201020240784,7.0761886
1.0232824385166168,6.8529234
1.0528497099876404,6.8282433
0.992007702589035,5.036791
1.004647672176361,7.6063066
1.0548936128616333,6.4576206
0.9810802042484283,7.613798
1.0340044051408768,6.150477
0.9253787845373154,7.0585756
0.9588917791843414,5.8286047
1.156637579202652,7.3596063
0.9359758794307709,7.2132206
1.0277124047279358,6.428437
0.9399638772010803,5.355197
1.0745075941085815,5.197857
0.9340978860855103,5.9107547
0.9901967644691467,5.023174
0.9901530593633652,6.735088
1.0554467737674713,7.0703387
1.0945634245872498,6.1248918
0.9098173230886459,7.5598707
1.0076458305120468,7.6991067
1.0801147818565369,7.5857005
0.9281228929758072,8.637998
0.9947424679994583,8.391362
1.034164547920227,7.3585567
1.0411953330039978,7.5305037
1.0018865317106247,7.04771
0.9924544841051102,7.0497174
1.0450720638036728,5.8279223
0.9163964688777924,7.883947
0.9737645387649536,7.972419
1.015301525592804,6.067637
1.0303857624530792,6.4327397
0.9953693151473999,5.684112
1.0895142257213593,5.459659
0.9765252470970154,5.1608787
1.0174527615308762,6.146134
1.0537797808647156,5.5825047
0.969400629401207,8.791584
0.912229523062706,8.4269705
0.9965953528881073,7.6459837
1.0008420944213867,6.863866
1.0251991152763367,10.484999
0.9245113134384155,6.504093
1.0821318626403809,7.4890776
0.8899848014116287,7.8723807
1.0450652539730072,5.6367874
0.9954463839530945,7.001025
0.9807882010936737,6.3217335
1.0591585338115692,6.7546577
1.0055677592754364,4.7346582
1.0165626406669617,5.807462
1.046721339225769,5.815737
1.0943659842014313,7.2074976
0.9508727788925171,6.2496614
1.0341401547193527,6.3713393
1.0644865334033966,6.311511
0.9445260167121887,7.408899
0.9898921251296997,7.8120766
0.9211722016334534,6.2989497
1.014890894293785,4.706121
0.922930896282196,5.542923
0.9997973740100861,8.594762
1.1200079321861267,5.0013633
0.9838050603866577,4.698152
1.1454782038927078,9.495374
0.98953877389431,8.288541
0.9310977756977081,8.295316
0.9922372549772263,5.0735555
0.9084731042385101,5.0857387
0.9319249391555786,7.72302
1.005198061466217,4.9607615
0.9423355758190155,6.7958374
1.0678405612707138,4.8109827
0.9867859184741974,6.376193
0.9105815589427948,5.4972796
1.0248724818229675,7.4027905
1.020579382777214,5.9673185
0.9437060356140137,4.6092033
0.9965288937091827,8.510871
1.0232423841953278,6.671414
1.0828890055418015,8.42192
0.9417891502380371,7.486535
0.9179980605840683,9.530733
1.0382484793663025,6.7714386
0.9490332454442978,7.0935297
0.990886926651001,6.6977277
0.8851097822189331,7.636932
0.9999164491891861,6.9444814
1.0666430443525314,8.629818
0.9890380799770355,8.55995
0.9436257183551788,7.102392
1.03070268034935,7.3367944
1.0343485176563263,5.7549376
0.9546416401863098,7.267224
0.9797891080379486,7.814572
1.005029559135437,7.7638326
1.0572623908519745,6.4018755
1.1226924657821655,7.8127832
1.0279305577278137,7.2330294
0.9858308136463165,7.553174
0.9740750044584274,8.217438
1.0302972048521042,8.89885
0.9627940207719803,7.1310883
1.1335003972053528,6.573341
0.9959179759025574,7.297895
1.0815873742103577,8.897939
1.0431110113859177,8.375066
0.9992361068725586,7.55199
1.0517825186252594,7.658769
1.0589891374111176,5.7151527
0.9777618050575256,6.0854564
1.0354852080345154,5.168863
1.0783559381961823,4.7930007
0.9788391590118408,5.2147074
1.0531325936317444,6.562006
0.969320997595787,6.065789
0.9929827749729156,5.940879
0.953859806060791,5.43942
0.9778552055358887,8.447286
0.8964873254299164,7.6577506
1.0463048219680786,6.0390744
1.1220474541187286,6.2984867
1.003579095005989,5.0602765
1.1514456272125244,7.987194
0.9280950427055359,7.3062844
1.0321723222732544,6.387221
0.9784901142120361,9.235699
1.048482209444046,6.600352
0.9788942784070969,7.0549874
1.0359163731336594,5.559447
1.0275540500879288,6.6300397
1.0526868999004364,6.178726
1.0481547564268112,6.637503
0.8915434181690216,5.6002545
0.9809410572052002,5.5782475
0.9988269358873367,7.220662
0.9600969702005386,4.8170853
0.9591961801052094,6.5822296
0.9597672373056412,6.620937
1.069051593542099,6.9042244
1.0973175466060638,6.0348926
1.104319006204605,6.4103813
1.016379326581955,6.263687
0.9294608533382416,5.029204
0.9686386287212372,7.0372024
1.0154483616352081,7.8535414
1.014015555381775,7.5113435
0.9276149570941925,6.829771
1.168752372264862,6.974038
1.0911173522472382,6.666083
1.0249966084957123,6.0997405
1.0055412352085114,7.377484
0.9648834615945816,7.324098
0.9526618868112564,8.513905
0.9490223973989487,7.205521
0.9884098470211029,5.9640055
0.9813423752784729,5.3983307
0.9104280918836594,4.883178
0.9457021206617355,5.586538
1.0076570212841034,6.506369
0.9487937688827515,6.2044225
0.9334326684474945,6.7927623
1.0481062531471252,6.5399885
0.9864927679300308,8.948502
0.8869898766279221,6.5926504
0.9654708504676819,6.7566166
0.9806893616914749,6.645745
1.0559598803520203,5.8445444
0.9701703637838364,6.143447
0.9177875965833664,6.9973483
0.9761092960834503,6.399392
0.9353352189064026,6.975006
0.9469133913516998,4.8078623
1.0622707903385162,6.978204
0.9334260448813438,6.7238746
1.062079280614853,6.5233326
1.0339887887239456,7.48121
1.0167332291603088,5.922301
1.128952980041504,8.301904
0.8377872630953789,5.2582564
0.9281281679868698,8.32972
0.9657669216394424,5.873931
1.0863039940595627,4.967895
1.02163964509964,7.6575556
1.019946202635765,6.723123
0.972146213054657,7.443267
1.0429005324840546,7.280658
1.01567642390728,7.7374825
1.0527493208646774,6.7434006
1.026549443602562,5.551723
1.0498390346765518,5.899205
1.0270556211471558,5.2439213
1.0401551574468613,7.159817
1.027604192495346,7.016719
1.0410662591457367,7.338004
0.9578220099210739,7.1477094
0.9848758578300476,5.2267203
0.93909652531147,7.626488
1.0157401859760284,8.0607
0.9791958332061768,6.0738187
1.0056004226207733,7.2692
1.0484067648649216,7.3015475
1.0216694176197052,5.6103907
1.0146220028400421,5.7872987
0.9711332321166992,7.6459913
1.0423538386821747,6.383523
1.1161203533411026,6.646248
1.0672480762004852,4.7222013
0.995892345905304,6.5334916
1.0294420719146729,8.41413
1.044733464717865,4.5362725
1.0352832525968552,5.792619
1.0161869525909424,7.2006497
1.0589149445295334,9.098847
1.0529776215553284,7.107882
0.9652109593153,5.8908825
0.9853477030992508,9.761691
1.1514379680156708,6.361857
1.0395543277263641,7.276333
0.947361409664154,6.494282
0.982235386967659,6.252831
1.0422623455524445,6.5158896
1.0700028836727142,4.9914045
1.0128698199987411,7.2551627
0.9816029071807861,5.015593
1.0365594178438187,6.0724926
1.005480408668518,6.8152847
0.951541393995285,5.157226
0.9589979201555252,6.277159
0.9334814548492432,5.1536665
0.9788941144943237,7.0239625
0.9655542075634003,7.5414553
0.9547677934169769,6.670672
1.0690434575080872,6.2223577
1.0147120654582977,6.7150874
1.0016641318798065,5.0031066
0.9870643615722656,5.5401173
0.9730101227760315,6.1106806
0.9796945005655289,6.1989965
0.9969594031572342,7.4574046
1.0735339522361755,7.609553
1.0237248688936234,4.9421687
1.0503325462341309,7.031088
0.9851133227348328,6.6262636
1.0385929644107819,6.5574837
0.9575648158788681,6.4199543
1.0480497032403946,5.583174
1.0559422671794891,8.20243
1.0339677035808563,7.6012354
1.0019433498382568,5.233569
1.016794040799141,6.8205833
1.0816240161657333,8.099035
0.9756575673818588,9.290589
1.0053678154945374,8.889036
1.0186748206615448,6.040749
0.9927403032779694,8.010431
1.0942778885364532,8.47021
0.9695468246936798,6.9968076
0.9478137791156769,5.3940883
1.0290633738040924,6.828907
0.8984741270542145,6.614495
1.0007045269012451,8.065683
1.0756046772003174,7.589758
0.9277773201465607,6.466843
1.0294676423072815,4.9039106
0.9612054377794266,7.460692
0.9440006762742996,6.052188
0.9464885592460632,7.576195
0.9532483220100403,6.0662804
0.9803881496191025,7.986756
1.0009312182664871,6.7755194
1.0291151404380798,4.787459
0.9632080942392349,7.88846
1.1010524034500122,8.030438
0.9484938681125641,9.204633
0.9587128162384033,7.5525556
1.0039210617542267,6.5679226
0.9533233642578125,5.0190744
1.0170581936836243,5.144633
1.0182181745767593,6.510308
0.9193173348903656,6.22193
1.0049873292446136,7.289547
0.9743134006857872,5.558062
0.9809788763523102,6.6674733
1.1119688749313354,7.100631
0.9885112345218658,5.197863
1.0743264257907867,8.925588
1.0252147763967514,5.090248
1.0424211919307709,6.818804
1.0218789875507355,6.4993925
1.0177095085382462,4.8634467
0.9522302001714706,6.5815706
0.9992873966693878,7.1484804
1.0828604102134705,6.3071785
0.995268315076828,8.290256
1.0376237332820892,5.6659017
0.9864083528518677,7.316248
0.9610300287604332,8.925234
0.9240463078022003,7.271667
0.9856004416942596,7.5169435
1.0271919518709183,4.880939
1.042204588651657,7.2246304
0.9611011445522308,9.689046
1.0215981304645538,7.0044026
1.0188918560743332,7.464237
1.0134226232767105,7.3937078
0.9923417866230011,7.7353077
1.1220262050628662,5.9930468
1.0601525753736496,6.73792
1.0117970407009125,6.586181
0.9705967903137207,6.9971843
1.105687826871872,6.234999
1.0667214691638947,6.0576377
0.9642936289310455,6.6567698
1.0843435525894165,9.070397
0.9517969340085983,7.245396
0.9838998317718506,7.390922
1.0107662081718445,5.480638
0.8878779336810112,6.8348193
0.9544950425624847,8.350532
1.0471664518117905,7.7891703
1.0257789492607117,8.82776
0.9940162152051926,5.1627727
0.9445315599441528,7.9194617
1.025571495294571,5.3182497
0.9578301981091499,5.748338
0.9019764885306358,4.960966
1.0349944680929184,7.0376334
1.058205783367157,7.147806
1.0958098769187927,6.004852
1.0173669755458832,6.685282
1.0104248225688934,6.6967993
0.9991192519664764,7.763386
1.0176845341920853,5.626425
0.9901295900344849,7.399197
1.0526332557201385,8.967967
1.0060100555419922,5.7249193
0.9746735095977783,4.6838565
1.0289577096700668,5.245256
0.8621810674667358,6.0203223
0.9030067473649979,5.041447
0.9362287670373917,5.2050266
1.0180602371692657,8.802057
1.021964818239212,9.709983
1.030187964439392,5.4219756
1.1114462167024612,9.105717
0.938059113919735,7.392601
0.9961484670639038,6.867225
0.9754714071750641,7.2678633
1.0713759064674377,6.6043406
1.030587762594223,7.3954062
0.9715097099542618,5.9007444
1.054390013217926,9.723332
1.0062562674283981,5.3789735
1.0207730531692505,8.454434
1.04756098985672,8.794217
0.9991902709007263,5.152646
1.0282384604215622,6.421754
1.0611988306045532,7.527747
1.0402247905731201,7.2128077
1.0024603754281998,7.195068
1.0222139358520508,7.729851
0.954074814915657,7.1553063
1.0133388340473175,5.74662
1.007242500782013,4.0392175
0.9730915427207947,7.5883427
0.9730980694293976,9.7678
1.0052730292081833,6.9200287
1.0541064888238907,6.3484793
0.9679828882217407,7.853072
0.9834338426589966,7.776175
0.9427957385778427,7.2261543
0.8662295490503311,4.9307504
1.0674650371074677,9.334149
0.9352494031190872,6.8552985
0.9536290764808655,6.4148083
0.9881307482719421,8.228492
0.9581683725118637,6.9676723
0.9988489001989365,4.8489113
1.0298404395580292,5.6833587
1.0335128009319305,8.311271
0.9808039367198944,7.3670177
0.9296067655086517,5.452233
0.9772164225578308,6.2263274
1.0354450941085815,8.110925
0.9569098800420761,8.678522
0.9855868071317673,6.243333
1.0284568816423416,6.992019
0.8914754837751389,7.1754017
0.9861666113138199,7.8961697
0.9191465079784393,9.145084
0.8946593552827835,5.2922564
1.0758446902036667,7.139926
0.9310995787382126,5.0400314
1.0648337304592133,7.036729
0.9438603520393372,5.2063375
1.0278849005699158,7.611517
0.9491032212972641,5.572979
0.9640651643276215,7.885964
1.0096669048070908,7.570999
1.072924867272377,7.7077355
1.0302000641822815,7.607334
1.0078946650028229,8.60241
0.985356368124485,5.4015737
0.8813900649547577,4.847737
0.9934881776571274,5.972976
0.9714031368494034,6.741994
1.142050415277481,8.999126
0.988065630197525,5.900314
0.8814315795898438,6.679845
1.0534046292304993,6.559282
1.021152287721634,7.3033185
1.0417668521404266,5.9025617
0.907644972205162,5.729364
0.9944969713687897,5.8747473
1.061961442232132,7.9652505
1.0152569562196732,5.060667
0.9854347407817841,7.545236
0.9283740967512131,8.235849
1.0945028960704803,7.804717
0.9849470853805542,7.773483
1.0702227354049683,7.728301
1.1343082934617996,7.2349844
0.9294266700744629,6.4304986
1.0530633330345154,8.931621
1.056580275297165,7.280981
0.9870742559432983,7.9597096
1.0682333260774612,5.235649
0.9682747721672058,5.4504247
0.9885659515857697,7.8787127
1.0654716491699219,6.0584936
1.0111937671899796,6.9320035
0.9780592024326324,7.4342074
1.0470585823059082,6.693887
1.0395338833332062,7.0056863
1.0548039078712463,7.242445
1.003944680094719,5.6811404
1.108881026506424,5.227296
0.9204997420310974,7.1425357
1.0372353047132492,4.7030582
0.9658632576465607,5.909163
0.9511392191052437,6.120437
1.0859069228172302,5.5981064
1.0528574883937836,6.378462
0.8968736603856087,7.535985
0.9183882772922516,5.077921
1.025650292634964,7.0730777
0.9896627068519592,8.097792
1.0206192880868912,4.5937214
0.9657769650220871,5.921877
0.9748539924621582,6.4794965
1.038838729262352,6.505029
0.9702201932668686,7.066325
0.9658364877104759,3.5240242
0.9351853281259537,6.180407
0.9390979111194611,6.1306276
0.9935985058546066,5.753026
0.9637321531772614,6.439024
1.017641395330429,5.8403373
0.8954965174198151,6.870428
1.0207228660583496,5.8586903
0.909658670425415,7.0454373
1.067384973168373,5.095792
0.9758768379688263,6.008758
1.002049759030342,5.0440865
0.9949711114168167,5.9219403
0.9487356543540955,5.239088
0.9244604110717773,7.0662513
1.1232001781463623,6.285411
0.9525254666805267,5.7367725
0.9500070512294769,4.379742
1.002725750207901,5.3127007
1.057275265455246,4.793952
1.066458135843277,6.4526415
1.0382288992404938,7.068845
1.0765374600887299,6.9208875
1.0626691430807114,2.8248408
0.9223646074533463,7.4902763
0.9170408993959427,4.149914
0.9673326313495636,5.5309496
1.0582476258277893,7.9200726
1.0822348296642303,8.12712
0.93275086581707,5.706439
1.0183768272399902,6.165177
0.9291265904903412,6.6735086
0.9196191355586052,6.6201673
1.011466532945633,9.307407
1.0423718392848969,6.3403068
1.0510177612304688,8.027835
1.037469357252121,8.528573
0.9935511201620102,5.192132
1.0256476998329163,4.311458
1.0246870964765549,5.2626185
1.0396057665348053,6.9700923
1.0207011103630066,6.870227
0.9272696077823639,4.914881
0.97042116522789,4.9265437
0.9241106808185577,6.9661636
1.0222239941358566,7.0823207
1.0134004056453705,6.5206585
0.9379395246505737,6.257711
0.9725766181945801,5.295136
1.1070396602153778,7.2947674
1.034634605050087,7.7145777
1.0740696787834167,6.0330667
0.9844887852668762,9.021578
0.9007096290588379,4.8327804
1.0157380551099777,4.385044
1.0886351764202118,5.4560866
0.9522802084684372,5.5277762
1.0018358528614044,5.799261
0.9828532189130783,5.774208
0.9621681272983551,6.7930303
0.8808697611093521,7.0986457
0.944049060344696,5.8463073
0.9642059504985809,7.9523845
1.0484131872653961,7.5588403
1.0795823633670807,6.186317
1.0140984654426575,4.667634
1.0996467173099518,8.388457
0.98016706854105,8.898124
1.0932080149650574,5.5858274
1.1134884655475616,6.443711
1.1157490611076355,7.424699
0.9804244637489319,8.28176
0.9469387829303741,5.761876
1.0060356482863426,6.5381255
1.0426765382289886,6.6771
0.9426693469285965,7.6772885
1.0179609805345535,6.251864
1.0246588587760925,7.432372
0.8905058950185776,4.632981
0.9656091183423996,6.817846
0.9734689593315125,5.2385216
0.9788870364427567,8.04712
0.9524441063404083,6.791236
1.0273397266864777,5.991785
1.0845860242843628,7.224451
1.0238677859306335,5.684064
1.0058827102184296,6.9489284
0.9922099411487579,6.13469
1.046637862920761,3.3484688
1.0223658084869385,8.302807
0.9670278131961823,6.7906294
1.001558043062687,6.995521
1.0081021785736084,5.318647
1.0213944166898727,6.8602657
0.9954835623502731,6.5321083
0.9724945053458214,5.053243
1.0071686953306198,5.582535
0.9866071343421936,5.356533
0.9652802795171738,7.4107556
0.9661033749580383,7.302228
0.8551899790763855,6.3556037
0.9970458745956421,5.3693423
1.0415790677070618,3.938277
1.038474977016449,5.1131043
0.9108368754386902,5.809491
1.0144288837909698,7.0414715
0.9962981641292572,6.4975667
0.9919676929712296,6.523707
1.0088565945625305,4.964054
0.9781788736581802,7.7541666
0.9186989963054657,6.349625
0.9643111675977707,7.8953776
0.9924528002738953,6.275038
0.9778290092945099,5.729869
0.9630502015352249,5.4695344
1.0675726532936096,6.91957
0.9851914048194885,7.2568784
0.981307715177536,6.67489
0.9873104095458984,5.446798
0.9713611900806427,8.08864
1.0688179731369019,5.390624
1.0071102976799011,6.218922
1.014006495475769,7.467054
0.9981885701417923,7.414856
1.0144085139036179,8.174041
0.941365510225296,6.2352014
0.9638338834047318,6.8008447
1.021730899810791,7.574501
0.9582108706235886,6.901542
0.9798847883939743,6.5969267
1.0986939817667007,8.219001
1.021550327539444,3.816888
1.0054552555084229,8.619977
1.0232523083686829,9.022594
1.0569858103990555,5.1870427
0.951373964548111,7.9071193
1.0217760801315308,6.4231944
1.0067901462316513,5.592752
0.9407596588134766,7.2763286
0.9579620212316513,7.1081233
0.9534958600997925,8.2399435
1.0137821733951569,8.005575
0.9028569832444191,4.5938363
1.00244602560997,4.79449
0.9960750043392181,3.8210433
0.9314281940460205,6.529784
1.0499708354473114,6.352234
1.0169074535369873,4.8640428
1.019981861114502,9.257102
1.0632869601249695,9.04221
1.0115248560905457,8.205491
1.0057777911424637,7.631425
0.9895283579826355,4.808066
1.0644044876098633,4.880562
1.0502284467220306,6.8130164
0.985773429274559,7.1106176
0.9575384855270386,7.1236167
1.0179958641529083,4.8518996
0.9311056137084961,6.4125333
0.9604587405920029,7.61599
1.0120758712291718,6.78347
0.956562839448452,5.121988
0.9390487223863602,9.363592
1.101706624031067,7.412806
1.0258096158504486,7.6059394
0.9490800350904465,6.2214727
0.9009006917476654,5.932801
1.0070757865905762,6.7613683
1.0441254079341888,7.0994473
0.8923825398087502,5.535435
0.925588071346283,5.665812
1.0029507130384445,5.024467
0.9964512586593628,8.467769
1.040328860282898,7.823446
0.9506896957755089,8.309886
1.0082951039075851,5.2823305
1.0001284629106522,5.695689
1.0110060721635818,5.3313565
0.9887299537658691,6.393631
1.0178318172693253,6.609843
0.9442904889583588,6.090483
1.0674209892749786,6.1373277
1.024197980761528,8.502625
0.9454443752765656,7.126588
0.9494392052292824,7.18319
1.08956778049469,6.3908896
1.020254671573639,9.354933
0.9761501848697662,4.161475
1.0216154903173447,7.8377624
1.0396105647087097,6.249658
0.9597581177949905,7.622061
1.0119959563016891,5.142005
1.047406256198883,6.668224
1.00185826420784,5.3235006
1.0425069332122803,5.0899944
1.0737493932247162,5.2290516
1.0070368945598602,6.005618
0.9891021102666855,8.206367
0.9774970859289169,6.412345
1.0384108424186707,7.171195
1.0069994628429413,7.31892
0.9856372475624084,4.9412565
0.9924322366714478,6.7262855
0.9415082931518555,4.4090986
0.9978296160697937,6.666459
0.8921979293227196,5.54861
1.0032802671194077,6.5777497
0.9500530362129211,4.8862724
0.9822655916213989,7.3494005
0.9607968330383301,4.8986826
1.0022803395986557,5.43499
0.8801715672016144,3.0493362
0.9949114918708801,6.728421
0.9706035032868385,5.3565173
1.0331214219331741,7.189598
1.090516835451126,6.8871317
0.9507580548524857,5.9499984
0.926184356212616,9.685382
1.0603732764720917,9.582253
0.9518175423145294,6.206479
0.9722737967967987,5.8900685
1.0175224542617798,6.743282
1.00558702647686,7.42602
0.9576945006847382,5.4719424
0.992247998714447,6.907905
0.9445517659187317,6.4977064
0.955744206905365,7.528891
0.9297961890697479,7.348388
1.103645533323288,8.435468
1.0364736020565033,4.6188116
1.0721394419670105,5.6398706
1.0363688170909882,9.349099
1.0062383711338043,8.319482
0.9446721076965332,5.2342563
0.9745682626962662,4.7190027
0.9995984137058258,7.8290243
0.9648176282644272,7.7727942
1.10830457508564,7.480556
0.8899864554405212,7.185828
0.9785937666893005,7.4090476
0.9297415614128113,5.5151544
0.9219475984573364,5.330896
0.9482356905937195,7.2113485
1.0542758703231812,8.356339
0.9906831383705139,4.9408092
0.9684239774942398,7.034305
1.0191211849451065,6.416829
1.0199249982833862,5.0365696
1.0816778540611267,4.132891
1.0312913656234741,7.5828214
1.0255501568317413,5.6487164
1.0592666864395142,7.1938996
0.9400921016931534,4.518706
1.0221650302410126,6.191406
0.9912251234054565,7.0687838
1.0059167742729187,8.980426
1.1498418301343918,3.972802
0.9362099766731262,7.3036194
0.9195563048124313,7.322292
1.0995288789272308,5.965259
1.0029822289943695,5.4955626
0.9802651554346085,6.1168523
1.0315102636814117,5.590887
0.9252655804157257,6.188751
0.9560344070196152,8.778878
1.0458608269691467,7.8401275
0.9984866976737976,4.7021666
0.9439935684204102,8.796006
0.9022828936576843,6.7124143
1.0158379971981049,7.2390695
0.9402088224887848,6.263553
1.03337462246418,7.074998
1.0769301056861877,7.0983195
0.9866954386234283,7.287593
0.9389155060052872,6.785872
0.9470694065093994,7.019482
0.9879911318421364,6.9777017
1.0629778057336807,7.5151987
1.044663354754448,6.2940063
0.8751888871192932,7.1231027
0.9859380796551704,4.106821
0.9567785859107971,3.627159
0.9811991676688194,6.089628
0.9962704181671143,8.697052
1.0426913052797318,5.9013124
1.0270909667015076,6.836964
0.9180767834186554,5.072148
0.9325251579284668,5.8372245
0.956493467092514,8.24397
0.968660943210125,9.339906
0.9940510541200638,7.4852934
1.147606998682022,7.67786
0.945807084441185,8.136389
0.9715385288000107,4.8564205
1.0369984060525894,8.107495
1.0674496293067932,6.7651863
1.0318647474050522,7.0677166
0.9835159555077553,7.574389
1.0137144923210144,5.577915
0.8911430537700653,5.2286663
1.0000547468662262,5.6116853
1.000616416335106,5.5137706
0.9284340441226959,7.241966
0.9834018722176552,4.7861147
1.0677302181720734,6.357186
0.9657845050096512,7.3647037
0.9487603008747101,8.218049
1.0297939479351044,9.633847
1.0123727023601532,6.5164447
1.0066991448402405,6.9790497
0.9169247001409531,6.1033416
0.8945709466934204,5.7434382
1.0003258734941483,6.2130914
0.9628867208957672,6.3876147
1.0078535676002502,7.3003798
1.0264884531497955,4.505776
1.0502001345157623,4.6758018
1.0199102461338043,5.3730707
0.9598337560892105,8.045274
0.97870172560215,6.7463
1.089084878563881,5.370882
0.9777094572782516,3.9012513
1.0477446615695953,11.264052
1.0460821390151978,6.5365
1.0163171738386154,6.3556967
1.0597860664129257,5.0519986
0.9898366928100586,6.3524404
1.0185635685920715,5.0535216
0.9761735796928406,5.0261674
0.993831992149353,8.6961975
1.0254768431186676,6.6921654
1.00893235206604,7.6597433
0.9722463041543961,4.232933
1.032067984342575,7.534377
1.0084308385849,7.2262726
1.0549991577863693,5.4419055
0.9662199318408966,5.9723496
0.9355995804071426,7.686192
0.9535196274518967,7.8782954
0.9736913591623306,7.1550393
0.9590794742107391,7.5167193
1.0369668006896973,5.6049814
1.0513971894979477,8.003751
0.9599714279174805,6.0929294
1.015449419617653,6.821022
1.0594558417797089,8.608825
1.008271485567093,6.2299676
0.9581849426031113,6.1799374
1.0630908906459808,6.907941
0.9880222082138062,6.328807
0.9094666689634323,4.9438543
1.0572336316108704,6.0208025
1.0268021374940872,5.8460546
1.0083855986595154,6.618767
0.9272877871990204,5.4268765
1.0652374029159546,5.2480474
0.9772108197212219,5.136403
1.0329576432704926,8.155738
0.9534404575824738,4.5576434
1.0845041573047638,6.9225674
1.0149242281913757,7.6281466
0.9313000738620758,4.855283
0.9770799726247787,6.803324
1.0143816769123077,4.4394097
0.9813447147607803,7.545139
0.9546273052692413,8.018383
1.0291889309883118,4.1527796
0.9826309382915497,6.2313333
1.0320813059806824,7.644891
0.961418092250824,6.0072246
0.9947659075260162,7.288217
1.0305269062519073,6.787567
1.0075224936008453,7.134557
1.032384529709816,4.4494066
0.9825793206691742,6.226276
0.9383142739534378,8.109507
1.0230372250080109,5.724735
0.9842214584350586,4.2603364
1.036165714263916,5.359234
1.0129867196083069,4.890359
0.967818021774292,7.4263325
0.982719361782074,5.8227506
0.9361097514629364,5.5245843
1.1095961332321167,4.8668923
1.075061172246933,7.3784823
1.0969531834125519,7.3497405
1.0675781965255737,5.69738
0.9306626468896866,5.159217
1.0096345320343971,6.3274837
1.046734869480133,8.461379
0.9245236068964005,6.3967237
1.046311467885971,8.745766
1.062974750995636,4.7088304
0.9723882973194122,5.904946
1.0665341019630432,4.8815246
0.9964636266231537,7.880078
1.003265231847763,6.9838405
0.9346595332026482,6.0896077
1.075009509921074,4.7229724
1.0669224858283997,8.3085
1.0850744247436523,7.3210154
1.0030987858772278,5.995638
1.033442348241806,5.8333645
1.0715288072824478,7.9188952
0.9680126160383224,4.4017925
0.8905801102519035,6.0146217
1.0550907105207443,4.1750336
