ENSG00000140575	ENSG00000131469	ENSG00000231500	ENSG00000038427	ENSG00000145592	ENSG00000198242	ENSG00000137154	ENSG00000136250	ENSG00000135046	ENSG00000120129	ENSG00000196126	ENSG00000136167	ENSG00000177954	ENSG00000211899	ENSG00000197249	ENSG00000115232	ENSG00000076928	ENSG00000163682	ENSG00000184319	ENSG00000171858	ENSG00000071082	ENSG00000269028	ENSG00000188404	ENSG00000054654	ENSG00000019582	ENSG00000213741	ENSG00000177600	ENSG00000143546	ENSG00000109475	ENSG00000137642	ENSG00000051523	ENSG00000166598	ENSG00000198692	ENSG00000121316	ENSG00000115523	ENSG00000110719	ENSG00000119535	ENSG00000147168	ENSG00000106066	ENSG00000163131	ENSG00000129824	ENSG00000160255	ENSG00000244734	ENSG00000090382	ENSG00000085265	ENSG00000081237	ENSG00000240356	ENSG00000177359	ENSG00000198336	ENSG00000257207
5.527295	8.280721	9.978327	3.937169	8.22994	8.159391	9.831696	4.9306297	6.1674447	5.154216	5.9648666	7.5220647	10.253974	7.028243	4.5002236	4.986564	7.5308113	9.491166	4.99652	7.6597567	8.233248	7.318867	6.6840467	7.460513	8.789713	7.8403406	8.885753	6.0746317	8.331458	6.418834	7.420448	6.962406	5.966752	3.6263676	8.558525	7.3838553	4.793529	7.450841	3.990362	5.1482725	5.886471	6.739771	10.412592	4.3022246	4.7877855	8.322481	5.544768	4.1522856	9.202658	9.327132
4.9229507	6.6239986	8.143383	3.9817703	6.4022756	5.9963074	8.291985	4.547525	5.9944906	3.6863515	4.82922	7.1046667	8.191399	5.4083405	5.0339828	4.868595	6.3403645	7.5574183	7.6896124	5.985015	6.7601385	6.0776525	5.4199963	5.2127504	7.5553117	6.091144	7.1554008	5.910801	6.769884	4.124272	5.593067	5.5853033	3.1480966	4.19313	6.0238295	4.8780127	4.0455904	5.078723	5.148676	5.4838443	3.1309414	5.4032354	8.034384	5.530397	5.81849	6.2241774	8.53104	3.7448885	3.8029919	9.301342
4.9839554	6.9003468	8.614008	4.820097	6.4702196	6.125826	8.492178	5.247486	6.858261	4.926463	6.3987885	7.929597	8.868314	6.801408	6.18834	5.7307854	6.80224	8.23584	6.3309054	5.981635	6.9363556	5.414382	6.415906	5.692707	9.696889	6.034659	7.259548	5.5213156	7.078923	5.369941	7.1771436	6.2707644	3.0978427	4.3066573	8.19169	5.8480253	4.053361	7.11637	5.1495104	6.6269403	3.0899317	7.386871	7.5580835	5.9887586	5.9492636	8.158993	8.196284	4.721313	5.797351	4.5257993
4.811051	7.592182	9.1506195	3.6441529	7.0456724	7.1751194	9.122902	4.556535	6.1191025	3.94787	5.6660132	7.1445746	9.537693	6.629778	4.4497604	4.5964417	5.829891	8.453655	5.7290707	6.7758894	7.5455627	6.6832957	5.6111193	4.959559	7.820467	6.7393904	7.8522596	5.300683	8.304209	4.092914	5.7172337	5.6154604	3.4310067	3.6742258	6.735941	4.7565527	3.4380884	5.803918	3.762394	5.4563274	3.4317527	5.9956565	8.881506	5.810143	4.5123396	6.876573	6.7691483	10.503258	5.984729	9.188286
9.113287	10.767362	12.376478	7.092087	10.442217	10.161472	12.550563	8.422169	9.935184	6.7796984	9.241428	10.935282	12.854043	8.736486	9.498205	9.098608	10.0366535	11.836453	5.004962	10.302126	11.334892	6.1859884	9.188643	8.969065	11.919287	10.668483	11.4684725	10.103271	11.264759	8.342962	9.289823	8.525574	4.859395	7.8039975	10.636511	9.363545	9.686396	9.399399	9.437286	10.73079	7.3969455	10.972473	13.297766	10.930447	10.512014	11.5630455	6.068835	4.024054	3.1622598	3.382661
8.8059225	9.389811	10.92638	8.063501	8.888042	8.676726	10.756869	8.971136	9.794346	7.591073	8.898331	11.000975	11.124386	8.703194	9.394767	8.63965	8.993727	9.922739	6.334235	8.575844	9.459644	7.299796	9.045678	7.739245	11.852498	8.687149	9.367081	9.403073	9.680716	8.231098	8.900795	7.8497596	6.228791	8.366785	8.818977	8.646919	9.6441	9.039459	10.46102	11.32538	7.7791176	10.600132	12.409188	11.476479	10.613252	10.762936	7.7549434	4.1470327	4.8985	4.3811707
5.090805	7.74449	9.097998	4.992961	7.8883333	7.1367674	9.006483	5.570934	6.6799097	4.817811	6.02026	7.3146987	9.298766	6.8284965	5.219121	6.512564	6.9470615	8.615902	5.325119	7.200175	8.156956	6.35746	6.747095	6.2642307	8.089893	7.043621	7.9610367	5.9775324	8.342053	5.6499987	6.8327518	6.8824315	3.1268077	4.813875	7.0217257	6.242147	4.685982	6.750823	5.3266363	6.2965317	3.121106	6.4370937	9.826283	5.49001	5.9067907	7.4746146	5.941959	5.629727	6.178709	3.2263467
7.7257714	9.491346	11.219809	4.501381	9.117682	8.850324	11.340207	6.753437	8.591084	6.669037	6.0723047	10.10458	11.678883	8.111255	6.120595	7.8538675	9.620085	10.589071	6.6199827	9.024162	9.768745	5.6578016	7.8982434	9.32979	10.074952	9.448366	9.871077	6.793369	10.092695	8.048521	7.956289	8.253772	5.39707	4.195121	10.067188	8.053202	5.8549147	9.159101	5.4195137	6.548753	6.9321966	9.617123	8.92218	6.1846886	5.7215533	10.307793	8.705053	5.104821	3.1073427	5.9657927
5.2703714	5.3066063	6.7559695	3.4676626	4.7604594	5.030756	6.649152	4.2210984	5.5306444	5.3033323	4.498268	7.8118434	7.1947727	4.703211	4.6426916	4.316696	5.2275143	6.0283976	4.725174	4.5802255	5.4067936	5.306919	5.0397015	4.4524326	6.9687195	4.8950768	5.455548	5.0349708	5.4435186	4.3049073	4.6792016	4.91551	3.4922645	3.790388	5.2367973	4.168807	4.540846	5.1767893	3.8175073	5.2616625	3.2483308	5.4431486	7.8445435	5.009514	4.510307	6.781759	5.253707	6.185691	4.310181	8.3851185
7.286008	9.764073	11.092471	4.765183	9.241474	9.70147	11.154071	6.112096	8.459637	7.1110926	6.1253223	9.458143	12.021654	7.67847	6.02011	5.069219	8.239542	10.399982	3.4226673	8.975878	9.946819	6.656973	7.4386177	7.7833095	9.019411	9.861362	10.032902	7.08066	10.258495	7.243364	7.3440533	8.491667	7.023834	3.919889	9.562358	7.232595	6.91875	8.141886	4.3963604	6.1947007	7.7203245	8.468782	8.128279	5.0443854	4.851302	10.390073	3.5504282	3.5200064	3.1292562	7.9048624
5.3080215	5.4556327	6.9805098	3.264002	5.1615047	4.65873	7.0992146	3.7818773	5.04109	3.404147	4.054896	7.1998124	7.35848	4.1150303	4.06845	4.0550056	5.4310727	6.3589134	8.279129	4.901198	5.581319	4.7016134	4.5510006	5.0546927	6.632202	5.2488885	5.79126	4.848576	5.6385994	3.5398765	4.5969677	4.5683203	3.1288462	3.2621498	5.229575	3.8534877	3.5176675	4.3558292	3.7806137	4.3258076	3.1133435	4.4984074	7.547203	4.013445	4.3467855	5.6205034	9.466814	3.9007964	3.1525216	10.130315
6.3788576	6.715871	8.415386	5.9726877	6.5865307	6.381613	8.41124	6.1305714	6.5944366	5.202725	5.952607	8.242988	8.480654	6.18919	5.927495	6.14795	7.337484	7.7637687	7.106464	6.322461	6.7787437	6.721861	6.7991414	5.851368	9.105211	6.5009756	7.295394	7.2184153	7.1844206	6.083959	6.8346295	7.286469	5.018178	5.9371386	6.580211	6.984302	6.2191586	6.556939	6.2002835	6.437248	5.492441	6.9946375	10.789415	7.2014613	6.799902	7.8425045	8.265073	4.421632	5.6983905	7.5706983
4.3551407	5.795435	7.2312403	3.1406264	5.607148	5.472105	7.2260313	3.5437646	5.2265415	3.8458705	3.7972069	7.35096	8.611412	3.6014981	3.9383607	3.3302836	4.399849	6.354164	5.6159744	4.8485975	5.949302	8.819815	4.213989	3.857399	6.3917418	5.9760103	5.939906	6.1699715	6.057006	3.4829693	4.4581976	4.286428	4.082313	3.2550445	5.476855	3.5383103	4.1646557	4.10355	3.6076608	4.2765965	3.5011802	4.169265	7.4690022	3.9317794	3.8712938	5.1661377	6.16074	3.7287104	5.426157	9.589305
9.146853	9.570309	11.32855	7.313443	9.434005	9.404228	11.306486	8.853621	9.781209	7.2036614	8.027962	11.00699	11.580512	7.9573793	8.955397	7.9544277	8.276943	10.327197	4.914452	8.5117855	9.995981	6.35332	9.004528	7.520946	11.084802	9.644769	9.679141	9.6233425	10.228598	8.122628	8.639485	9.114044	7.046098	8.1743355	9.009782	7.735512	8.9482975	8.886533	9.3158245	10.261818	8.921398	10.137903	10.893083	10.42444	9.341116	10.985091	5.77668	3.593289	3.1426468	6.335375
4.3739195	6.430835	8.224865	3.3610756	5.934544	5.80713	7.9598527	4.108803	5.6759605	3.4628565	4.650646	6.9186997	8.53618	5.098705	3.9996376	4.323163	5.353888	7.289006	3.4369876	5.5656967	6.6243277	5.497861	4.5153356	4.812065	7.3975835	5.7423506	6.6980705	5.1771507	6.655583	4.158595	5.0778685	4.5858154	4.486085	3.6425023	5.478899	4.4670715	3.6004586	5.1010895	3.7552607	5.3718576	3.9163213	5.2861443	7.520132	4.9767303	4.3995204	6.733382	3.4529116	7.975976	3.6950297	9.390005
6.232375	8.586545	10.259765	4.592468	7.914792	7.847288	10.35722	5.5877647	7.2809033	7.872042	7.112288	9.180096	10.701182	7.413331	5.8229246	5.919433	7.6708117	9.577773	4.002019	7.3262434	8.457395	5.521802	7.326681	7.931567	10.2748785	7.207307	9.246608	6.837696	8.672169	6.7318854	8.3398285	7.3431716	3.7987967	4.648098	9.573443	7.0784326	5.3394814	8.211171	4.85605	7.047554	3.7325602	8.251913	9.393234	6.261423	7.9767222	9.20915	4.5132756	4.435329	7.057302	6.1051807
5.730416	8.740465	9.925484	3.847	8.744936	8.5110855	9.899665	5.77511	6.6960588	5.850919	6.902562	7.0558987	10.732241	7.6203814	4.5023136	5.291219	6.951928	9.8827505	7.352239	8.843129	9.414781	7.2250867	6.7548933	7.524261	7.8608723	8.747688	9.676241	5.24446	9.016354	5.7056055	7.1571474	7.458623	3.835897	3.5523205	8.964426	5.867092	3.6000583	7.8607535	3.7179353	4.864943	3.952402	6.955222	10.233299	4.069347	4.2229238	8.69475	8.538297	6.023484	3.1745641	7.258766
5.161198	6.506559	7.7969766	3.262329	6.234617	5.766648	7.4280386	3.7007551	5.519742	3.5917552	4.5502453	7.4053454	8.371618	4.357978	4.0794854	4.3046618	5.6120787	7.034498	6.2446294	5.9629054	6.639155	6.6772966	4.5200787	5.5744233	6.926487	6.0152493	6.7344646	5.6160383	6.76231	3.9253402	5.371423	4.829384	5.9027176	3.4427319	6.189234	4.0802765	3.776209	4.7896323	3.7168868	4.7991786	5.4288907	4.7623177	8.566462	3.9119627	4.3732615	6.151022	6.91613	6.449836	3.107813	8.63124
5.538497	6.1355867	7.6579733	3.3186407	5.63457	6.2798414	7.570433	4.0511794	6.3339863	5.163426	4.6997104	8.661573	8.85533	4.2438703	5.530181	3.715754	5.058399	6.626066	5.679881	5.377017	6.462859	8.28437	4.367294	4.3111453	7.144765	6.086959	6.451528	6.65281	6.8019257	3.4638116	4.87984	4.519335	3.293556	3.8886456	6.0360765	3.8565316	4.6911716	4.3786554	4.832923	5.990823	3.1871595	5.2989855	7.2707877	5.6188173	5.017708	6.0960665	6.2127075	8.272555	5.1665907	10.444365
4.4148355	6.4182997	8.100746	3.1340005	6.0973024	5.7487564	7.729381	3.9197674	5.064124	3.7135706	4.767105	6.7436743	7.9934034	6.173832	3.577316	4.34134	5.203912	6.937639	3.4895725	5.2855206	6.4776397	5.0143228	5.0437	5.5960374	7.702808	5.852268	6.3715353	4.0853667	6.730323	4.1991034	4.9775934	4.659177	3.3543556	3.2446108	5.423246	3.8216171	3.2097578	5.2650194	3.3259063	4.6670356	3.2159462	4.7917547	8.905378	3.8320453	3.8218591	6.775045	3.4650195	8.5073185	3.1160362	9.071945
5.625264	6.9575987	9.161404	4.5223475	7.5496416	6.5546646	8.817177	4.945366	6.544599	4.972684	6.2353225	7.403538	9.307457	7.2212505	5.7815123	5.714491	8.0167465	8.40744	4.7234473	6.754809	7.2902794	5.4491453	6.166291	7.8874936	9.058332	6.77778	7.7179117	6.045452	7.808759	5.6313143	7.8010216	6.491493	3.0976315	4.131254	7.323504	7.0928726	5.5552797	7.1939936	4.635613	5.7265553	3.096429	7.186454	8.794691	4.8780212	5.8135495	8.229313	4.9393663	3.9733727	7.456886	9.63144
7.219138	8.745998	10.280212	4.5868654	8.2886915	7.7374926	10.650984	5.370365	7.690497	7.005333	7.387331	9.757733	10.466717	8.313351	6.938293	5.7586403	9.552132	9.810305	3.463967	7.980633	8.691475	6.36773	6.6996746	8.8827715	9.946108	7.9166436	9.312029	8.341484	8.798722	6.488783	8.136496	8.053402	3.1543682	5.042714	9.830214	8.075523	8.529907	7.8376036	5.898848	7.1584635	3.146691	8.457227	7.7165313	6.0798006	7.6811004	9.270651	3.5121238	5.447073	6.8015213	6.3178325
5.412074	8.607065	10.26948	4.103063	8.400581	8.426676	9.893234	5.01831	6.7620573	4.769513	5.8948545	7.7590804	10.915903	6.2023034	5.137311	6.0861177	6.343256	9.447645	3.2626152	8.407724	8.929527	6.8039427	6.5404234	6.601065	8.07391	8.592106	9.265926	6.8907833	9.28498	5.8927274	6.609809	6.503594	3.45525	4.699999	7.610768	5.4970613	4.8733582	6.9250937	4.3847733	6.250308	3.4308455	6.5281916	9.349545	5.43017	5.51783	8.364906	3.2514584	7.507275	4.8647203	9.4778595
6.520489	7.439616	8.873268	4.6978254	6.864486	6.694849	8.941326	5.8141794	7.123781	6.1253304	6.4018574	8.517109	9.070787	6.80964	6.031789	6.7017603	7.169607	8.170752	3.7041101	6.4651003	7.57962	5.115201	7.0172606	7.5245457	8.778021	6.790277	7.715269	6.2560205	7.812137	6.5938644	6.8683233	7.2454367	3.1449757	4.816049	8.233819	6.0249896	4.97814	7.5272207	4.8547153	6.788889	3.1222866	7.498086	7.1619062	6.8089647	6.791806	8.460882	3.6735642	6.295422	5.1676598	6.470749
5.0726314	7.270217	8.744503	3.4425952	7.072286	7.084449	8.428574	3.6235046	6.102194	4.258187	4.4692097	6.9779854	10.080944	4.734243	4.0941024	3.8214867	5.2056484	7.920905	6.374405	7.35692	7.9072394	8.540785	4.88256	5.326035	7.122723	7.7285347	7.723051	5.561843	8.085768	4.1242375	5.522994	5.245262	7.122658	3.3539503	7.5893803	4.4880524	3.821333	5.576669	3.7142818	4.9333878	6.553293	5.8618155	9.637783	4.509145	4.0973225	7.188265	8.000397	7.9483485	4.6261563	5.381299
5.346878	7.585232	9.161104	3.6776638	7.309677	7.0002956	8.7774105	4.671505	5.9789047	4.983791	5.828682	7.1661944	9.459072	6.454194	4.557339	4.9697766	6.134354	8.411066	4.9052305	7.3836756	7.9243364	7.480715	6.318998	6.253866	7.77864	7.4679675	7.956628	5.402622	8.12468	5.142037	6.2838593	6.3810616	3.4369462	3.7174246	7.096788	4.7213144	3.81469	6.672555	3.972284	5.018472	3.3158479	5.9241614	9.169032	4.7430243	4.388239	7.3669534	5.6148987	6.9411635	4.181033	6.882738
6.8432245	10.555351	11.775365	5.125306	9.847751	9.517452	11.824181	6.515119	7.904351	4.6914454	7.68221	7.827464	12.125709	6.9235926	6.7625046	7.1269484	7.984644	11.177512	3.9727576	9.8682785	11.004316	7.1403346	7.3463078	8.537947	8.69251	10.143004	11.216041	8.611882	11.045757	7.759999	7.698946	8.361678	3.0901031	5.3338757	10.029522	7.155782	6.741843	8.027034	5.761151	7.694098	3.0906222	7.9481287	9.336205	6.823141	7.676208	9.435137	4.1238284	7.268165	3.353034	3.332082
4.5634785	5.4545918	6.8945646	3.2191312	5.209111	5.0610404	6.705778	3.7595048	5.430935	3.4976878	3.8454373	7.2210784	7.713909	3.784981	4.217606	4.158966	4.8777924	6.002366	5.6545353	4.7546244	5.71337	5.8178196	4.522185	4.4969087	6.1851015	5.468562	5.4817686	5.416514	5.6950483	3.7303567	4.511834	4.1600037	6.2252893	3.423345	5.400724	3.5975513	4.237198	4.6530485	3.8161483	4.957187	5.0165486	4.5083523	6.527317	4.694244	4.4368896	5.823633	5.9650106	4.9725122	4.1482663	7.879804
4.364161	5.1905527	6.755288	3.2553284	4.784086	4.5451527	6.5267487	4.063932	5.5177307	3.373357	3.943266	7.2026057	7.1077375	4.297309	4.1457825	4.0113583	5.0406017	5.690107	7.1942782	4.4959755	5.1133795	4.3002625	4.5502295	4.270671	6.9542456	4.8238387	5.2279816	4.929529	5.4896593	3.4332762	4.4954658	3.924086	3.696461	3.66674	4.561327	3.5385962	3.5961282	4.506124	3.9949267	5.1144714	3.4332232	4.5322037	6.406863	5.5563197	4.7217607	5.22657	8.615463	6.147498	3.3292315	8.764217
6.6953673	6.524198	8.353018	6.2329698	6.368737	6.234187	8.361719	5.896776	7.128656	6.968158	6.0387135	8.467466	8.357561	6.5714884	5.648989	6.4617257	6.8014894	7.7485585	6.725181	5.947189	6.6190734	5.044403	6.9065	6.230899	9.386517	6.064351	7.0570316	6.6021132	6.9511385	6.257994	6.759389	6.5916843	3.7146094	6.232109	7.184459	6.458029	5.783311	7.1908307	5.8376055	7.297968	3.7348337	7.476087	9.951353	7.741447	6.9252443	8.755028	8.602142	7.0666046	5.4427853	5.285515
4.166712	5.3306036	7.073085	3.2607713	5.254336	5.5090795	6.713606	3.8364553	4.70786	3.9090767	4.396908	6.4497766	7.2856894	5.3565955	3.7594936	3.896875	4.936926	6.2470403	4.1005793	4.666223	5.649685	5.5686717	4.888988	4.3368754	7.2411737	5.1688023	5.6601014	4.6405463	5.6319256	3.957951	4.5440197	5.0081854	3.0856013	3.3794603	4.822871	3.7056053	3.410059	4.6276083	3.627692	4.2098107	3.084371	4.7198625	7.13095	4.3633137	4.0912566	5.794899	4.223586	3.7109256	3.5255375	7.1699333
6.0719647	4.76153	6.3973393	3.3979576	4.6211753	4.1359067	6.656591	3.8308895	5.9370666	3.4880497	3.813548	8.475225	6.325811	3.7340221	4.1438456	4.3202305	5.9505196	5.6813617	8.024872	4.4207935	4.8436356	3.5604982	4.3232107	5.9474792	6.452735	4.362215	5.2515078	5.5818214	5.126992	3.6184988	4.691113	4.3748384	4.950966	3.5861669	5.5894365	4.005386	4.5084677	4.537328	4.5979414	5.2127223	4.7101173	4.8625736	6.8019524	4.88833	5.0388236	6.2454715	9.137167	6.854365	3.0993981	8.797772
4.2512083	6.749527	8.665306	3.1922088	7.0320625	6.5483007	7.868464	3.6238573	4.854743	3.3845158	4.1088285	5.9190197	9.500422	4.0927486	3.6184998	3.766529	4.2001214	7.40054	3.3376632	6.3953047	7.3794985	7.270159	4.7763453	4.6456485	6.8437824	7.4072638	7.0139303	5.348737	7.4769816	4.148513	5.1557198	4.7761364	3.1373541	3.2009428	5.8879395	3.3533485	3.2765353	4.579034	3.5751252	3.903112	3.120829	4.1158667	10.353659	3.7746944	4.034646	5.744018	3.3032572	3.180057	3.7486947	10.242247
5.249917	6.8182535	8.491745	3.67022	6.8127766	6.32845	8.84074	3.9619954	5.353959	4.9873514	4.526206	7.139673	9.069706	4.845617	4.5326467	4.438409	6.1047635	8.325371	3.1474237	5.7545033	7.0806417	5.9270473	5.2417865	5.767462	6.371206	6.505719	7.632587	5.6677656	7.261402	5.241599	5.193163	4.8900127	3.1532881	3.744108	6.186264	5.3128757	5.0911913	5.4570675	3.955801	5.0037594	3.126377	5.6262264	8.291486	4.1114964	4.2307715	7.736792	3.147245	10.994182	9.16853	4.8059707
5.255361	8.344019	9.485377	5.9648533	8.15748	7.7806597	9.260853	5.4130163	7.754708	4.3766365	6.265053	6.9925604	10.025236	6.2399287	6.080804	6.9417076	5.9107747	8.8984	7.463486	8.195906	8.855601	6.67711	7.1984277	6.061821	8.020258	7.9094553	8.768707	6.642721	8.890921	7.075843	7.4190717	6.8027105	7.618618	4.110661	7.943307	5.981058	4.8535504	7.259291	5.6069956	5.976453	7.717032	7.1233654	10.984543	5.528492	5.5842524	7.952277	8.098209	4.4175024	6.0161476	4.7755303
6.633688	8.2749405	9.535397	6.127994	8.096693	7.646938	9.63847	6.472634	7.552038	6.653597	6.876756	8.61948	10.153133	7.169753	6.611332	7.2016716	8.168034	9.306876	5.045639	7.7003083	8.439513	6.2326393	7.182284	7.273598	9.093836	7.5293527	8.789535	7.7092795	8.514601	7.30324	7.539446	7.4174867	4.0041175	5.49255	8.541381	8.397782	7.0584955	6.8158073	5.9951715	7.312898	4.3286614	7.947554	11.492499	7.1454124	7.246229	8.898306	5.681963	6.936746	7.874386	3.3087835
4.5557585	5.5526447	6.986081	3.2720325	5.28854	5.2717338	6.857079	3.6969724	5.1732025	4.559127	4.226049	7.0219646	7.3141637	5.191138	4.0040364	3.710638	4.9388523	6.215949	5.470008	4.809199	5.637844	6.165364	4.534397	4.12001	6.963376	5.276831	5.495105	5.085126	5.869356	3.7653127	4.5202155	4.8615084	3.128302	3.3617554	5.0895014	3.7357545	3.7565534	4.4460964	3.9529274	4.5459824	3.1032572	4.6441875	6.2549124	5.415438	4.0088544	5.9261093	6.051654	5.1553764	4.122157	5.338559
3.4895334	5.5992465	7.2713075	3.1305315	5.5461845	5.1879196	7.2388124	3.2990763	4.896285	3.3319905	3.4994137	5.6001625	8.418205	3.7121763	3.4158995	3.3017406	3.7963452	6.2592697	7.8300714	5.019568	5.9815955	6.187681	3.935647	3.5350235	6.4145975	5.721133	6.111436	5.251343	6.395318	3.3142393	4.1661143	3.6558623	4.62977	3.246223	4.649901	3.289423	3.4240317	3.7601364	3.4250126	4.1846056	4.0971365	4.0800815	10.003237	4.6555433	4.023596	4.689763	10.044838	9.528183	4.216137	3.8208468
5.8110085	5.833999	7.5771313	3.466838	5.3408003	5.0346527	7.4525466	3.9207678	6.138755	4.1378884	4.484758	7.8443866	7.7652454	4.877068	4.5419827	4.3832793	5.675004	6.6608047	7.4676814	5.186865	5.7972965	4.106434	5.3278437	5.120633	7.589085	5.3565674	6.130121	4.816464	6.2563777	3.9734647	5.482721	4.6484623	4.0743146	3.3415585	6.955599	4.777341	3.5462983	5.537033	3.7816331	5.46488	4.132618	6.008218	8.839823	4.786619	4.411099	7.6104703	8.54451	10.588957	4.2206335	9.575403
5.040592	6.530593	8.109539	3.2267652	6.4375	6.103095	7.6911407	3.6866667	5.4890804	3.8954268	4.3897214	7.7503777	9.2525835	4.2325535	4.029456	3.7044623	4.7373962	7.077779	4.474827	6.010277	6.8191457	8.474922	4.0946846	4.457422	6.858653	6.753356	6.7983036	6.700432	7.4006214	3.5357509	4.848384	4.5236006	6.558182	3.443465	6.3045464	3.855998	3.903757	4.5342894	3.8876922	5.095459	5.3035917	4.418336	7.469608	4.384921	4.103845	5.7890625	5.0435658	9.368744	3.2910562	8.427038
6.608352	6.857178	8.341328	6.3399286	6.5621605	6.6175785	8.252132	6.655223	7.634662	7.1700516	6.700202	9.291354	8.526422	6.6218576	6.35678	5.580042	6.7415485	7.5922465	5.3667593	6.220733	6.7789273	6.2952766	6.4899673	5.865613	9.4368105	6.528685	6.865626	7.60025	7.013585	5.4084682	6.9450607	6.7364616	5.790166	5.771757	6.7456326	6.0755067	6.97937	6.908467	6.925721	7.826902	5.054697	7.293047	9.882412	8.257643	6.435386	7.9536076	6.261839	3.788836	3.745603	6.6123734
4.731282	6.2613583	7.911385	3.9898033	6.2870016	5.7636185	7.8835344	4.132617	6.2001753	3.954917	4.639386	6.5242944	8.018305	5.3101416	4.636692	5.0132513	5.86862	7.259658	7.6543	6.0223193	6.490617	5.4190326	5.1794496	5.383452	7.5491447	5.698546	6.8673916	5.8522263	6.682081	4.6325045	5.944669	5.748969	7.374842	3.7844036	7.036648	5.367834	4.6848598	5.698946	4.577048	5.501034	6.871804	5.5809073	9.097815	5.8087587	5.147976	6.8173943	8.253822	6.2932196	4.678306	4.7911654
5.3268223	6.888982	8.208374	3.749926	6.3027344	6.6049576	8.389198	4.462927	6.085242	3.7814515	4.68492	8.193549	9.003368	4.5175095	5.169323	4.301801	5.772529	7.7962537	3.8764977	5.9016004	7.3366604	8.820414	4.719557	4.463352	6.992874	6.7082872	7.1900377	7.152382	7.361052	4.2357516	4.912833	5.108385	8.276356	4.6983395	5.619418	4.4876556	5.688751	4.793442	4.870389	6.127262	7.187543	5.072043	9.439575	5.924458	5.4025993	6.4159403	4.0383573	5.158909	4.424482	8.251175
4.5532856	5.4413786	6.8227587	3.239726	5.1452293	4.646393	6.6415405	3.9709427	5.4322605	3.330907	4.1338677	7.5413785	7.1712403	4.642894	3.931302	4.663659	5.1775236	5.9302683	7.1189146	4.854694	5.664093	4.177103	4.3519545	4.920796	7.1983695	4.893987	5.6758966	5.0895085	5.590314	3.852501	4.624344	4.1075273	5.043227	3.4114583	4.8375955	3.6862469	3.473619	4.573742	3.7668478	5.0563245	4.512115	4.695782	6.7038717	5.008526	4.5174103	5.692031	8.367138	6.0636187	3.0892122	9.164564
4.7471695	9.177627	11.266064	3.8051872	9.3705635	8.455034	11.083253	4.3590016	7.358194	3.945269	5.009425	6.9641476	11.773906	6.0055103	4.376485	5.2098656	5.5402203	10.166317	5.755682	9.291479	9.675503	6.104336	5.033786	5.913146	7.390064	8.702634	9.942556	6.519032	10.3316765	5.080453	6.614692	6.4606614	3.8351889	3.450419	7.7713065	4.5771184	3.9493093	6.577072	3.8902793	4.9430056	4.0547748	5.7344513	9.580728	4.8670044	4.034651	7.615141	7.1715484	7.1850715	3.0928206	7.130536
9.168821	9.516313	11.179413	4.540222	8.659775	8.758915	11.731569	7.8896847	9.439662	7.2007346	7.8852015	11.772569	11.717413	8.613281	8.5209465	7.204995	10.819249	10.541561	4.0742	8.081448	9.720147	5.645688	9.112785	9.568899	11.457103	8.839147	9.864809	6.4487534	10.116669	9.116606	7.928765	9.138908	3.0946534	4.7478166	10.739208	8.7704935	8.036667	10.588377	6.0242014	9.219804	3.0951555	10.707819	8.459579	6.801637	7.8958683	11.724161	4.8074594	3.973366	3.10978	3.3353693
3.9834914	5.7529097	7.2403855	3.1345742	5.395622	5.147504	6.837694	3.4262886	5.2987328	3.2758646	3.8511586	6.563833	8.312822	3.7959945	3.6677976	3.371634	3.9045439	6.020544	7.1527376	4.8344975	5.788493	6.259926	3.966221	3.672859	6.3919954	5.6455765	5.790086	5.087691	6.387991	3.343349	4.385421	3.6323535	4.9714184	3.224737	4.9009414	3.3378181	3.2730715	4.0116243	3.4007397	4.69847	4.033495	4.0580635	8.298942	4.32738	3.833135	4.997963	7.851512	11.66257	3.5837374	7.1818633
5.28116	5.8063517	7.113982	3.8182206	5.631493	5.063731	7.106343	5.2975826	5.99162	3.5807455	5.308965	8.12417	7.211247	5.150259	4.317101	6.2216353	5.835273	6.315123	6.037334	5.161563	5.7142854	3.8485384	5.590109	5.747183	7.910759	5.3967457	6.142335	5.177801	5.7675333	4.625528	5.6697483	5.1440935	4.925289	3.9406374	5.611457	4.5863266	3.5912302	5.63961	4.4779253	6.015081	4.802291	5.3914933	7.268151	5.2030287	5.3608108	6.5618734	5.8881683	5.834111	3.1198022	10.638587
4.7017193	5.218562	6.810488	3.4810948	4.6498685	4.8096533	6.754858	3.9135475	5.5164237	3.9583344	3.8411694	7.4680843	7.1141167	4.2519226	4.40429	4.718655	5.0150146	5.8783073	6.848998	4.38702	5.2569156	4.4642487	5.216756	4.0965986	6.874924	4.8261323	5.3360915	5.0806093	5.4758587	3.8439717	4.49083	4.374149	3.1485755	3.9359317	4.762721	3.6045315	3.6814551	4.557393	4.1361756	5.2804933	3.1154907	4.840636	6.230119	5.5510015	4.853536	5.3748446	8.757269	4.531874	3.1562467	8.320691
6.7261705	6.704236	8.532796	6.271778	6.4094415	6.066351	8.668436	5.8303547	7.2631197	5.8714333	6.176902	9.483391	8.473515	6.343977	5.841786	5.651139	6.8631105	7.8281603	3.5142248	5.964631	6.940971	5.582691	6.1088543	5.3207803	9.643693	5.951975	7.195237	8.039655	6.9191294	5.3881674	6.9546194	6.4314203	5.4621363	6.357951	6.5093436	6.3299894	7.0097313	6.259454	6.3944216	7.7255297	6.3524747	7.7596664	11.441623	8.426663	7.7331266	8.84704	3.597464	4.473968	5.21399	8.170496
4.4658628	6.5874786	7.978577	3.5432055	5.835726	5.975186	7.918736	4.2176156	5.4971704	3.421589	4.417305	6.6054535	8.059744	5.5465508	4.2709055	4.499499	5.075319	7.1961	4.72696	5.6344857	6.5610876	4.920409	4.919877	4.2683616	6.982893	5.5133696	6.7982187	4.776369	7.0660486	4.052664	4.645311	4.8317165	3.1858914	3.519618	4.9136624	4.044273	3.5718174	4.975332	3.8505416	5.189731	3.1590893	5.092332	8.830759	5.966056	4.4898057	6.136944	5.165411	8.193184	6.6050005	6.942808
5.226577	6.0139227	7.232398	3.381004	5.5522676	5.1506495	7.1152496	3.9653642	5.935883	3.2784774	3.9611013	8.369663	7.9361134	3.954114	4.3654065	4.4396954	5.4531913	6.6808195	6.7602344	5.2289686	6.2367764	4.5468273	4.1457214	4.7247043	6.779551	5.305621	6.3436327	6.125923	6.070572	3.6193135	4.6505017	4.2687573	4.315369	3.6829097	5.631861	4.390732	3.7360988	4.0768065	4.0079455	5.636377	5.102151	5.0383005	7.5679207	4.606947	4.982699	6.339007	7.526556	9.140559	3.0890205	9.286751
5.995144	7.0937943	8.796525	5.4190817	6.4648952	6.5151796	8.659224	4.950176	7.7621703	6.043664	5.9074335	8.34989	8.34738	6.9585657	5.6186066	5.6840477	7.6882205	8.091146	6.4070964	6.7198706	7.100045	4.99154	5.707412	6.7125063	9.0918045	6.272194	7.479429	5.837341	7.49355	5.7882977	6.6918774	7.0287104	7.411225	4.454227	7.630086	6.6099825	5.879536	7.29202	5.55888	7.1512246	7.473909	7.687084	9.531122	6.513472	6.0369205	8.483004	7.926218	5.9716177	3.5726814	6.946248
5.0373	6.252796	8.002346	3.5549388	5.72332	6.138065	7.931123	4.448983	5.876681	4.9532723	4.5583525	8.39319	8.699635	5.255413	4.87154	4.6628466	6.0413923	7.084685	3.2046561	5.630418	6.532546	5.2436438	5.370109	5.0938005	7.80775	5.803146	6.4946775	5.534296	6.588554	4.8883677	5.2593346	5.1987	3.1358771	4.451574	5.868847	4.4522386	4.3093534	5.6788135	4.3697867	5.7107277	3.1046014	6.243627	7.3533387	5.7061973	5.210789	7.600299	3.2051957	4.2711954	7.391667	11.193026
5.4644613	5.315242	6.6481876	3.148611	5.000873	4.76908	6.3497586	3.3527436	4.9371204	3.4320617	3.6311882	7.33722	7.100857	3.5376973	3.6712303	3.506561	4.6570196	5.9538345	5.60349	4.640348	5.3675003	5.315955	4.094029	4.851347	6.1198587	4.941633	5.297368	5.3836107	5.402381	3.5120876	4.3541255	4.228246	4.8042326	3.2201786	5.7018433	3.538359	3.8986483	4.102056	3.5153213	4.2458286	4.2736998	4.054994	8.849068	3.4252732	4.0425034	5.556771	6.1515055	4.006821	3.0900826	9.157127
4.335099	7.5810223	9.107788	4.6600723	7.741309	7.107654	9.10705	4.6642075	5.981165	4.184821	4.8466277	6.2879896	9.956121	5.0022707	4.8550143	4.7707767	5.010951	8.200248	5.3483024	7.441957	8.204542	7.120352	4.6783566	4.4673395	6.4561667	7.28301	8.543575	7.3305507	8.362822	4.6812716	5.6534643	5.256418	3.778613	4.0378466	5.47491	4.4279203	5.167371	5.023426	4.2644844	5.278803	3.7350817	5.168581	9.042017	5.739192	4.408043	5.9800653	5.577033	10.737764	3.5175266	4.184035
7.121299	6.388116	8.365179	6.197174	6.025528	5.5233297	8.406021	6.1290207	7.345698	6.1426315	5.994192	9.183283	8.07395	6.310357	5.9481463	5.8665724	6.845824	7.4762278	4.5171394	5.7236433	6.700913	4.961402	6.7697067	5.0436835	9.995955	5.7510996	6.7735605	7.3162	6.7947025	5.555381	6.8704643	6.409752	5.8880806	6.7144246	5.9151764	6.2568846	6.769659	6.659665	7.0246277	8.588539	6.8252506	7.715001	12.126632	9.416391	7.534979	9.079325	5.085284	5.119487	4.207946	7.530624
5.3127007	7.840915	9.598959	4.7884684	7.876706	6.9187055	9.215513	4.7441435	6.2460775	4.873365	6.3439713	7.851298	10.418629	6.550683	5.230853	5.8729334	6.4113555	8.629978	3.4103358	7.651256	8.309025	6.8098564	6.4541864	5.867755	9.234489	8.061295	8.409601	7.069152	8.654138	5.7743435	7.5565643	6.657447	3.123279	4.980871	7.0677443	5.5682354	4.70848	6.20858	5.229718	6.514626	3.1171575	6.5638227	8.821444	5.545699	6.2804866	7.7331057	3.3342595	3.3876114	4.109901	11.33666
6.524822	7.6839466	9.064606	3.456178	8.188065	7.7726417	9.352389	4.0149236	6.4989405	6.60937	5.6905775	7.6604185	10.167315	5.263238	4.455257	3.920999	6.6906977	9.123732	5.3830514	7.2865553	8.108607	8.790155	5.348501	5.7322974	7.4233813	7.5664682	8.509384	5.773	8.667173	4.09172	6.522784	6.6946707	4.5278597	3.4299784	8.708469	5.1562476	4.2924943	6.2834454	3.6043355	5.01285	4.840661	5.8631	9.783515	3.5511906	3.9087675	7.95484	6.3051395	5.940176	3.1526682	8.616984
7.840869	6.8707275	9.140953	7.624911	6.147805	5.7785606	9.067431	7.0030074	8.940983	8.764463	7.276592	10.519913	8.662925	7.234875	7.6307974	6.6372576	7.1961784	7.836332	4.4993834	5.9183426	6.776025	3.790222	8.143331	6.4646683	11.701299	5.8235416	7.1240487	8.080339	7.3790307	6.47326	8.842033	8.113385	5.82835	7.489553	8.785236	6.884352	7.7226496	7.7951517	8.05592	9.378059	7.533773	9.698071	11.404601	10.46849	10.007429	10.181572	5.367169	4.7573576	3.444896	6.450144
5.264243	7.6471286	8.896194	5.404298	7.632217	7.1889806	8.505837	5.8449297	6.6992264	5.021969	5.669244	6.459818	9.413095	6.378849	5.169834	6.071331	6.381987	8.917433	4.8744173	7.0042443	8.073484	6.1177588	6.7025013	6.0429564	8.08099	7.0071664	8.032923	6.44656	7.98217	6.3723173	6.6272526	6.508453	5.4004517	5.527737	6.803131	6.4095	5.1750593	6.414529	5.153613	6.484349	5.401716	6.4576044	12.807335	5.485313	5.9018593	8.186792	5.262172	8.135048	10.606803	3.33043
4.823011	8.366531	9.809959	4.1002774	8.202787	8.018076	9.714716	4.621131	6.455311	4.0766587	5.8223324	6.4843664	10.037455	6.3002086	3.997971	4.2615075	6.309881	9.495851	5.6116014	7.6109276	8.397482	7.115267	6.172918	6.295251	8.100928	7.55219	8.776955	5.299535	8.664819	5.522928	6.8306303	7.022319	6.448108	3.405574	7.54112	6.349589	3.9974685	7.032896	3.638208	4.9108806	6.692733	6.623437	12.044692	4.083847	4.2250123	7.903228	6.744837	6.0295296	5.0735354	5.4371963
4.2273893	7.3760533	8.571558	3.749086	7.0899906	6.9421425	8.448142	4.0647182	6.0412903	3.5964785	5.095581	6.1760836	9.167038	4.998147	4.504569	4.527999	4.8848267	7.9981565	7.023405	6.781337	7.7473073	7.468763	4.8811655	4.7527385	6.9255753	6.9761124	7.895295	6.6560383	7.6693435	4.0168085	5.5474043	5.12641	3.700923	3.9003682	5.7966986	4.0215197	3.786775	4.731745	4.511319	5.2639995	3.4986804	4.9609146	8.831078	5.227316	5.2508793	5.5903573	7.41784	6.948634	3.517218	7.28927
5.4388666	7.0187683	8.744504	4.561395	6.931123	7.0253425	8.472868	5.427721	6.8169184	5.1276646	6.018206	7.338334	8.847481	6.21031	5.3925858	5.1007395	5.965296	8.152193	7.9328256	6.6487494	7.545232	6.592944	5.5731835	6.0050974	7.7884426	6.921141	7.3110623	6.2578998	7.458521	4.5822687	5.9555225	6.6517925	3.1739354	5.5147676	6.7355556	4.880799	4.243702	5.9885626	4.6685333	6.2201347	3.1475189	6.0191174	7.721007	6.3875303	5.4234347	6.95085	8.96516	5.439475	3.0920978	8.807969
5.674982	8.28729	9.884552	3.3816211	8.171484	7.863283	9.719815	4.2992725	6.248764	3.5470965	5.341755	7.096711	10.527078	5.0630093	3.9907174	4.2577267	7.2024665	9.415258	6.367659	8.019413	8.312813	7.4765615	5.7819643	7.7457004	8.20219	7.968415	9.041983	5.1860857	8.514833	5.296444	6.4024935	6.6333866	7.268177	3.2166646	8.6634865	6.338189	3.6894343	7.434369	3.3847437	4.337978	7.2318373	6.474778	10.441412	3.631244	4.0549245	8.700712	7.816709	4.6348515	5.0694523	9.952755
8.499263	9.093576	11.079606	6.184633	8.891575	8.940903	11.23264	7.1628275	9.58317	8.092478	8.125453	10.628254	11.167916	9.532497	8.64682	7.3585396	9.498457	10.344896	5.9987264	8.388874	9.603058	5.694027	9.039033	8.125914	11.43985	8.76897	9.597898	7.3373604	9.831911	7.9297304	8.596685	9.185415	7.373447	6.261974	10.25829	7.8559146	7.3158965	9.3293	7.7937584	9.175703	8.861572	10.585913	10.964943	9.698174	8.560949	10.806095	8.376911	4.6172814	3.2475235	6.126115
4.4515524	7.011359	8.428445	3.634989	6.4030724	6.512164	8.127512	4.236802	5.7498627	3.42655	4.587678	7.337182	8.877151	5.127466	4.643575	4.5855784	5.472698	7.423592	5.004447	6.2240562	7.072737	7.780599	5.2314515	4.320677	7.6422057	6.3499117	7.0351753	5.642985	7.166244	4.313474	5.1743193	4.7335153	3.5400066	4.1457524	5.0230055	4.3158984	3.8265705	5.0019245	4.3471336	5.636401	3.431062	5.229701	9.874247	5.2175317	5.522194	6.0051804	5.180799	4.6473975	6.373844	9.838837
4.270054	7.5101423	8.618055	3.4128635	7.4362288	7.1946306	8.299206	4.2950354	5.4784746	3.307048	5.248516	6.3707676	9.42196	5.199806	3.9130588	4.6725836	5.3434424	8.082405	4.517057	6.9303637	7.7501397	7.2295694	5.1992807	5.465654	7.5190287	7.153407	7.6872544	5.486729	7.408636	4.6356897	5.5351906	5.142545	4.917779	3.4428053	5.785488	4.386697	3.4184005	5.1043806	3.7209024	4.8263593	4.2848697	4.903346	9.375836	4.485633	4.850778	6.0179024	4.3654723	4.831384	3.2964904	10.171186
6.4516	7.891675	9.662508	6.5744176	7.767696	7.394706	9.335556	6.2639475	8.2626915	6.8083963	7.340071	9.466623	9.737508	7.701032	7.147173	6.079789	7.541977	8.733858	7.1867323	7.3566833	7.837536	6.9524035	7.0528994	6.297388	10.961601	7.1787605	8.067951	8.607643	8.09319	5.3656015	7.9516563	7.3180313	3.5962894	7.4449925	7.9003234	7.7990494	6.8432045	7.510107	7.791321	9.211735	3.7231545	8.617228	9.137745	9.582206	9.330709	8.608533	8.654218	5.5789437	8.693892	6.802551
7.144332	10.224503	11.753278	6.2244244	10.232891	9.688328	11.76008	7.284573	8.1921835	6.0146685	9.137053	8.781403	12.368557	8.493513	7.857526	7.4711657	9.394064	11.349048	4.26577	9.748717	10.848063	7.284859	8.020788	8.815871	10.828295	10.23686	10.95632	9.120377	10.76053	7.24248	8.681763	8.118095	3.0847995	6.4694834	10.2994585	9.120644	8.388559	8.541416	7.1693587	9.363598	3.085582	9.536627	11.768644	8.562468	9.626722	10.319818	4.55337	5.8481054	3.397522	3.1441145
5.1318865	7.79674	9.364689	4.609801	7.594264	7.566703	9.407211	4.990762	7.184207	4.0317016	5.69539	6.960722	9.906376	6.005692	5.2109685	4.81878	5.509074	8.670479	4.5816717	7.344328	8.339563	7.7201104	5.5551805	4.743804	7.7400703	7.509393	8.281876	7.1130724	8.563305	4.7923675	5.7723093	5.784719	3.5375128	4.9675465	5.79258	4.473215	4.6769876	5.8469625	5.729944	6.691725	3.4698863	5.895452	10.032192	7.3654537	5.3231077	7.034935	4.8745894	6.3452883	4.346471	8.806494
5.501645	7.0556583	8.291733	4.5132465	6.9383583	7.007458	8.099673	5.3656096	6.5631714	5.377357	5.409903	8.436176	8.983065	5.5667906	5.693651	5.0952673	6.232439	7.6930733	3.3362372	6.152255	7.394124	6.976451	5.7852516	5.18047	7.6066484	6.923579	7.208184	6.1635513	7.3205876	5.659772	5.7592096	5.4583044	6.405557	4.9294615	6.047769	5.330182	5.280238	5.6493845	5.0475197	6.4713	4.8795676	5.879713	8.078828	5.8555264	5.1841135	7.493971	3.30577	5.6385016	3.3102546	8.732361
4.884589	7.492898	8.4819975	4.4816537	6.8082595	6.7890863	8.349705	4.7728148	6.3425746	4.392196	4.9418707	7.2575526	9.110555	5.0690937	5.7748737	4.6912584	5.226777	7.7821946	6.239606	6.59398	7.688159	9.284582	5.323907	4.1257935	7.393519	6.8492785	7.5515013	7.192226	7.7305846	4.452562	5.8472357	4.925411	6.4018426	4.8313437	5.4967265	4.5491962	5.5738096	5.0157804	5.632641	6.5265827	6.33598	5.606341	10.554384	7.0895133	5.5568466	6.287809	6.723915	6.7406807	5.1441784	6.96266
8.040468	8.872322	10.292487	5.899314	8.278635	8.20615	10.204498	6.801758	8.550304	6.2072563	6.7861357	10.564914	10.593613	7.2999473	7.543984	7.399639	8.473364	9.299991	3.3676162	8.007856	9.01406	6.164217	8.531809	8.381069	10.003483	8.384092	8.907289	8.378739	9.024062	7.570272	7.7076435	8.070776	3.7781808	6.2945585	8.779118	7.7311788	7.960323	8.010196	7.334182	8.693449	3.8573685	9.266158	8.103478	8.189446	9.167119	9.892027	3.3898735	4.9651375	4.0017996	6.1014395
5.448468	5.6650076	7.4227476	4.0235214	5.51694	5.0959387	7.642139	4.2849627	5.607505	4.943337	4.4266453	7.8499336	8.166869	4.8010235	4.5019655	4.4776964	6.632861	7.1397376	3.5267978	5.1853256	5.863496	5.1787205	4.8870177	5.0577226	7.4759254	5.302232	6.370098	6.1194706	5.957476	4.464926	5.346054	5.2131834	3.3047972	4.19481	5.6224365	5.4526415	5.4316845	5.2442913	4.5135074	5.03005	3.2320716	5.9032826	8.537255	5.0000324	4.8515663	7.3242083	3.6381412	5.0764456	7.2631116	9.603682
4.847582	6.330592	7.8692455	3.5838838	5.7646	5.3532524	8.0688095	3.8145819	6.079899	3.5787497	3.9550703	7.890208	8.289002	4.4432926	4.7973585	4.3279715	5.131087	7.274646	7.251662	5.5251813	6.378396	5.4377956	4.4935436	4.1019797	7.7096376	5.548805	6.594727	6.2359896	6.576152	3.6767087	5.016754	4.502424	3.5800722	3.678628	5.750953	4.1320024	3.8092642	4.408049	4.5446925	5.7923765	3.7762716	5.4802113	8.6494255	6.770672	5.6835737	5.961435	8.229	6.743347	4.110189	10.283921
7.36817	9.074621	10.324698	8.940943	8.695455	8.755827	10.177547	8.044783	9.480619	9.180267	8.870924	8.509941	10.577442	7.6970434	8.674877	8.26923	6.481919	9.745623	3.9553003	8.755189	9.327635	5.845962	8.776005	6.3428235	10.280545	8.472872	9.322041	8.806832	9.3039055	7.648635	9.406582	8.691114	6.683935	8.416413	9.570801	7.472268	7.962802	8.314727	8.164587	9.660715	7.736888	9.028909	11.973116	9.932949	9.561295	9.6476345	4.1677628	5.936136	3.2009614	7.7201004
6.795452	8.276072	9.597746	4.086359	7.8630323	7.59843	9.470619	5.5010624	6.9968348	6.208385	6.5469785	8.542021	10.156992	7.4287944	4.4675093	6.0291524	8.502924	9.316496	5.9337883	7.829988	8.38579	5.63061	8.2454605	9.110522	9.220119	8.210074	8.683653	4.8507366	8.60674	7.383431	7.327147	8.105167	5.052723	3.4251506	9.864249	7.3243256	3.7267332	8.949624	3.7391493	4.9964237	4.9972253	8.299167	8.94936	4.082738	4.225504	9.302222	7.6986046	5.2181396	3.4117255	8.326222
5.0255175	6.225446	7.913813	4.041971	6.0829153	6.0651684	7.608528	4.401449	5.7849493	5.2171164	5.038197	7.2207537	8.277652	5.5778704	5.4406486	4.7403674	6.1559515	7.3405027	3.58627	5.329878	5.926976	5.281028	5.5980644	5.3629246	8.046375	5.7165203	6.172662	5.7685146	6.492935	4.7740555	6.0827312	5.5479484	3.0861585	4.4508514	6.0431414	5.523294	4.666748	5.739424	4.997853	5.930641	3.084316	6.2776117	6.674478	5.085779	5.579546	7.0268006	3.635065	5.2003565	5.0807486	10.204113
4.4482594	6.6755323	8.139858	3.5781486	6.2380466	5.8979263	8.060147	4.46509	5.7520237	3.351812	5.04008	6.549925	8.086444	5.843254	4.4548745	5.044178	6.514451	7.79651	7.10718	6.150457	6.36934	6.3541336	5.018481	5.4225373	7.8335743	5.568233	6.8599057	5.029919	6.6062107	4.146362	5.4229984	5.5342083	3.6851761	3.6559234	5.7686234	5.412104	3.5795681	5.5065184	4.2557564	4.844744	3.7049336	5.3139696	9.035033	5.4695644	4.8485107	6.344964	8.198008	3.84229	4.5721464	8.63142
6.0364313	8.311422	9.776478	4.58338	7.705627	7.2094007	9.517103	5.608459	7.03675	3.8284812	5.4706893	8.23801	9.751829	6.119541	5.072402	6.4211273	6.3110723	8.611414	3.7619731	7.6500316	8.440739	5.82971	6.61878	6.4324656	8.008387	7.7438354	8.228698	6.4338245	8.610542	6.467283	6.4827256	6.560049	3.1827326	4.6509666	6.632942	4.9786983	4.6928077	6.98526	5.557519	6.879385	3.1650724	6.5540113	9.93895	6.2653956	6.30101	8.290323	3.7708983	5.534769	4.3524103	5.3236947
5.62807	6.235755	7.787636	3.656548	5.7635956	5.2974253	7.5990453	4.9453287	5.8264213	4.913291	5.4469233	8.109614	7.503172	6.6071787	4.4961004	5.7402353	6.1643133	6.753772	4.804745	5.300439	6.157056	4.0778866	6.694907	6.0279274	7.908829	5.5613174	6.2383823	4.7749386	6.231847	5.41201	5.5863314	5.5628	3.2260578	4.0045476	5.7785788	4.917351	3.7922423	6.727377	3.8347673	5.8053193	3.1921027	6.04502	7.6940017	5.1978207	4.6905227	7.553356	5.0582886	5.8384714	3.8119786	9.942978
4.099944	6.30844	7.89164	3.129215	6.370366	5.7015486	7.7427106	3.347375	4.9882135	3.2156632	3.8157248	6.134268	8.822634	3.7430143	3.4266312	3.3562996	4.4290023	7.013911	8.1374235	5.5588446	6.6676636	8.711809	4.283699	4.4799585	6.6048408	6.605218	6.6875367	5.2952337	6.5966277	3.463654	4.7471094	4.5010834	5.0781736	3.133976	5.7604246	3.5975533	3.4295425	4.338421	3.3352053	4.0334044	4.745239	4.1640606	9.852676	3.6174107	3.8427534	5.3888063	8.83428	4.199682	3.4040418	8.638859
4.7248306	6.534984	7.843144	3.5114279	6.263921	6.0827713	7.7388597	4.4556007	6.138219	3.629403	4.3408923	7.9148073	8.583692	4.837807	4.4920783	4.7182283	5.525116	7.3448944	5.732877	5.7764735	6.850194	6.3185015	5.1459002	4.479011	7.26108	5.935297	6.712487	5.6920004	6.7847843	4.435108	4.7482576	4.5778327	7.3122277	3.6037607	5.4267993	4.322111	4.2868657	5.289345	3.9710495	5.5643206	6.9555597	5.2657146	8.88852	5.0909376	4.5787687	6.5620823	7.0451164	7.3962994	5.3530397	7.136897
5.0254364	6.298106	7.7783346	3.4576948	6.172257	5.7786784	7.9890647	4.2924547	5.919183	3.8294258	4.3170385	7.8590684	8.3931265	4.5896606	4.742949	4.364611	5.58946	7.145228	6.9519053	5.585636	6.36924	6.5362697	5.052254	4.7748194	7.176739	5.921927	6.5363855	5.995121	6.7478642	4.193553	5.1396856	4.832049	4.9483852	3.7254236	6.2850876	4.6278033	4.629141	5.195014	4.479604	5.364535	4.7959437	5.1867094	8.587503	5.4298744	4.9833355	6.328397	7.8384647	5.4858217	7.341326	9.5615425
4.9596443	8.057426	9.332469	5.3435097	7.816923	7.583701	9.116171	4.6355515	6.740807	4.3784924	5.822093	7.1159954	9.501076	6.034211	5.3635254	5.0503683	6.1721478	8.747593	8.975213	7.689795	8.377901	8.029913	5.2980366	5.852509	8.087769	7.4607406	8.45521	7.4924703	7.8408513	4.88957	6.9191628	6.2609835	3.5252569	4.2565117	7.1355505	5.6542015	4.8579035	5.5356827	5.3308754	6.121078	3.420578	5.988388	8.456889	6.1520166	6.227811	6.916708	9.817434	4.879905	4.2181244	7.438711
4.2632704	6.2361183	8.005531	3.3103616	5.983674	5.709243	7.8471813	3.892013	5.4456873	3.4708557	4.723123	6.7258477	8.527378	5.3269386	3.6766882	3.9858224	4.593975	6.7725797	5.10506	5.547078	6.71157	5.827255	4.3965797	4.432597	7.7620153	5.7044983	6.658469	5.504879	6.690981	3.7718158	5.131176	4.4963408	5.5759115	3.396257	4.9411526	3.8686752	3.471769	4.6610622	3.6525693	5.1290293	4.882948	4.964658	7.846201	5.4689875	4.079195	6.052346	5.732129	10.1988125	3.1310568	7.646849
7.834059	8.513052	10.155518	7.1308265	8.61352	7.9907494	10.373049	6.686487	8.318811	5.878689	6.7868423	9.65979	10.44005	7.036557	7.2733793	8.14285	8.842901	9.565188	3.5152779	7.651322	8.838743	5.744692	8.084311	7.075477	9.88979	8.062187	8.80751	7.7049084	8.708528	7.427186	7.4239545	7.3780456	3.82794	5.8144536	8.192852	8.538443	8.099794	7.752465	7.225468	8.606498	4.6690025	9.144836	11.958739	8.205785	8.3280945	10.067274	3.6455574	5.397105	3.3140166	3.705137
4.711977	5.050354	6.4275584	3.1611195	4.8087215	4.239432	6.3479233	3.4897425	4.8283033	3.37153	3.903337	6.8768835	6.3992643	4.0337014	3.4876053	3.6665332	5.1095777	5.6883955	7.839168	4.461565	5.2301106	4.132636	3.8285613	6.0553074	6.490133	4.69351	5.289093	5.2096252	5.0378113	3.4870973	4.6774783	4.1604056	4.7523966	3.196287	5.082924	3.5843217	3.6460602	4.1056156	3.5742068	4.329915	4.1343365	4.1196203	7.4525576	3.79108	3.9246397	5.365293	8.980049	4.84383	3.083256	8.110589
6.597934	6.701273	8.667618	4.1290355	6.108991	6.1146483	8.9210415	4.98872	7.2112794	6.278673	5.61967	9.684315	8.702333	6.7030773	5.844348	6.130549	7.6012936	7.859488	6.4783554	5.659834	6.422675	4.382991	6.8656044	6.226835	9.645351	5.8990707	6.950763	5.205508	6.946682	5.7457433	7.2016964	6.7411366	3.793166	3.8358774	8.724577	6.3287992	4.2896137	7.4370146	4.7755404	6.150876	3.7309713	8.382008	8.761342	5.78988	5.3188324	9.219733	8.45893	5.7804623	5.564955	8.0690975
4.4027324	8.048265	9.844364	3.8134086	8.278006	8.059092	9.521725	4.414251	6.5698977	4.790429	5.4155006	6.6314507	10.73251	5.7077274	4.880856	4.5510306	5.1458206	8.86516	4.8223066	8.023256	8.5946045	7.999409	5.181511	4.6523104	7.587739	7.850042	8.894422	6.687009	9.032736	4.3239384	5.955592	5.8451853	3.2767754	4.2359905	6.8691597	4.380604	4.103108	5.6461735	3.8884335	5.544221	3.2675033	5.6691723	9.102104	5.1527653	4.53342	6.2818403	5.320068	11.68537	3.7254405	7.5547876
6.0377197	9.951639	11.351162	6.141741	9.868378	9.975448	11.223319	6.5763917	8.399704	6.7168045	7.482378	7.085056	12.269301	6.939736	6.6420956	5.798218	6.668034	10.835264	3.8097363	10.391983	10.832225	7.348774	6.6569147	6.55676	8.17086	10.415003	10.986122	8.178534	11.026744	6.4465876	8.118794	7.2477865	3.6531348	5.078227	9.403959	6.4721966	6.91796	7.571413	4.97938	7.003814	3.8756385	7.4204183	9.683438	6.329276	5.7502613	9.018841	3.9114866	5.660837	3.1044962	8.814465
6.0505385	6.318079	8.067619	5.8427415	5.9978905	5.4457836	8.232876	5.8209743	7.248752	5.8463907	6.01655	8.254275	7.9377804	6.468722	5.6049185	6.812254	6.6407886	7.2971015	6.505518	5.5296135	6.47471	4.213612	6.3461094	5.852219	8.932003	5.7134767	6.6618614	6.091342	6.649581	6.01662	7.16279	6.7863684	4.6067157	5.021282	6.9998875	5.6210623	4.9090176	6.928579	5.6353197	6.692461	4.617283	7.2316437	7.665355	7.425448	6.1171646	8.510895	7.1286983	4.3156853	3.5969386	7.5191183
6.653399	9.230349	10.759245	5.2122707	9.725606	9.034349	11.050888	6.5265675	7.196536	5.284693	7.0248566	8.30795	11.470366	7.1756744	6.882126	6.711396	8.757099	10.465562	4.7758656	8.561506	9.966419	7.530871	7.3200116	8.071873	9.003075	9.544211	10.052697	7.7014565	10.017588	6.5745354	6.776246	7.9436593	3.084623	5.383918	8.727514	8.072704	7.9142847	7.7907896	5.5186853	7.4664297	3.0853531	8.099085	8.7521515	6.5233145	7.2170224	9.063182	4.9427314	8.029643	3.6087513	3.2599316
3.640749	7.319939	8.937927	3.1189022	7.005127	6.78129	8.371557	3.2163923	4.572267	3.2707186	4.1394343	5.0596585	10.187832	3.9142652	3.28961	3.23194	4.101899	8.571268	7.2895355	6.6466	8.121693	10.470164	3.6239197	4.29473	6.0748086	7.5160213	8.010046	6.299435	7.4489694	3.2997088	5.0531216	4.303812	3.2317288	3.140171	6.389551	3.2840002	3.1868448	3.859176	3.245617	3.7365165	3.1918433	3.9444215	9.482855	3.5788193	3.5191815	4.8489404	8.949816	7.3950877	3.0846035	9.29178
5.8908806	7.9060173	9.11059	5.0853643	7.51608	7.429062	9.141893	5.935611	7.1350923	6.023114	6.1943073	7.7541375	9.535444	7.1044126	5.188369	6.6383495	7.247622	8.628044	7.2036037	7.306394	8.111353	5.864645	6.7357273	8.175131	8.710075	7.554979	8.066485	6.3127165	8.165179	7.173577	7.409398	7.3765354	6.2054176	4.2452106	8.260651	6.5287056	4.893957	7.597933	4.783368	5.83367	6.006256	7.6766806	9.29376	5.289633	5.4741497	8.544775	8.705305	4.946968	3.3628862	5.755155
4.663704	7.0189753	8.653536	3.495918	6.729924	6.197789	8.479586	4.204688	5.773088	3.374063	4.5077543	7.7071214	9.205594	4.861564	4.3158894	4.7761216	5.602283	7.776066	5.0476584	6.341445	7.2610703	6.2886314	5.373578	4.8339915	7.69334	6.5732183	7.3589463	5.7694607	7.35899	4.682212	5.4828386	5.159195	6.6773624	3.4776578	6.100155	4.661607	3.8483026	5.345031	3.8857794	5.0824537	6.4769354	5.526838	8.309355	5.0535407	4.619332	6.384383	5.7570214	6.014859	4.2563004	7.677987
4.725795	5.5020566	7.0852966	3.2331078	5.2401495	4.879735	6.933939	3.6310053	5.031971	4.455549	4.1929126	7.1106524	7.740932	3.9759798	4.349135	3.6247044	4.7498636	6.318899	5.3164244	4.8675523	5.6984663	6.848365	4.5115137	3.9910517	6.4926386	5.3943653	5.778613	5.4699264	5.9355063	3.5529733	4.837121	4.4889903	3.4660525	3.4431624	5.3318386	3.5439293	4.1048317	4.4374104	3.772941	4.5722127	3.2769217	4.2726617	7.4748077	4.0748677	4.015689	5.6783113	5.703397	3.7664733	3.3020725	8.764017
7.5572944	10.591418	12.660994	3.5084565	10.628708	10.716618	12.932085	5.394828	8.811096	5.486177	5.752288	9.750023	13.1482115	8.632032	4.719889	5.3406506	11.013532	12.380888	5.192851	10.096312	11.044628	5.8531055	9.057366	9.540652	10.188476	10.630269	11.499796	4.4557915	11.688795	8.302482	8.400061	9.269325	4.7202177	3.2111845	11.477523	8.851168	3.962902	11.62454	3.4961934	5.2228	6.2201443	10.24054	11.307071	3.6362615	3.8236675	12.042041	8.489222	4.125396	3.088974	4.8396025
5.57848	10.082642	11.964578	4.5037103	10.229252	9.8875675	11.861273	5.4785156	7.118087	3.6775017	5.82528	6.505891	12.5637865	6.113453	5.129323	6.7927003	6.483073	11.117695	3.2414675	10.152163	11.231102	5.702916	6.6034102	6.422518	7.4104176	10.711722	11.297449	7.4164405	11.338848	6.445552	7.2860713	6.6766605	4.021574	4.0825787	7.9820104	5.7092834	4.5470705	6.961014	4.436711	6.1670437	4.5870647	6.5255036	12.311472	5.3953266	5.0937824	8.496159	3.201432	7.894407	3.1072798	7.7231503
6.09138	5.679345	7.796204	4.201915	5.916195	4.844569	8.140854	5.278686	5.9030313	5.214466	5.7398233	7.556541	7.62906	5.5640655	4.5779037	5.128395	7.105042	7.2886167	6.653043	5.117483	6.016776	3.6772816	6.330085	7.1737494	8.121365	5.325343	6.6961727	4.517705	6.354591	5.8537145	5.9211636	6.9969215	3.1136925	3.3870966	7.140649	5.816759	3.9780269	6.642439	3.88865	4.7985926	3.1053715	6.214203	7.521693	4.0630736	4.2206283	7.7707253	7.9349313	3.97994	3.5330825	8.881119
5.151994	7.6355867	8.88517	5.1193743	7.848584	7.0854697	8.746851	4.8183365	6.3771257	4.2854915	6.214626	6.161197	9.164564	6.474016	5.455226	5.4151945	5.978257	8.673573	8.072517	7.699839	8.197377	7.5859933	5.657529	5.9578934	7.9193287	7.271186	8.24485	7.4186983	7.9159613	4.8978667	6.8202004	5.9702196	3.4680657	5.0099583	6.410734	5.191605	4.541654	5.827428	5.8337483	5.805088	3.469918	6.1740284	9.619994	5.998476	6.166674	6.5498447	9.143581	6.0116787	4.0641837	8.193763
7.38982	9.223664	10.843174	7.692275	8.887387	9.0355015	10.742598	7.195581	9.253534	8.252037	9.140659	9.031883	11.337241	8.190885	8.61861	6.916573	7.9213524	10.185252	3.9109645	8.5324335	9.432299	6.4251404	8.378466	6.8143353	11.056548	8.743922	9.625704	9.844614	9.604687	6.3786917	8.76193	8.168171	3.1038818	8.382566	9.17771	8.999569	9.530815	8.494893	8.240202	9.993537	3.1114562	9.983054	11.359742	10.075583	10.0843525	9.949301	4.0507593	7.43004	3.2332203	4.225881
7.050839	8.724022	10.218714	6.2811575	8.27578	7.8850217	10.148882	7.347914	8.362879	4.868707	7.1910276	9.293158	9.965836	7.38971	6.7507668	6.163147	8.002647	9.303677	7.689675	7.7347193	8.619068	6.5544195	7.6008835	6.4033957	9.937172	8.048452	8.887318	7.8093076	8.868076	7.749051	8.138645	7.896974	6.916611	5.89149	7.9655876	7.506062	6.3319387	8.0845375	6.91743	7.825236	8.266777	8.750699	11.3206005	7.8163686	7.2961287	9.491167	9.056682	5.9833374	6.192772	8.389158
5.4410934	7.176495	9.001932	3.52536	7.1678643	6.4960704	8.639542	4.290739	5.9505653	4.1774683	4.891527	8.008751	9.3359375	4.869901	4.171091	5.363699	6.505274	8.0993805	3.41795	6.526965	7.1769247	5.721877	5.5351505	6.642485	8.032898	6.501685	7.5433593	5.5800343	7.380881	4.507863	5.875327	5.5799427	7.130815	3.6725142	7.3062177	6.10141	4.030977	5.9443216	3.696472	5.3017273	6.904852	5.971121	8.147341	3.880589	4.5943565	8.0311775	3.5432963	8.289007	3.2892807	9.418489
7.3675747	8.154768	9.780628	6.8687634	7.9839306	7.624936	9.807511	7.4458885	8.71401	5.588049	7.741685	9.280727	9.694946	8.4963875	7.2081842	8.181286	7.8596973	8.879488	5.7232647	7.4649425	8.358781	5.17789	7.999401	7.4163837	10.233168	7.5571766	8.440424	7.796782	8.66033	7.339006	8.215921	8.151997	4.957953	7.4625454	7.724076	7.3863435	6.033263	8.165305	7.578675	8.754335	5.6026373	9.192049	9.762157	9.386512	8.424648	9.633888	6.4079223	5.5550485	3.5857246	9.006324
4.635953	5.9078217	7.1356783	3.1445818	5.838313	5.28036	7.2149563	3.7069871	5.4418864	3.3192387	4.0654125	6.7387567	7.856733	3.7646542	3.6557722	3.7060103	5.5600786	6.6718435	7.0048275	5.0133	6.1207004	6.1215653	4.814369	5.1637316	6.4608955	5.6688128	6.2509365	5.295803	6.109155	3.9043453	4.6710215	4.796096	5.9176207	3.2070005	5.9559383	3.8839734	3.8737252	4.7730656	3.4847674	4.440713	5.3928003	4.4745026	8.919014	3.6566525	4.0861025	5.752178	8.04764	4.4590936	3.2164392	8.65237
7.4424944	9.218174	10.827846	6.5443363	9.15927	8.934065	10.686738	7.6107564	8.351858	5.7590103	7.1060357	8.642864	11.139528	7.412455	6.77973	7.177238	7.6952047	10.299301	5.468664	8.56769	9.780865	6.1309423	7.472894	7.2886915	9.211714	9.092976	9.560012	8.561074	10.08394	7.4696484	7.7411933	7.811724	3.928099	6.2500467	8.810118	7.634552	6.7958136	8.099606	6.609868	8.117439	4.8050327	8.64691	10.714467	8.690315	7.2217746	9.772221	6.065703	7.414859	3.41744	7.3325872
5.177414	6.653787	8.236336	3.7733507	6.3659673	6.36806	7.8020573	4.6178045	5.9732227	4.235738	5.229942	7.3226695	8.07728	7.581011	4.5323744	4.753849	6.5865192	7.527592	6.1527705	5.922079	6.5316873	6.095725	5.5549436	5.612615	8.212268	5.965478	6.658915	4.81997	6.635398	4.5658965	5.615787	5.9690647	3.0864875	3.5943177	5.9429436	5.091465	3.658668	5.9985585	4.255671	5.088523	3.08498	5.89659	7.5301113	4.7632766	4.838147	7.384409	7.0343833	4.3660264	3.9420555	9.225395
5.8056335	7.271662	8.529074	4.0424457	7.111	7.1185083	8.695236	4.354726	6.548117	4.829317	5.2585087	7.855149	9.606598	5.187778	5.4885273	4.703409	6.0358267	7.953485	5.388462	7.0895824	7.913667	8.030892	5.57827	5.27006	7.325043	7.250198	7.5197434	6.866469	7.9750013	4.768898	6.007699	6.1014194	4.585053	4.0788584	7.138731	4.725871	5.2179556	5.591319	4.599457	5.611416	4.4903164	6.2108307	7.9415755	4.969285	4.7607365	6.8078637	5.81444	5.3565097	4.0127296	9.719493
6.675416	4.882807	6.7339463	3.5511665	4.494302	4.0656195	6.9980736	4.148081	5.6339145	4.3115	4.1199665	8.07476	6.5974503	4.188081	4.8430357	4.5318546	5.6177654	5.849964	7.1415124	4.119251	4.9631	3.4672763	5.2211695	5.2072663	7.4676485	4.4371047	5.355335	4.832255	5.466281	3.8804078	5.197686	4.676159	3.0901213	3.4711566	5.7820587	4.102821	3.6965287	4.980721	4.002178	5.0987587	3.0876372	5.414394	7.5112877	4.5868473	4.670038	6.6753016	8.232067	4.682909	3.1190333	9.382967
8.0450325	9.025412	10.3003235	5.9875784	8.484851	8.092543	10.036451	7.509248	8.486683	6.138441	7.0137014	9.576009	10.648495	7.3868394	7.170099	7.5836587	8.217255	9.319441	4.384301	8.041534	9.081947	6.2538643	8.436008	7.2064886	9.532499	8.987942	8.846233	8.387289	9.464309	7.7593193	7.9775643	8.0056095	5.2132297	7.390668	8.509336	7.1022224	7.195256	7.8022	7.0871787	8.122923	5.7269993	8.290253	9.555284	8.486292	7.4869523	9.170599	4.5531545	6.9910107	3.8975515	5.986624
3.699569	5.971438	7.385942	3.1178024	5.6873693	5.7168317	6.8673716	3.280841	4.8966312	3.275827	3.5343113	5.7873173	8.797028	3.4875987	3.5858307	3.2301347	3.6004832	6.467911	6.0206175	5.2028704	6.5674925	11.489971	3.6981747	3.4797854	6.3592033	6.6473866	5.9438996	6.577237	6.4620895	3.3120189	4.4083233	3.6029217	5.942003	3.208723	4.8571644	3.1948333	3.6059847	3.6742706	3.7963321	4.328516	4.3001122	3.6488671	11.486031	4.7878766	4.384561	4.556348	6.544567	5.070134	3.2377515	7.5452924
4.3907595	6.2292633	7.729113	3.3198853	5.790086	5.519965	7.588936	4.0776424	5.377185	3.519792	4.7423964	7.1626244	8.403625	5.5969634	3.7700002	4.361675	5.5911856	6.8991194	5.464467	5.4974475	6.6568823	6.234262	4.7588835	4.8548293	7.565138	5.683462	6.543352	4.960434	6.493985	3.867618	4.890873	4.5171323	5.4705667	3.601603	5.170938	3.9223614	3.442608	5.168372	3.650022	5.030107	4.861282	5.0750475	7.141042	5.6214724	4.254592	5.9645605	6.470521	6.5591955	3.1649349	7.9810867
6.9547205	9.041594	10.688865	5.366648	8.755335	8.60388	10.65901	6.506388	7.4406757	4.925287	6.917056	7.1579347	10.804407	6.9372272	5.9848623	6.8650026	7.7449346	10.079547	3.7721133	8.557291	9.426503	6.433319	7.0094433	8.394253	8.531603	8.970476	9.851635	7.0523143	9.765403	7.1039534	7.36702	7.774037	3.1502383	5.10558	8.997597	6.9629936	5.6660643	7.954267	5.179998	6.6543107	3.1500974	7.4682803	9.120859	6.5174227	6.6761928	8.955938	3.8714964	7.1482325	3.2720907	7.9145474
5.658649	9.881332	11.050882	6.1087832	9.652424	9.331747	11.090597	6.0855317	7.5477114	4.521356	6.581902	6.793995	11.706417	6.9965887	6.141429	7.498498	6.5299873	10.389296	7.2529883	9.733986	10.291216	6.9963913	6.534707	6.7705727	8.1803	9.508747	10.6390915	7.659023	10.616589	6.743955	7.3063993	7.50601	3.3219697	4.5153766	8.356657	6.8432884	6.464403	7.223989	5.662326	7.5884233	3.4946644	6.733345	11.323619	6.2584777	6.671125	8.634769	7.5789185	6.7995872	4.117274	3.1254346
4.6246805	7.683061	8.907244	3.6184926	7.2495537	6.598219	8.597116	4.623134	6.079674	3.52243	5.621946	7.48598	9.319397	6.109241	4.649455	5.2386694	6.2673664	8.128466	4.655472	6.894234	7.6398454	7.0006104	5.619501	5.5805855	7.921855	7.0678186	7.644094	5.585661	7.705243	4.4019556	5.8278847	5.138042	4.081378	4.085339	5.7320642	4.8458962	3.7527192	5.680853	3.8857932	5.457407	3.923951	5.653369	9.556201	4.844817	4.934939	6.543623	4.676344	7.6164455	5.849669	10.209188
6.613037	8.80142	10.253055	4.3505244	8.763674	8.907835	9.897334	5.288172	7.604255	6.2709117	7.0924163	8.0846615	10.679586	7.3017406	5.573528	4.587636	6.95358	9.746022	5.5322514	8.356855	9.155092	8.373068	6.5265636	6.171651	8.341137	8.384883	9.284148	6.6442814	9.311333	5.4125996	7.245483	7.291005	4.0295153	3.8922074	8.741516	6.1639013	4.9860363	7.2368207	4.284446	6.033472	4.215535	7.150517	9.630085	4.832122	4.8710666	8.581017	6.121312	6.817752	8.037904	8.922415
6.6465178	8.955665	10.340401	5.226612	8.7721615	8.478307	10.150075	5.8652534	6.724612	4.1639414	6.620207	7.903574	10.800247	7.1470404	5.742763	7.0850863	8.334454	9.961712	4.282353	8.408604	9.136993	6.3677654	7.237565	7.860907	8.862495	8.807049	9.506142	7.6909842	9.397946	6.4727206	6.4872265	7.2946477	3.0867722	5.640524	7.775265	7.691957	6.064949	7.1871433	6.030489	7.843829	3.0882504	7.1401687	10.286889	7.2485733	7.7142005	9.045892	4.373147	5.6758995	4.049999	3.6135502
6.641165	7.4641266	9.276009	6.7799177	7.0948277	7.616845	9.119629	6.1514654	7.7693624	8.729556	8.071899	8.922465	9.711477	7.483103	7.632303	4.991916	7.587593	8.801863	5.6582603	6.6826506	7.629044	8.03732	6.4929905	5.5774317	11.16523	7.2341776	7.8036695	8.3574505	7.662775	5.803133	8.214874	7.2629337	3.0858881	6.638258	8.019255	7.8557935	7.7350993	7.2214823	7.458485	8.121037	3.0844736	9.06242	8.749916	8.304676	7.923105	9.012072	6.826086	4.74514	4.6067	7.6749964
4.429375	7.487745	8.932291	3.58683	7.5990667	7.346721	8.438509	4.0976295	6.029434	4.431638	4.992062	6.220897	10.037783	4.888555	4.5170517	4.276385	4.987334	8.382164	5.832569	7.437622	8.059506	8.50334	5.104959	5.656169	7.0105486	7.5927143	7.913122	6.3245215	8.115372	4.7089067	6.1943493	5.3135595	5.8851347	3.6460254	7.3894095	4.3981028	4.0520477	5.25809	4.0190206	4.7573304	5.2312655	5.4500074	8.892158	4.7041063	4.04138	6.4712267	6.9797745	5.7009373	3.4394355	5.536833
4.7025046	7.687493	8.988299	3.4334843	7.2586937	7.502075	8.939716	3.8177204	5.8663044	3.5310817	4.797411	6.6457305	10.017797	5.567376	4.1778526	4.344451	5.390765	8.656189	7.0680637	7.4092484	7.736378	6.9564238	4.9158187	4.9305377	7.1032877	7.2520666	8.116293	5.258788	8.239716	3.8420014	5.2063513	5.2453403	3.2843676	3.281762	6.8671603	4.7147703	3.2738006	4.982788	3.6361117	4.705063	3.3154578	5.8014073	9.434334	4.6166162	4.387565	6.637082	8.384271	9.711676	6.4610586	7.5226517
6.8112345	9.180292	10.425917	5.653759	9.128008	8.613995	10.46456	6.464287	7.7509117	5.196	5.847642	9.40188	11.290219	6.691617	6.342306	7.352522	8.068918	9.750896	5.1656485	8.7558975	9.562836	5.9536953	7.5173492	8.366177	8.745765	9.701452	9.484242	7.317268	9.771884	7.99847	6.957432	7.4017854	3.6789193	4.5638847	8.526295	7.471549	7.186074	7.41294	5.796233	6.961455	4.028058	8.207162	9.171387	6.1575804	5.9818635	9.588794	5.8986874	5.661472	3.2516947	4.231634
5.1395516	5.6346445	7.5575047	3.7895436	5.663872	5.3665233	7.6005807	4.6634803	5.0565796	6.538847	5.1897144	7.9213705	8.059648	5.465909	4.719596	4.1499286	6.8706074	7.2630935	3.2544906	4.7307463	5.69107	5.6253853	5.2040043	5.204747	8.579599	5.20448	6.3336954	5.9611173	5.9487677	4.171065	5.0972834	5.549623	3.0831025	4.345014	6.3213596	6.18497	5.2163696	5.3144855	4.005511	5.1247773	3.083096	7.0513077	6.152712	5.2029448	5.297859	7.175917	3.299605	10.405392	5.885638	3.395472
5.043774	6.6434817	7.8937964	4.2887335	6.4999948	6.2819576	7.992053	4.777809	6.0357513	4.8786755	5.311989	7.073597	8.298078	6.3700833	4.6219625	5.0190988	5.8587375	7.7039137	4.9648414	5.9616933	6.889574	6.9902077	5.495967	5.15204	7.8549557	5.95056	7.0677023	6.088146	6.666442	5.1175547	5.9385767	5.7201357	5.2458735	4.4455147	5.6672115	5.3303328	4.680841	5.673038	4.6068745	5.6797633	4.8082986	6.192339	9.242785	6.071434	4.729655	7.094381	5.538513	9.746296	3.6307554	6.3027716
7.4499574	9.948261	11.13067	6.2095003	9.237953	9.535674	11.028176	7.4714127	8.842278	5.0466146	6.6890554	9.332151	11.310207	7.3804526	6.917014	7.2355776	8.006485	10.465704	7.7110386	9.056229	10.073698	7.1764255	7.356433	7.4913893	9.173882	9.668411	9.893431	7.8616433	10.254538	7.8204646	7.9516716	7.8286204	7.1695333	4.7342463	8.9777975	7.4309983	6.390931	8.160847	6.7577753	7.7941484	8.997784	8.994607	10.434259	7.254075	6.8233213	9.630134	8.906834	5.2029824	3.8368745	5.575609
4.67934	5.109497	6.9136763	3.1653132	5.309041	4.6182337	6.8364177	3.3727255	4.7142577	3.2132452	3.4365032	6.5637197	7.6143155	3.4033859	3.7862823	3.4147816	4.1207137	6.0662003	8.701715	4.4992685	5.373435	4.7824326	4.003059	3.8366518	5.88655	5.1479726	5.550873	5.08374	5.623476	3.327763	4.4076014	3.9029763	3.0917819	3.1455793	5.2821445	3.5467348	3.4018598	3.745606	3.8099236	3.9392889	3.0952365	4.1301894	10.045207	3.5391817	4.054942	5.162504	9.720396	3.8851757	4.6920652	9.987124
7.6949167	7.041331	9.016795	5.824197	6.7073617	6.351527	9.466171	6.619754	8.286593	5.2917843	6.807211	9.797565	8.576223	7.8653026	6.3594313	7.315149	8.372082	8.344341	5.7215557	6.1740294	7.555949	4.437788	8.028934	7.5124545	10.162916	6.374529	7.5273967	5.8869543	7.7641363	7.093431	7.20958	8.035354	6.6172194	5.448993	7.6869106	6.476492	5.6295233	8.787987	6.1124487	7.8414655	7.311846	8.729813	10.265384	7.4277253	6.90921	10.002852	6.7993064	4.663381	3.7984934	8.611153
6.5054426	7.5077505	8.967432	3.8855956	7.261879	7.3737516	8.796587	4.67095	7.132114	5.698778	6.230109	8.027514	9.595074	5.759976	5.1765404	5.3097167	7.568476	8.534712	4.645341	7.1062055	7.656283	6.670719	6.555616	7.2100053	8.336401	7.0191135	8.169161	5.808342	8.117959	5.4099116	6.5192356	6.595066	7.9762917	4.0173073	8.389661	6.713611	4.884617	7.078792	4.304995	5.981596	7.1687365	6.5418434	9.535511	4.165587	5.0961065	8.756172	4.9370747	5.8457727	3.4883938	8.630663
7.3313527	9.580322	10.799835	5.3188972	8.996555	8.398745	10.890514	6.709709	7.5597167	4.065875	6.6738777	9.124706	11.00169	7.4733663	6.047159	8.182388	8.275843	10.240448	4.3846436	8.933655	9.892351	6.3732615	7.901662	7.9674315	9.029147	9.39378	9.837178	7.707079	9.982097	7.0449305	7.381641	7.644527	3.1981552	5.676716	8.100552	6.348878	5.847154	8.048382	6.6327114	8.083757	3.2563539	7.7409134	11.587657	7.536567	7.601874	9.407457	4.238457	5.641838	5.336485	4.061444
6.8477583	9.358904	10.952747	4.2174816	9.1101265	8.8328705	11.513063	6.157859	7.885601	4.3968544	7.0603933	9.766761	11.59016	7.3184	6.4748306	7.307265	9.285545	10.776306	4.660339	8.323138	9.752675	5.9790587	7.448912	8.793099	10.0864105	8.946606	10.079786	6.3265076	9.963709	7.624733	6.7695465	7.9556766	3.0832405	4.210126	10.117571	8.560642	6.308117	8.625564	5.605528	8.233805	3.0832696	8.65823	8.531067	5.7322483	7.299869	10.63667	5.515134	4.998728	3.2409675	3.0972044
7.8653502	9.515778	11.262493	5.2462015	9.364982	9.363413	11.156968	7.751022	9.023684	6.5678906	7.1465883	9.747637	11.886708	7.875193	6.781211	7.589811	8.833485	10.37653	4.9705276	8.915037	9.791545	5.892538	8.144144	8.737572	10.17506	9.793726	10.035092	7.9895177	10.488974	7.758089	8.271194	7.990051	4.7736206	5.2618456	9.793782	8.091613	6.594306	8.928627	6.193556	8.096993	5.875566	9.4689865	9.272158	7.5214415	6.615339	10.380435	5.9143	5.9462194	3.1584413	7.4905624
4.8467083	4.881446	6.56289	3.1894953	4.719579	4.822905	7.083773	3.4138343	5.688053	3.6079845	3.6796067	6.9793262	7.292685	3.5546997	5.0909853	3.2919676	4.024071	5.8897676	7.168382	4.3331614	5.7050624	4.8052454	3.7548313	3.546588	5.886663	4.7490005	5.3745723	5.643524	5.641682	3.195345	4.06462	3.7249374	3.0833704	3.3261395	5.3052645	3.3288069	3.9316936	3.6240466	4.4648705	5.2262363	3.0832179	4.5193114	7.089867	4.7430944	4.220142	4.7590957	7.8043046	10.192571	3.3625362	7.0650735
4.3176126	7.3591437	8.5208645	4.115776	7.1784067	6.9075356	8.427231	4.5255375	5.929854	4.012863	4.655544	6.906337	9.627149	5.2078295	4.396466	4.9407544	5.7907705	8.117012	7.4831862	7.0267367	7.557677	7.344085	4.9471908	5.24681	7.2553945	7.076336	7.8600693	6.442932	7.617425	4.7600517	5.697199	5.388131	3.753262	3.694696	6.1007023	4.9647374	4.17039	5.2232256	4.2699156	4.8491974	3.6440575	5.858059	7.722471	4.917225	4.4952636	6.5143223	8.613071	7.181546	3.6687484	4.1112514
5.4414496	7.6677604	8.851763	6.175624	7.6586246	7.030653	8.795786	5.684353	7.3292885	5.311212	6.2974644	7.8141227	9.517592	6.680663	5.775547	6.277628	6.5779123	8.891069	7.2072115	7.21129	8.1224785	7.0537252	6.721675	5.4861355	8.742665	7.054246	8.071028	7.117045	7.841289	6.4458666	6.928063	6.8042526	5.1437483	5.4271965	6.7550745	6.3096523	5.8632183	6.3998976	5.6633587	7.3908453	5.2418013	6.867771	11.95513	6.682809	6.1775417	8.256739	8.748338	5.560951	7.047327	3.3906877
7.4575195	10.273577	11.699731	6.585987	10.111711	9.247322	11.6843405	7.255082	8.27145	5.9249086	8.831322	8.973139	11.965031	8.672417	7.1205983	8.67463	9.069004	11.22884	3.7187688	10.060226	10.731612	7.114172	8.620131	9.230408	10.804307	9.865412	11.179097	9.361647	10.782849	7.2044005	9.239336	8.122885	3.9332252	7.9324913	10.093639	8.179449	7.005365	8.169505	7.4756193	9.025419	4.8692565	9.172535	12.887011	8.955551	10.3337	9.356169	3.858314	6.7480617	3.813068	3.2905798
6.0664577	7.3267775	8.885907	5.909956	7.0641117	6.9752755	8.719102	5.5523825	7.373817	4.5870805	5.674938	8.214779	9.074173	6.1552906	6.017871	5.531454	6.8835506	8.110155	9.008784	6.9856873	7.68481	7.500731	6.001494	5.8000574	8.462711	7.03438	7.790834	6.895522	7.61	4.841836	6.5093713	6.3353176	6.2908225	5.165456	7.075212	5.917694	5.8170996	6.3853793	5.5923624	7.110421	6.818367	7.02806	8.907276	7.377738	6.7001104	7.5502553	10.426004	6.8322654	8.536274	5.8455453
5.21922	5.5260124	7.2344575	3.5832782	5.217869	5.077314	7.3998804	4.0806026	6.1939874	3.9122562	3.9510224	7.8757305	7.6989255	4.001115	4.8370266	4.628942	5.455617	6.493601	6.9882097	4.9189277	5.5986714	3.9701452	4.828777	4.9414425	6.9548683	4.8672423	6.108147	6.0542793	5.976651	4.12663	5.0912867	4.666121	4.1974425	3.671234	6.495969	5.2012773	4.916904	4.771268	4.513255	5.659172	4.431486	5.5688963	8.298946	4.84142	5.5835466	6.786627	8.169072	6.4707537	7.1800346	9.224614
4.8598204	5.996461	7.6703525	3.5861092	5.536769	5.135153	7.6589594	4.186979	5.8228292	3.4115598	4.286229	6.9715033	7.572905	4.7337904	4.403857	5.165699	5.560977	6.941635	6.552574	5.186367	5.9402585	4.048093	5.1872234	5.1572747	7.160516	5.1059184	6.215849	4.830328	6.1768656	4.460763	5.21185	5.0699787	5.393488	3.4262311	6.1027017	5.094406	3.7914953	5.387804	3.9125881	4.939369	5.775876	5.618575	9.795809	4.9291277	4.9807615	6.933978	7.6461487	4.4494066	6.483817	9.661563
6.890027	8.358839	9.83721	5.6344094	7.9502954	7.827145	9.861532	6.017092	7.826952	5.5161705	6.876482	10.008279	10.098122	7.1802535	7.1378536	6.583863	8.617428	9.080011	3.7872338	7.4662414	8.395693	6.1439133	6.9330077	7.794531	9.782131	7.688158	8.365107	8.00765	8.331047	6.726824	7.334992	7.1717005	3.1434412	5.322065	8.658817	8.153664	7.854325	7.562312	6.654597	7.9599247	3.149313	8.971592	8.367445	7.34074	8.139553	9.479471	3.88721	4.9710474	5.273898	4.1208267
6.206932	10.33733	11.304308	5.2990375	9.855463	9.515871	11.286096	6.013515	7.8518944	4.203963	6.188209	7.7546077	11.998955	6.630122	5.8334703	6.4871993	6.0693703	10.943523	8.17535	9.946711	10.612387	7.488223	5.8734503	6.067218	8.134117	10.382059	10.483512	8.777157	10.721787	6.382977	7.4841795	7.215166	5.5283833	4.241673	8.8945465	5.772847	5.298582	6.6434236	5.6161547	6.5991697	7.58407	7.462058	10.246853	6.390159	5.7399445	8.486249	9.05776	7.1010857	4.310335	8.044046
4.681266	6.3345957	7.9790273	3.586215	6.024643	6.0127273	7.676533	4.4066067	6.05921	4.691679	5.080854	7.0437164	8.1339035	6.208096	4.756077	5.1896133	5.964347	7.2227435	5.576729	5.664981	6.49883	5.718103	6.0424356	5.689556	7.6271334	5.9283967	6.425606	4.8608627	6.526637	4.922224	5.7971163	5.5055294	3.1996427	4.0630574	6.283432	4.487416	4.175909	6.3827677	3.9627128	5.273199	3.1527996	5.753289	8.646893	5.14503	4.7966065	6.8159766	6.3840885	5.1076317	7.074337	7.373528
4.6158442	6.5035067	8.17505	3.118835	6.5770607	5.9438667	7.900751	3.3643093	4.9421353	3.7471159	4.2215004	6.3436728	8.913999	3.9089382	3.3187325	3.248954	4.2728844	7.1853514	6.4218054	5.5743546	6.6465673	8.779716	4.375318	4.3649664	6.947856	6.538995	6.84313	5.24432	6.928337	3.4387524	5.288479	4.737059	3.5766823	3.1353173	6.662017	3.342043	3.2655947	4.324121	3.2445605	3.8694143	3.4265208	4.076211	10.316282	3.5095131	3.482565	5.3073487	7.1889935	4.7089686	3.216453	8.357239
4.155534	6.541339	8.015112	3.639901	6.6588125	6.4426904	7.975669	4.1174054	5.584844	3.8534675	4.6605268	6.228426	8.72729	5.307499	4.1112556	4.4697347	4.870316	7.437744	6.686242	6.0191126	6.9102	6.7323813	4.9261785	4.5238075	6.9782686	6.1166453	6.858567	6.0338087	6.9785104	4.690384	5.0709796	5.4363937	3.1122267	3.663049	5.416461	3.8749278	3.7217078	4.9265423	3.895075	4.6664166	3.0961707	4.773224	6.6989374	5.2191772	4.1615496	5.5413446	7.6626863	4.7929106	3.2745829	4.7150297
8.518452	10.108493	11.766114	5.1914144	9.3669405	9.246756	11.99855	6.793086	9.561974	6.115276	7.498176	10.975578	11.718508	9.081735	7.2467875	8.494434	9.976074	11.149755	5.66903	9.28026	10.291224	5.351242	9.12823	9.5927105	11.256899	9.396121	10.4475765	6.7334566	10.357862	8.883865	8.817707	8.968716	7.549313	5.1680183	10.552134	8.274991	6.9943666	9.987584	7.102492	8.988055	9.881786	10.5897665	11.77038	7.8706846	8.1547985	11.63219	7.870402	4.2241783	3.3680422	3.7017367
4.7667556	8.736301	10.581361	3.4564748	8.525082	8.5661335	10.021831	4.179433	6.6105194	4.1057844	5.082189	7.020055	11.172184	6.2941484	3.876272	4.0333934	5.926168	9.833185	6.2553573	8.197541	8.83448	7.4827456	5.449026	5.901799	8.522125	8.338461	9.092108	5.442392	9.325704	5.257392	7.306198	6.5340796	5.842223	3.2592885	8.951389	5.3066573	3.4904666	7.1001678	3.467972	4.7319417	6.240303	6.272805	11.107927	4.022808	3.9590197	7.9156427	7.8109064	7.6082954	3.2060254	7.316317
6.956645	7.829426	9.972343	5.4879236	7.8143864	7.1072884	10.359805	6.6968155	7.102203	4.479346	6.873309	8.833021	9.631254	6.7557316	5.69085	7.0915766	8.074356	9.499512	3.5752163	6.5209	8.103609	4.581007	8.143379	6.769278	10.015957	7.3540006	8.547345	6.7678785	8.31475	7.1832695	7.935905	8.286876	6.016304	6.349281	6.520397	6.9933357	5.8878965	7.5112433	5.241821	7.6866994	7.118476	7.731997	11.090302	6.775788	7.1778893	10.398125	3.587653	4.1261506	3.1378875	9.541214
6.4980717	8.920771	10.548407	7.4197245	9.237571	8.516703	10.586685	7.6521444	9.276894	8.435884	8.167685	9.831519	11.079527	7.421041	8.010315	7.227723	7.67366	10.02327	6.626009	8.326538	9.285707	6.3126388	8.16032	6.9606605	10.751526	8.140436	9.428318	8.851742	9.349523	7.3917046	8.5371065	7.593673	7.5761805	6.999056	8.73858	8.742229	8.674372	7.4850764	7.897734	9.397865	8.996674	9.469035	13.407968	9.219614	8.953944	9.821065	8.736044	5.0829678	6.2327394	3.1929295
6.8214474	8.590551	10.114297	5.7054152	8.492565	8.444939	10.102921	6.626646	8.23134	5.256691	6.9558954	8.940308	10.5626545	7.1863117	5.916253	6.96176	7.7905335	9.332575	4.5150247	8.123018	8.8486395	6.018636	7.3482914	7.114858	9.420622	8.45908	9.136208	6.658518	9.073863	6.6758633	7.6016235	7.341338	5.348461	5.6366267	8.077409	7.1032968	5.2028494	7.9846025	5.3730073	7.615824	6.0760636	8.153412	9.657917	6.694434	6.7751675	8.987112	4.851819	7.9357986	3.1738615	9.768156
4.384893	5.9227195	6.8709626	3.2103162	5.489027	5.5287037	6.5592337	3.4932237	5.1682777	3.9024463	3.9869528	7.5271626	8.105383	3.6374912	3.9021716	3.425635	4.6790376	6.3547344	5.4020414	5.0999393	6.0506167	9.542211	4.07383	4.129317	6.2555676	5.9137344	5.953945	6.920068	5.8415737	3.5090353	4.5203514	4.1050515	4.991008	3.566122	5.089327	3.5290825	4.1371007	3.8079474	3.8141696	4.2956877	4.067147	4.1579924	8.707184	4.4076834	3.9740145	4.895441	5.6883936	3.9338648	3.1073968	8.695236
7.0378256	7.5461383	9.303399	5.388504	7.676214	7.043865	9.519686	6.227599	7.4077387	6.185055	6.596433	9.306357	9.449305	7.5294538	6.471348	7.6748276	8.472153	8.945023	3.8277483	6.9998074	7.973885	5.4519634	8.018295	7.7345815	9.620554	7.2706623	8.116411	7.045311	8.155615	7.250976	7.491028	7.9184036	3.205536	5.641637	8.818432	7.199611	6.3729696	7.77239	5.8597527	7.067868	3.2541976	8.293625	9.234558	6.966341	7.8170633	8.721657	3.968778	7.5690303	4.668537	3.8057408
8.190787	7.953447	9.569869	5.3733177	7.5049777	7.1803575	10.13706	6.83396	7.7896795	6.038225	6.752054	10.205987	9.876516	7.7107277	6.5099654	8.74766	9.089199	9.236381	5.845381	7.1855893	8.153541	4.8850603	7.9067836	8.812204	9.879707	7.4028463	8.707194	6.030553	8.256718	8.459316	7.17141	8.155144	3.1736448	4.6168118	9.371876	7.7270207	6.303981	8.695711	5.575869	7.344665	3.2259068	9.012501	8.757267	6.934827	6.860403	10.485245	7.093237	5.378024	3.4929457	3.835208
4.645582	7.9188385	9.8611145	4.628025	8.110857	7.1797557	10.011908	4.6124034	5.8011	4.207778	5.1617107	6.2124677	10.214853	5.387973	4.957079	4.614071	5.0206084	8.951904	6.923643	7.2787504	8.665272	6.6306524	5.3632727	4.3734493	7.5206404	7.565119	8.543975	7.6118464	8.937178	5.3407803	6.1334343	6.1598783	3.259823	4.0770974	5.9999256	4.3789024	4.9460983	5.513074	4.574609	5.4530354	3.3027966	5.050065	11.110849	6.158181	4.965145	6.45187	7.8864393	3.7547255	3.384998	4.4150763
4.8607125	6.456492	8.260711	4.3234434	6.5892816	6.2977543	8.28825	4.5308404	5.3193765	5.3623056	5.4087887	6.5468464	8.892296	5.933894	4.729565	4.351921	5.791976	7.6439266	7.5354533	5.993197	7.042677	6.8724394	5.7220697	4.578006	7.3016524	6.4436297	7.1736083	5.6642413	7.0998425	4.6045036	5.413395	6.524707	3.0831432	3.6823227	5.522822	4.613122	4.3858657	5.043288	3.9774804	4.8185244	3.0831137	5.2802286	5.966115	4.4889703	4.4287367	6.5528765	8.86219	5.809559	4.5931997	3.2899077
4.2335734	6.8087044	8.294937	3.2428098	6.1151915	6.2669153	8.056779	3.7399173	5.555072	3.349979	4.2492514	7.1271815	9.499254	4.277155	3.9287407	3.485785	4.3244	7.1773853	5.664321	5.960334	7.217792	8.480072	4.2775025	3.7715065	7.1156225	6.606498	7.1440034	6.4489326	7.415919	3.4256337	4.7097816	4.199011	5.831579	3.5112433	5.514804	3.5286894	3.5911837	4.365328	3.6707413	5.4678936	5.3902493	4.671069	9.447979	5.684331	4.533797	5.506281	6.8239403	10.452349	3.9950113	7.8841176
6.497738	8.735142	10.079312	5.3524256	8.447521	8.198406	9.966324	5.9112663	7.28295	4.4050655	6.7191105	7.9807653	10.118422	7.8704333	5.8508425	6.419951	7.7118764	9.652332	5.397827	8.142504	8.8188095	6.392762	7.081173	7.017386	9.028065	8.2086735	8.956669	6.926281	9.013317	5.867034	7.263671	7.4341693	3.140335	5.288102	7.4194703	6.7349606	5.4922123	7.645464	5.848709	7.1857333	3.1388562	7.4243655	9.707409	6.287351	6.7187653	8.741991	5.5668497	6.654183	4.757591	6.127861
5.8670516	7.2087936	8.86885	4.3942337	6.861376	6.5278788	8.814554	4.9522333	5.9979935	4.0644855	5.053772	7.5053	8.673352	6.009971	4.8720922	6.0467577	6.539681	8.067335	3.7025044	6.2815905	7.466399	5.3772154	6.0748787	7.010906	7.4289494	6.6194134	7.360519	5.6092796	7.7094555	6.0481386	5.9511833	6.342537	3.412127	3.82297	6.8741508	5.261056	4.2311263	6.399886	4.4816527	5.4173927	3.356147	6.3756185	8.117956	5.4091105	5.4777527	8.334542	3.8559074	4.4219503	4.9405174	6.4492164
6.33389	8.110474	10.095474	3.639554	7.8962464	7.938203	10.208991	4.5732074	6.3918486	5.205699	5.787765	7.5951047	10.247478	7.5107684	4.029364	5.1540813	7.8238015	9.361875	3.476565	7.4233856	8.152128	6.0220466	7.244205	9.6567335	9.070639	7.6716666	8.887571	4.377464	8.780975	6.777298	7.0474143	8.136961	5.55657	3.1746688	10.745232	7.097129	3.686119	9.356356	3.484938	4.7706447	4.774965	7.4992003	7.4444833	3.6596513	3.8506584	9.882342	3.7230344	4.5256624	3.801034	6.1351986
6.366063	6.4200478	8.336624	5.583701	6.1864753	6.4129868	7.492208	5.956968	6.5089006	9.607682	6.067431	7.755012	8.630235	5.636509	6.031612	4.3952675	6.611495	7.640228	5.467004	5.6466064	6.22482	5.3395944	6.041605	5.792217	9.488453	5.7974133	6.6428776	7.803203	6.619014	5.505066	7.373023	5.7787704	3.201448	5.9273715	7.5598598	7.8653936	7.6623244	6.1599045	6.0635834	6.5238285	3.176586	7.066264	11.66788	5.527096	6.7354937	8.074049	6.7642956	8.078373	12.048518	4.744459
4.4304132	5.636014	7.52996	3.3870707	5.398912	5.7047777	7.339872	4.409919	5.1770444	4.104497	4.413313	6.102016	7.3689647	5.731362	4.131885	4.0708456	4.88729	6.722083	4.100955	4.881015	5.717016	5.4705925	5.1024456	3.998096	7.438071	4.8650284	5.929281	4.667499	6.105035	3.9389126	4.385596	4.709102	3.094188	3.8314056	4.6164155	3.7675705	3.6586444	5.0358543	3.8896294	4.9674125	3.0880284	4.940128	8.201534	6.552394	4.067306	5.8570957	4.4848633	9.696724	3.9663186	6.80983
5.7192135	9.840942	11.196243	5.003757	9.505699	9.508318	11.055197	6.00832	8.106973	5.799645	7.0439367	7.270378	11.694378	7.4957647	6.2379084	5.9352083	6.9977937	10.861261	7.0504885	9.549824	10.538567	7.289686	6.31544	7.3430886	8.340763	9.290649	10.422734	7.250468	10.074488	6.208286	7.769809	7.7284403	3.2212744	4.478917	9.511301	6.425496	5.0749125	7.2918735	4.6615853	6.09561	3.2962277	7.68077	9.639625	5.6874704	5.561102	9.143973	7.8012505	5.911762	3.308766	7.8703737
6.699401	10.345729	11.676207	5.579689	9.875766	9.393506	11.720149	6.8183084	8.88979	5.407729	6.9511356	8.751026	12.171621	6.579517	7.2426147	6.708677	6.217902	10.831741	4.6514587	9.402257	10.797593	7.275804	7.5685945	5.5658846	9.252979	10.233089	10.573465	8.716569	10.996073	7.2030787	8.316521	7.3733535	5.964605	6.0801563	8.693947	6.07199	6.319042	7.68215	6.957345	8.38763	7.4634056	7.8349686	12.1402645	8.397829	7.179928	9.43922	5.0061727	5.8142705	3.2096393	8.488827
6.992623	7.9845448	9.803934	5.3503637	7.8612156	7.6324925	9.822155	6.6346464	8.140255	7.7193685	7.377872	9.242737	9.980244	9.342521	6.9018097	8.363145	8.843918	9.176957	6.68462	7.643561	8.283073	5.713135	8.316799	8.256269	10.351601	7.650848	8.421265	6.4258356	8.684103	6.759527	8.225838	8.1856	4.6881967	5.6678867	9.886576	7.31817	5.237358	8.951031	6.383977	7.6571245	5.306066	9.06262	7.9617047	8.688122	7.149128	9.6289215	8.184396	6.346162	4.036646	6.779377
4.4363904	6.5024405	8.395449	3.9705853	6.8433833	6.5262423	7.9822736	4.18789	5.2175303	3.9793162	4.740901	6.5759153	8.982425	5.6893167	4.514509	4.178236	5.416671	7.8928304	7.2791348	6.2585216	6.9256496	6.498306	5.046412	4.6364574	7.5796156	6.402967	7.171775	5.7059727	7.3157754	4.530514	6.008295	5.341187	3.2019207	3.5621967	6.231618	5.19858	3.848618	5.5604506	3.9940953	5.1194067	3.182803	5.384536	9.979413	4.9362245	4.722423	6.8468494	8.882528	5.8064623	8.567551	4.5568237
4.846717	6.9094505	8.271041	3.5789523	6.5825386	5.9863205	8.320886	4.2176847	5.595769	3.529112	4.3227158	7.1727247	8.473249	4.862603	4.121869	5.068996	6.417227	7.751324	3.9590123	6.2798557	6.8102407	5.82727	5.159211	6.179156	6.9630795	6.365984	6.80606	5.4815307	6.9495754	4.7031975	5.252611	5.4193907	3.4774451	3.5336218	6.0124226	4.851797	4.074138	5.519861	4.1993217	4.501286	3.4676094	5.38962	8.383473	4.5727363	4.8128467	6.7480526	3.902269	3.7467616	7.466267	9.796003
5.874984	7.906986	8.903018	5.567779	7.340946	7.197351	8.71796	5.5385637	6.8401146	5.283373	5.8935595	8.180138	9.491007	6.3942432	5.7674637	5.6809916	6.7546196	8.298208	8.03487	7.4393344	8.0098295	8.518527	6.012991	5.6741524	8.497641	7.703762	7.897821	7.578404	7.8695726	5.8516617	6.6186676	6.466137	3.3552315	5.675116	6.399745	5.799045	5.81872	6.3089333	5.831869	6.849513	3.3113897	6.8936534	9.444777	6.5512266	6.333285	7.5585136	9.641058	6.4420834	4.33904	5.838869
4.246665	7.2171917	8.982527	3.4665682	7.5818725	6.2909546	8.986384	3.7243962	5.5761185	3.2727106	4.4317	5.5397954	9.249393	4.4390984	3.6116388	4.1902695	5.781842	8.581867	7.237999	6.992672	7.38885	5.105318	4.885262	7.2371736	6.6537905	7.135902	8.170111	4.5833063	7.4939165	4.6577754	5.9912357	5.345203	6.1530275	3.1430955	7.90307	5.0967197	3.482504	5.951443	3.3898141	3.9093697	5.472497	5.179414	10.813114	3.5844424	3.8783164	7.0342693	8.443081	4.281678	4.7101374	5.3142734
8.760809	10.524273	11.868702	5.4061003	9.69877	9.831004	12.152402	7.334237	8.915374	5.8455424	7.7130737	10.529519	12.018081	8.627739	6.161687	6.3817005	10.045361	11.601596	7.4291563	9.711098	10.527729	6.3913145	8.866794	9.320177	10.817474	9.751756	10.9158	6.110611	10.349799	8.04249	8.788654	8.996132	6.615431	4.143943	10.382944	8.98492	5.4786835	10.025119	5.4205265	7.539652	8.344931	10.470769	12.5876665	5.600754	6.4944115	11.58542	9.66786	4.448532	3.7259173	3.8764665
3.9964232	8.059196	10.000351	3.8831096	8.289288	8.062506	9.655833	3.840538	5.4943967	3.690595	4.617166	5.6772785	10.907366	4.448869	4.1928277	3.843658	4.4482665	9.193474	5.652311	7.7324133	9.0629425	7.7735267	4.5762787	4.24998	6.9900694	8.188619	8.927858	6.6742196	8.910461	4.778661	6.043173	5.5813365	3.5343273	3.3457856	6.3430424	3.9845653	3.8430321	5.4164906	3.5988944	4.3703103	3.4428325	4.5849123	12.04056	4.0738554	4.3612843	6.3506184	6.5105753	3.5609088	3.2397263	6.3403816
5.191063	6.861714	8.541445	3.202914	6.270624	6.0266695	8.378809	3.5949411	5.729669	3.7749724	3.8427756	8.329243	9.720678	3.9033568	4.131859	3.4375782	4.8849635	7.134019	5.970364	5.608575	6.509389	7.2966127	4.398426	4.263398	7.0629797	6.82038	6.4791756	5.7658777	7.2943554	3.5731223	4.7104297	4.2996216	4.480614	3.2052438	6.530088	4.0210204	3.9927032	4.7239704	3.412942	4.65978	4.302573	4.822467	8.500814	4.278329	4.23353	6.5921116	7.0766163	5.704666	11.192218	11.363677
6.401847	9.975767	11.303016	6.56681	9.151599	9.024208	11.172689	6.813107	8.14139	5.1290913	7.3668733	8.448225	11.265852	7.9472904	7.0038323	6.599966	6.5503902	10.635164	7.651782	8.93592	9.827053	6.793424	6.481473	6.10223	9.760586	8.794899	10.030929	9.088421	9.985182	6.2988777	8.663929	7.3755693	5.7927217	5.0711746	9.248351	7.155682	5.8617916	7.3959312	6.69425	7.8940697	7.3734593	8.205905	11.031834	8.67453	7.5054135	9.017644	8.303106	6.6841135	6.47151	7.2985215
4.163187	5.7055264	7.061052	3.0995514	5.596367	5.10463	6.8291454	3.3167982	4.9747443	3.3093753	3.7061725	7.267065	8.157087	3.5514188	3.484596	3.284439	3.8407707	6.14395	6.351811	4.8103538	6.211875	8.217644	3.7276258	3.544562	5.9931183	5.6458483	5.985985	6.02319	6.2208567	3.1835256	3.9931917	3.629146	3.4286065	3.2884877	4.569062	3.1870127	3.308313	3.5449877	3.4688973	4.306781	3.3936715	3.6394622	9.22048	3.924636	3.8494983	4.346926	6.8463926	8.155504	3.1339746	8.089071
6.5750365	9.698077	10.950319	6.692142	9.4519825	8.92988	11.262274	6.681534	8.647451	5.602792	8.283264	8.067701	11.163841	7.2892866	7.1686316	7.6794944	7.5884333	10.26783	5.355008	9.250552	10.110958	6.804884	7.14949	7.8671494	9.113847	9.203899	10.460757	8.311654	10.267298	6.5253944	8.4494095	7.812812	3.3160186	6.779997	9.107712	7.3669653	7.8686175	8.194866	6.919402	8.43338	3.4659271	8.098976	9.825241	7.902757	8.620454	9.176298	5.335999	7.455698	4.1446657	3.843596
6.279427	6.4362793	8.286051	3.5556133	6.29387	6.01976	8.152029	4.383765	6.284523	4.527771	4.812229	8.29195	8.467593	4.803939	4.512487	4.7672873	6.541761	7.009492	7.873269	5.7453537	6.5976505	5.6708508	5.9635305	6.572981	7.5435243	6.0479097	6.7790937	5.835657	7.012594	4.927072	5.459606	5.46293	5.342577	3.532632	6.848811	5.0679793	4.9732394	6.3065825	3.9091253	5.403348	5.4225845	5.797359	8.139975	4.4370713	5.177401	7.5785275	9.094189	4.8751974	4.9176497	9.573624
7.2428823	8.935527	10.012219	7.187822	8.67	8.786247	9.9550495	7.17229	8.109196	6.384015	7.702316	8.675619	10.503575	7.780997	7.2764716	7.828841	8.119144	9.587363	5.802171	8.86282	9.14823	7.2605543	7.6748934	8.214097	9.148675	8.755924	9.457968	8.466308	9.104476	7.2030997	8.176456	8.032535	4.8150024	6.7575407	9.128108	8.098791	7.5995774	8.194334	7.117137	7.9262266	5.0601397	8.365896	8.815239	7.640913	7.9025955	9.187066	6.0798254	6.770137	6.8136816	6.976301
4.668376	5.418248	7.037073	3.3051424	4.99504	4.915638	7.010481	3.8818767	5.3683224	3.7930117	4.4703813	7.48945	7.2329636	5.2980413	4.0684485	4.2474174	5.091594	6.0839944	5.2232533	4.669829	5.562852	5.147486	4.8568735	4.288354	7.528339	4.9231796	5.622778	4.4477253	5.7761593	3.6234062	4.49829	4.2525153	3.4604335	3.5236406	4.7210536	3.718844	3.448694	4.932665	3.6308138	5.126487	3.2589045	5.008806	7.341693	5.661105	4.569092	5.961626	6.1248636	8.78764	3.6217594	9.815873
4.960532	6.0223956	7.728977	3.1180768	5.3969293	4.8261466	7.5590143	3.445099	4.809439	3.2229707	4.051293	6.922777	7.954856	4.2138305	3.2940583	3.6874046	5.270509	6.6443443	7.861937	5.2358007	6.0421524	4.327452	3.9066188	6.3770723	7.045431	5.5146947	6.3245354	5.0554924	6.316696	3.4776013	4.9696074	4.383671	4.450123	3.1400006	5.5887184	3.5435126	3.2092626	4.426633	3.3140934	4.3845625	4.2971926	4.2613735	7.5373173	3.5486002	3.7534678	5.9853597	9.861901	8.393223	3.0832138	8.531553
4.271983	5.8659973	7.3704696	3.28363	5.48566	5.553323	7.253527	3.5544136	5.224469	3.9593601	4.040637	7.013318	8.37922	4.5171137	3.885904	3.5139053	4.5355783	6.7171173	5.6959186	5.3215384	6.218854	8.11151	4.2131324	3.9233654	6.9107203	5.808195	6.167301	5.588542	6.4280224	3.5303962	4.5315037	4.1357474	6.2555985	3.4573622	5.1098614	3.7550344	4.064277	4.3465242	3.7066398	4.958671	5.2212496	4.8339424	9.228843	5.575623	3.9705296	5.9964724	6.7869916	10.481021	3.802345	5.7554
5.5211515	7.5112042	9.464838	3.8062043	7.662821	7.514077	9.68302	4.3703213	5.6894484	4.383666	5.40855	6.9042416	9.97994	6.815835	4.890753	4.7253585	7.2895393	9.169756	5.5803504	7.4319377	8.278535	6.406331	5.424962	6.6377096	7.660783	7.288473	8.680634	5.0590725	8.511581	6.0181675	6.1158085	6.8001175	3.0849967	3.4297352	8.271124	6.772061	4.489156	6.2181015	4.4001226	5.140544	3.0850067	6.2313375	8.6445675	4.0075803	4.7471724	8.96175	7.1079483	6.3780565	6.9407024	3.8410401
5.1170306	8.149582	9.218552	3.766326	7.899629	7.2100663	8.89724	4.869417	6.247723	3.5724094	5.940187	7.165467	9.811693	5.754039	4.2012844	5.8647537	6.6504335	8.682108	4.7471266	7.697524	8.378871	7.3822103	5.9712124	7.0571527	7.4862175	8.128887	8.435424	5.589987	8.128688	5.7360544	6.2976217	6.169778	5.6754637	3.5593925	7.0772142	5.3974657	3.7083356	6.628525	3.6922069	4.9483757	5.351309	5.7642145	9.964678	4.097947	4.5851116	7.664252	4.8665996	3.9779158	3.5699635	9.038834
5.022439	6.898435	8.731015	4.00398	6.859663	6.713838	8.607193	4.4836044	6.213128	4.4227753	5.277323	7.0448346	8.808092	5.982818	4.3867087	4.9286904	6.7114434	8.124325	6.1432877	6.2770624	7.296444	6.174735	6.0988293	6.2564745	7.819613	6.4124656	7.4220634	5.312776	7.3609643	5.278942	6.082337	6.3078957	6.5171337	3.5706685	7.316748	5.937862	4.329469	6.5750265	3.880107	5.1699514	6.782798	6.365889	9.40733	4.672584	4.5596375	7.746852	6.9731665	4.7008953	4.565672	6.3881755
6.260199	6.181694	8.358231	4.5638123	6.152958	5.4645324	8.496113	4.9770465	6.402772	4.4674034	5.563759	8.258	7.9006805	6.6025825	5.4093394	6.4123273	7.7863708	7.442238	7.549394	5.576412	6.2015076	3.925141	6.4699802	7.9243693	8.95471	5.686491	6.904605	4.861586	6.7444854	6.102436	6.9057684	6.342028	3.844239	3.4638422	8.15097	7.0880766	4.30184	7.766352	4.27968	5.396406	3.9039783	6.8067584	8.601822	4.4993477	5.2146845	8.489174	8.850536	3.7492027	7.497984	9.340223
5.2022715	5.727769	7.349106	3.1452923	5.8385153	5.4008512	7.4868646	3.412713	5.6455965	3.4094286	3.6645033	8.019269	8.435929	3.42392	4.212075	3.3183212	4.1936855	6.5167627	8.059124	5.007251	6.621677	7.138001	3.610949	3.803742	5.695072	5.8564243	6.2244606	6.753723	6.703476	3.2118912	4.3776355	3.801069	3.1370356	3.2543378	5.499664	3.3659012	3.8732727	3.6289148	4.5621486	4.936346	3.1264863	4.016564	9.384711	4.0564237	4.645974	5.233793	8.981519	6.6818743	3.1062057	11.101123
4.3937464	7.290763	8.601146	4.5889006	7.466331	7.186014	8.515654	4.483428	6.348977	5.0390716	5.140856	6.4682503	9.518735	5.2211857	5.1441493	4.5083055	4.9790325	7.723592	5.880493	7.072645	7.8244443	7.9606442	5.1805296	4.6997185	6.9830236	7.1009927	7.875508	7.0573354	8.10458	4.719837	6.3802423	5.5074167	6.181697	4.333982	6.71989	4.7068906	5.0716624	5.212263	4.579751	5.674307	5.5439157	5.7332096	8.990229	6.017796	4.7404757	6.1681223	6.5054436	9.28812	3.3943157	5.1099067
6.030552	9.856199	11.34083	4.841791	9.732401	9.078083	11.057024	5.7286263	6.7113614	4.22046	7.60313	7.4001765	11.906088	7.692678	6.099555	6.36187	8.025934	10.751072	3.5008016	9.699905	10.476619	6.7790194	7.1210113	8.201048	9.01597	10.279112	10.673348	8.3594675	10.3804455	6.2209806	7.667878	7.5031548	3.0833316	4.924181	9.571863	7.28424	5.979102	7.855224	5.8496904	7.491603	3.083303	7.337274	8.878772	6.226492	8.057868	8.777298	3.4222443	7.4282203	3.6760254	3.7068853
5.2077193	5.2576694	7.140991	3.9416816	4.907196	4.611445	6.988763	3.9462657	5.991787	4.047838	4.127867	7.974556	7.1617336	4.443056	4.6819577	4.430424	5.7747555	6.1022696	7.02701	4.674604	5.5189857	4.5107408	4.4920917	4.2406425	7.5350466	4.6460986	5.5251713	5.7084045	5.6298847	3.7724469	5.021201	4.497807	5.565915	4.211975	4.7737303	4.2120695	4.7023087	4.6218753	4.9198008	6.214526	5.149688	5.5249352	7.6516104	6.7043867	5.4356847	7.0620728	8.832496	8.7574835	3.1834948	7.985504
6.1797924	5.662877	7.5328445	3.3626945	5.1861024	5.4389277	7.331759	4.0013127	6.239711	4.1398234	4.144351	8.403335	8.321764	3.9162955	5.116394	3.755733	5.1591277	6.5093145	7.4510837	4.9206886	5.7767286	5.201268	4.708087	4.4036145	6.731385	5.3347535	6.0876203	5.700249	6.66965	3.5402348	4.7064004	4.12683	3.6966753	3.567981	5.9725337	4.326587	4.088377	4.7495723	4.2165995	5.91665	3.4756494	5.3256044	9.055577	4.8050375	5.0176578	6.2900543	8.908603	9.50558	8.646518	10.53578
4.4885406	5.5639668	7.050401	3.2293448	5.151233	5.254741	6.882928	3.5887175	5.863858	3.8463776	3.6596904	7.5734034	8.082401	3.6018736	4.198772	3.5866215	4.5644445	6.069435	6.929203	4.8191643	5.721364	6.0474863	4.10575	3.9906511	5.9731236	5.5496674	5.663969	6.1708364	6.1057754	3.5170321	4.183488	3.8725364	5.9367146	3.6000903	5.0595155	3.5139906	4.728457	4.18263	3.8222823	5.226461	4.7065973	4.394454	7.1737843	5.210943	4.499641	5.486697	8.268156	7.966003	5.3860044	6.459485
3.7703567	6.6600313	8.382364	3.1157415	6.5830555	6.4928913	8.063381	3.392814	4.969875	3.8161383	4.377141	6.03608	9.199379	4.8427305	3.5373561	3.357431	4.674365	7.677992	6.402309	6.104517	7.403048	10.164267	3.790988	4.0293636	6.503122	6.2971363	7.195168	5.0587225	7.2968364	3.2360933	4.56296	4.325256	3.126916	3.2316415	5.5913806	3.391987	3.2486713	4.068021	3.4020164	4.162902	3.1118205	4.0820394	8.039226	4.0224576	3.7472444	4.957637	8.063311	6.575356	3.097274	9.289122
5.2992067	6.231463	7.7659106	4.53833	5.9508553	5.8195515	7.9690037	4.569071	6.097907	5.557663	5.121892	6.974572	8.332016	6.212722	4.2306514	4.88839	6.4569345	7.347146	4.3897605	5.5012193	6.5485106	5.3065214	5.840577	5.2960167	8.238491	5.753229	6.749593	4.9091496	6.868613	5.185548	5.962452	5.9438725	4.979851	4.068348	6.1365395	5.365524	4.0508037	6.4169455	3.8766575	5.4065332	4.6411333	6.4970856	7.869654	5.2969894	4.381837	7.6188817	4.777527	8.24657	3.4463904	5.1705256
7.875651	7.639059	9.310474	7.032071	7.416114	6.771101	9.493639	7.09986	8.937687	6.9727592	7.4238462	10.406167	9.031237	8.123241	7.5955424	8.306278	8.21499	8.6528	5.0437226	6.8795447	7.955076	5.019867	8.455914	7.057648	10.885111	6.9584713	7.7822337	7.905992	7.9191318	6.990958	7.6804957	8.142969	5.9124293	8.774904	7.8981357	6.943508	8.554508	7.849057	8.491182	9.3798	7.487796	9.69676	10.775428	10.079098	8.788207	9.665946	6.115187	6.696902	4.4426775	4.647785
4.52944	7.4340806	8.981972	3.538064	7.095296	7.0933447	8.761295	4.0420303	5.898938	3.7987392	4.6439	6.7404737	9.792883	4.730187	4.8533993	3.8785005	4.7340517	7.954058	7.262049	6.611628	7.8383665	9.90465	4.6045055	4.0346327	7.290662	7.3423386	7.577489	7.2421255	8.115011	3.8234894	5.726741	4.940855	3.2650194	3.9256024	6.190673	3.807671	4.195051	4.7999673	4.8648515	5.4792213	3.2165155	4.7796082	8.927551	6.001049	5.124142	5.477178	8.180012	4.8624105	4.9570827	10.169256
7.8889413	7.7874665	9.361602	6.747417	7.536477	7.190824	9.068117	7.1803303	8.189053	6.9629436	7.717074	9.462305	9.583086	7.5601873	6.9283714	7.171014	8.334015	8.727802	4.70576	7.171834	7.8925724	6.4491453	8.137581	7.1842213	10.414768	7.0835567	8.0839205	8.027386	8.199186	6.881859	7.395954	7.5054207	3.141763	8.0411625	7.393089	8.052979	7.7986417	7.9768505	7.445765	9.038578	3.1516445	9.287121	10.843435	9.1471615	8.561535	9.483122	5.404931	7.1924396	4.6171503	5.0678835
4.405117	5.5371103	6.9678016	3.3157823	5.4211617	5.1511693	6.809472	3.8236322	5.28846	3.7697947	4.4952064	6.3091373	7.488604	4.34306	4.008274	3.9022913	4.5279303	6.2382636	5.402363	4.8569098	5.7302246	6.0792093	4.4974256	4.1916103	6.7931147	5.3150234	5.761162	5.0307364	5.944545	3.7047274	4.942929	4.4365754	4.7843304	3.3923635	5.160487	3.7028327	3.7433693	4.5178566	3.8466303	4.685858	3.8030224	4.45167	9.588915	4.3072085	4.3670464	5.4305277	5.5372524	5.3594894	4.2716804	7.5874305
4.1306777	6.4612045	7.9354167	3.364393	6.28583	5.801785	7.700066	4.0827665	5.4674177	3.4601068	4.747216	6.5091486	8.426968	5.0121527	4.04669	4.238998	5.7568917	7.263765	6.7722774	5.7304087	6.4586344	5.7815194	4.735282	5.198353	7.327484	5.8554797	6.779251	4.7199597	6.4358277	3.984272	5.2140255	4.7713375	4.1553717	3.3884563	5.7927585	4.995495	3.7242787	5.1795387	3.6673	4.7379146	3.9957936	5.1022234	9.109856	4.212714	4.415852	6.166671	7.6990643	5.8849335	9.267632	7.210992
4.825724	6.8347893	8.568247	3.465722	6.346198	5.8338547	8.019012	4.5443296	5.8412347	3.5178745	5.733134	7.11807	8.89275	6.1816654	4.014432	4.9812026	6.022992	7.416751	7.400783	6.139283	7.0111847	5.675501	4.8914466	6.1524277	8.447837	6.18452	7.1127176	5.105192	7.3656154	4.042192	5.9096117	5.6961164	4.860312	3.6375892	5.8768826	4.63044	3.4833767	6.0561895	3.761364	6.038187	4.372654	5.2371097	7.164873	4.6862297	4.862412	6.9654512	8.734224	5.817565	3.0861614	9.719078
8.789379	10.0013485	11.727297	6.1756144	9.389597	9.181431	11.659444	8.478419	9.698423	7.515879	8.438066	10.648706	11.964806	8.790307	8.556223	8.069874	9.271755	10.683931	3.8443491	9.002733	10.237051	5.927078	9.323114	8.835144	11.40442	9.818769	10.336017	8.490759	10.597792	8.435337	9.302916	8.695885	3.4748542	6.4959097	10.285632	8.283698	7.9741225	10.254217	7.347238	9.760317	3.646424	10.306437	11.307708	9.435745	9.267166	11.223121	4.0753665	4.157996	3.1160407	5.0594425
