ENSG00000049860	ENSG00000064012	ENSG00000144028	ENSG00000140575	ENSG00000099860	ENSG00000151726	ENSG00000110848	ENSG00000132424	ENSG00000142634	ENSG00000187653	ENSG00000140988	ENSG00000101596	ENSG00000018280	ENSG00000108582	ENSG00000188404	ENSG00000100307	ENSG00000155657	ENSG00000101347	ENSG00000141524	ENSG00000051108	ENSG00000105373	ENSG00000100362	ENSG00000142347	ENSG00000163682	ENSG00000100453	ENSG00000100242	ENSG00000011422	ENSG00000116688	ENSG00000136250	ENSG00000173846	ENSG00000204710	ENSG00000164733	ENSG00000131018	ENSG00000151651	ENSG00000095564	ENSG00000077150	ENSG00000105374	ENSG00000117289	ENSG00000223553	ENSG00000051523	ENSG00000124126	ENSG00000115232	ENSG00000204287	ENSG00000092820	ENSG00000197249	ENSG00000126759	ENSG00000038427	ENSG00000161638	ENSG00000166598	ENSG00000134516	ENSG00000196126	ENSG00000105835	ENSG00000121316	ENSG00000211899	ENSG00000013441	ENSG00000019582	ENSG00000132334	ENSG00000136167	ENSG00000147168	ENSG00000111371	ENSG00000158578	ENSG00000028137	ENSG00000144802	ENSG00000106066	ENSG00000196565	ENSG00000269028	ENSG00000125347	ENSG00000120129	ENSG00000153922	ENSG00000109320	ENSG00000076928	ENSG00000109790	ENSG00000135048	ENSG00000108654	ENSG00000163131	ENSG00000184319	ENSG00000137642	ENSG00000123146	ENSG00000135046	ENSG00000175606	ENSG00000115523	ENSG00000118503	ENSG00000054654	ENSG00000163660	ENSG00000119535	ENSG00000110719	ENSG00000160255	ENSG00000081237	ENSG00000090382	ENSG00000177359	ENSG00000198336	ENSG00000085265	ENSG00000100906	ENSG00000169429	ENSG00000240356	ENSG00000044574	ENSG00000147099	ENSG00000244734	ENSG00000141068	ENSG00000257207
3.1380792	3.0858533	6.6149497	3.9989936	3.1040747	3.811399	3.7485843	3.581575	3.7396593	4.0809436	6.071863	4.2184157	3.0864196	3.891923	4.4169006	5.1765976	3.1454825	3.6027963	3.2078822	3.1242554	4.9968696	8.100691	4.698447	5.667506	3.2854874	3.2967985	3.1443985	10.274719	3.2636962	3.137422	4.2108455	7.8361044	4.4142017	3.1090517	3.218465	3.09252	3.6730318	4.7262607	3.6216173	4.711979	3.6779237	3.1655037	4.2766385	3.8280356	3.610553	3.2689703	3.0975177	3.8128967	3.490922	3.7087834	3.8575616	4.0527663	3.127887	3.6113799	3.8142698	5.7298565	3.155632	6.411277	3.37588	3.1185427	3.409964	3.1291149	3.1267228	3.1041648	3.2578576	6.716036	3.2882426	3.388753	3.318099	3.3191264	3.870044	6.8849063	3.0893562	6.5501614	3.5829527	6.8892813	3.1369143	3.7581325	3.8469503	4.884847	4.7162147	3.087073	3.2655263	3.378155	3.1730566	3.2374654	3.6879373	4.6119637	3.9191604	6.1140304	3.280921	3.4362636	4.188525	3.3279634	8.265814	3.242606	6.167588	7.3386917	6.474425	3.3268492
4.158334	4.349378	5.8005743	4.469708	4.078959	5.2906666	6.5330644	3.8803658	5.5760345	6.626157	7.0992846	5.9080586	3.8989956	4.1956286	5.287163	3.7435606	3.1208699	5.1541443	3.7679377	3.7044175	6.2415648	7.8697705	6.505209	6.278432	4.2908244	4.1678405	4.1522098	8.096624	4.7411447	4.062273	5.5619593	5.7221794	5.065542	4.9063406	4.0569983	3.739952	4.610935	6.500847	4.6424675	4.5495067	5.9621997	3.711446	5.469699	4.811576	4.775634	4.4791036	4.048153	4.068945	5.074625	4.7031946	3.9536152	6.372224	4.4811716	3.8771048	3.9534273	7.215148	5.1925936	8.345444	4.4579	3.5727901	5.124767	5.5858665	5.3818045	4.6392026	4.2891345	6.7518167	4.8735876	5.8101654	4.1339192	4.4667573	4.7136292	5.6268187	3.3684244	7.3236275	7.881239	4.9977016	4.6839285	5.062087	5.102982	8.029088	4.963192	4.4244566	3.9719877	4.8630795	6.7886734	4.220942	5.850488	6.5741644	6.601174	4.867134	3.6962411	5.367979	6.8824334	5.8349657	5.6667066	5.16731	4.699875	10.7106	4.879669	7.3276258
3.2208638	3.1031532	4.3341293	4.0529046	3.1111872	4.1388965	4.0336876	3.4215114	4.262939	7.3723955	6.3938828	4.1771975	3.2656598	3.3516743	4.08621	5.038723	3.1338391	4.4725513	3.670208	3.2076697	5.1701508	6.7506533	5.7672787	6.3822265	3.3856733	4.287081	3.16995	9.8555	3.8252282	3.2416391	5.187034	6.0766525	4.724945	3.4450717	3.1513653	3.1267436	4.157432	5.841878	3.399203	4.711082	3.7524238	3.4281695	3.773938	3.7147462	3.9268084	3.6732888	3.8544593	4.5724063	3.933891	4.5631933	4.3307066	5.713172	3.8051562	3.7376437	3.9826257	6.282339	3.7265615	7.839829	4.893123	3.1820397	7.197771	3.3478405	3.5325527	3.4974844	5.7840557	9.306688	3.726218	3.7749677	4.5037923	3.2791457	3.7966075	7.6840944	3.112745	6.4375625	4.8182497	7.652804	3.5607574	4.2966623	4.7611012	5.2623196	4.7732244	3.1209414	4.006818	3.7587643	3.7147906	4.061379	4.2104173	5.630065	4.376755	10.547092	3.3402216	3.623038	4.3178406	3.6454449	9.026358	3.2330976	5.5682907	11.3995	4.82459	13.270306
6.5579805	7.0658836	6.1496596	6.5282736	5.936764	6.6355963	6.0133095	6.4829893	6.646972	6.1005387	8.949437	7.5095367	6.7771673	5.175434	6.463043	6.265576	4.3210235	7.685554	5.569996	6.7736707	7.059557	7.8755383	8.248623	8.654866	5.1409903	5.4405384	6.4584384	6.7172527	7.5107827	5.9343867	8.08098	6.8147497	6.5288534	6.140857	8.178763	6.209539	6.3492703	8.301357	6.2872696	6.965501	7.6360836	5.9457793	8.393076	7.459073	7.634645	8.271088	7.821696	6.063612	7.1053724	6.589926	7.563702	6.9235806	6.47781	6.2905474	6.658147	9.718175	7.126969	8.7020855	6.9859705	5.878811	5.8633623	6.705723	6.2599096	8.379304	6.9433994	6.68076	7.684654	6.815611	6.977083	6.8689404	8.175398	7.4983788	5.1484404	8.788231	8.428864	6.891636	6.3277826	7.9525733	8.546204	8.175142	7.414604	6.235773	6.428993	6.035811	7.536214	8.588425	7.5237575	8.856369	8.118597	7.251136	5.4144197	7.9597125	8.133058	6.1423016	6.1850824	6.7762647	7.8262515	11.302038	7.671936	8.873452
3.2687433	3.6984248	3.9440095	4.58337	3.5692627	3.55894	5.024022	4.299529	4.260697	4.2008705	7.5166483	4.6924186	3.2200944	4.271195	4.7764645	5.4943204	3.8613968	5.395954	3.5103197	4.423125	6.6018486	7.921931	4.9140058	6.5071774	4.7898383	3.7921548	3.4303918	6.0930147	3.9511158	3.163018	6.190565	3.868093	4.532579	3.307482	5.6103	4.0864344	4.913034	5.0721064	3.8817315	4.9765406	3.9581397	3.3450832	5.4032917	5.508931	3.4552364	3.4010224	3.177147	4.250967	4.645422	3.6284444	4.145709	3.349132	3.2057917	3.6088786	5.3016376	7.231236	3.4847124	5.970749	4.6232305	3.6454957	3.3999496	3.245853	4.1308846	3.220431	4.232606	4.8856974	4.159413	4.0821004	4.1807036	5.237543	4.7484083	5.128868	3.3123443	6.57125	3.8058279	9.541586	3.6217203	5.8666058	4.722221	4.495404	5.8072724	3.579541	4.853634	3.951221	3.5725331	4.1937356	5.2375164	5.2259007	3.9573596	6.6531878	3.7970521	3.4991663	6.2753553	3.7459142	11.395434	5.1542864	8.525438	7.9402103	7.593224	3.455277
3.922738	3.346062	6.1995935	4.8586	3.4286985	3.994899	4.7297134	3.828978	4.332073	6.591755	7.275217	5.0858755	3.6227145	4.3574314	4.5386763	4.4614296	3.157726	4.708685	3.359321	3.5175755	5.1634235	6.6915836	5.587214	6.696087	4.7274084	4.527402	3.5666943	8.837952	3.5259128	3.3347166	4.9956293	6.2738714	4.6990914	3.98223	3.4147065	3.1386511	4.2852306	6.5268183	3.4635231	5.355474	5.7286973	3.8479903	5.157115	4.9747667	4.3279433	4.055566	3.9915102	4.3367825	4.0556192	5.20866	3.797832	5.3062196	3.3738196	3.5933485	4.1885777	6.2772083	3.694369	7.7167177	4.5110407	3.2706854	4.584693	4.03106	3.8601909	3.6687393	3.684244	9.214083	4.554808	4.467167	3.375287	3.4833024	5.210992	7.436975	3.2967806	7.3671565	4.398541	7.84879	3.90685	4.1590667	5.0856533	7.345684	5.155499	3.4019518	3.895748	4.000367	4.256519	4.3058467	4.929253	6.079648	4.925477	4.065689	3.3832996	5.0919285	5.594081	4.092208	8.422297	4.0440593	4.0517597	11.160844	4.3542137	3.8895433
6.205532	6.0816994	7.5254407	7.32623	5.978821	6.4107566	6.9813066	7.047387	7.364755	4.5078187	9.495689	7.6777472	6.0844936	6.071629	6.2153187	6.591115	5.435788	6.8515396	6.3225317	6.0099006	8.69171	6.9854794	7.687586	8.308664	6.535343	6.721399	5.7511606	7.077509	6.356572	6.026988	5.0956383	7.2558618	6.9727106	6.852004	7.0534043	6.770883	7.347161	7.8335066	4.487048	7.7535095	6.77698	7.061545	8.306831	7.100465	7.105441	6.394199	5.475546	7.138441	7.9415402	6.656594	7.897384	6.933706	6.299214	6.191805	7.8271794	10.090031	6.805187	9.085352	7.289512	7.4684114	4.664255	6.7066793	7.310227	7.004065	4.978822	5.487341	8.001143	7.2928386	8.011837	7.250843	7.0804157	5.875206	6.624076	9.797223	7.4460196	5.986121	7.3167133	7.882313	8.667952	5.796077	9.132008	7.591504	8.230371	7.543303	7.3775883	7.702131	8.496553	9.055714	7.1490574	5.465808	5.6313133	7.614358	9.015514	6.481435	6.0698547	8.745268	8.055937	8.424116	8.515126	8.496615
3.1123102	3.0972154	3.5988605	4.612088	3.1145804	3.2707918	3.5442595	3.8043818	3.8392205	4.518094	6.687566	5.4498415	3.1133146	3.383437	3.8487835	7.001001	3.286135	3.9868884	3.8282	3.1863923	6.0280676	7.8344316	4.907939	6.799994	3.6391606	3.2491992	3.1221428	8.1211605	3.7744656	3.1858191	5.6024256	4.916922	5.157297	3.1567318	3.278524	3.134939	4.316652	5.4122505	4.2791376	5.565871	4.0330114	3.3620992	4.4669747	4.318801	3.661659	3.258422	3.195288	3.640908	3.9319444	3.435472	4.3541317	3.691652	3.2131915	3.6769438	3.7115023	6.0621853	3.3068895	5.965377	3.924147	3.113604	3.40307	3.2757819	3.2827675	3.146364	4.4928594	6.9409933	3.5942729	3.9325802	4.8981686	3.1749275	4.452305	5.5130205	3.1115818	6.601376	3.6554272	8.518591	3.43055	4.5260787	4.949586	5.0011334	5.279728	3.092705	3.6067338	3.5752347	3.203946	4.18415	4.095535	5.1651363	3.734189	6.481323	3.5921252	3.6156206	5.1409297	3.521467	9.4203825	3.2435873	6.777016	5.5358353	8.254724	7.4741845
3.692088	4.915562	5.300149	5.89122	4.8540826	4.0888333	6.7497635	6.5877156	6.0422993	5.5311847	8.136404	7.1694694	3.9787915	6.3860354	5.7898846	5.128951	5.5257244	5.6224127	6.7758694	5.500286	7.1309648	6.7085485	6.0739517	7.639838	5.898021	4.8007526	3.9481459	7.6614027	4.997005	4.0344653	5.6159506	5.6520324	7.2730303	5.179234	4.9916973	4.9503603	7.3875437	6.7073393	6.0407896	6.947995	5.4849815	5.7583675	5.863949	6.334943	5.594794	4.2148232	4.2369504	4.9889274	7.1636205	5.293766	4.8063145	5.56781	4.7711806	5.424748	6.007304	8.168007	5.453768	7.2336793	6.24105	5.536438	5.3025875	5.0733204	5.24337	4.1257105	5.248834	7.3712587	6.190307	6.405995	5.8982167	4.660779	6.8754454	6.1191463	5.810375	7.411781	6.779168	5.0806427	5.5826654	6.386853	5.887041	6.421138	6.5194974	5.816738	6.8779516	7.6149907	5.8134584	6.286599	7.132247	7.73095	5.5969224	5.3959723	6.459836	5.1208744	8.957346	4.1573286	5.620425	5.797285	6.9262605	9.509623	7.2245884	7.4122734
4.850816	5.427807	5.9773545	5.4323287	5.3133354	6.092186	5.2271466	4.627399	5.768576	4.853432	7.2173133	6.1282463	6.3088436	5.63476	6.8704615	6.016785	3.7249923	5.83302	4.231982	5.821929	6.37619	8.691515	6.0995398	6.598349	5.397767	4.105228	4.454379	6.6605988	5.048155	4.140026	7.1161094	4.487317	5.910812	5.511998	4.957489	4.473751	5.289995	6.449888	4.481404	6.0969367	4.811399	3.8284295	5.5931244	6.350151	4.55103	4.7972546	4.4127226	5.2467303	4.8819838	5.1079493	4.312083	6.0222673	5.673691	4.13724	4.83433	6.668639	5.553527	8.37943	5.158433	4.2181616	4.146592	4.857129	5.997879	4.23554	4.2735915	5.4941854	4.7333765	5.8671627	5.9278955	5.4960723	5.188611	6.567998	4.123334	7.74245	6.1816344	8.59025	5.2883024	6.171094	6.7859993	7.1538286	6.1444864	6.014554	4.6266394	5.442739	5.7706804	4.834979	6.9926515	6.2775364	6.3087454	5.5186787	3.3926003	6.1334734	6.7867756	6.492332	9.539974	6.4773817	7.3773646	6.8256264	7.683761	7.2602053
3.8809915	3.2788382	5.350588	3.8683748	3.357794	3.942282	4.3146334	4.019426	4.3361297	6.78071	6.6070065	5.4677143	3.1988478	3.8103337	4.7078357	4.3612895	3.211512	5.366616	3.4236088	3.2444422	6.3715115	5.626952	5.6748247	6.628462	3.9159603	4.1282115	3.2631087	7.269241	3.3894997	3.4381084	8.024386	6.543915	5.498473	4.084465	3.2546067	3.138103	4.6226573	5.123208	3.9637842	5.334943	4.5886073	4.0248375	4.067377	3.8021429	3.910714	4.3414936	3.5880759	4.0997334	4.678617	4.339919	3.7805777	4.913363	3.3019075	4.022496	4.419343	6.4593225	3.513248	7.6561604	4.5551963	3.3461957	9.024712	3.7564049	3.5688312	4.2285843	4.0607786	6.956037	3.776641	4.17493	3.461502	4.532934	5.3012934	4.326521	3.1373231	6.9614143	5.17626	8.146698	3.6785238	3.783413	4.1843987	5.9249535	4.655065	3.1841772	4.3213525	3.857662	4.122801	3.4703324	4.1675477	5.992812	4.357001	6.542042	4.2814975	4.923114	5.2050285	3.4247823	9.648818	3.816626	5.056139	12.674312	4.603327	4.754317
3.473834	4.2182713	5.786689	4.7749877	3.9307892	3.8328245	4.800331	4.6691604	5.6362286	3.710602	7.517565	5.0328984	3.5629423	3.569484	4.787054	5.976781	4.007661	4.9314175	3.7426014	5.5383215	6.0977635	7.9571657	4.865302	6.105556	4.967738	3.4419277	4.292876	7.5121164	4.2317834	3.4548807	4.774737	6.043976	4.015017	3.289603	5.953555	4.512688	4.6173744	6.4121494	5.9704976	5.0192823	4.1523323	3.7200217	6.0778027	6.4025726	3.9354498	3.7733927	3.2214832	5.494651	4.6884365	4.6680984	4.484029	4.698716	3.4225218	5.235429	6.055808	7.222776	3.975812	6.358485	4.9245152	5.733486	4.1170707	3.7162263	3.8537223	3.3344932	3.4212048	5.745215	5.0308056	4.0956883	4.517368	6.4643946	5.9494762	6.6742086	5.2836337	7.0703163	4.6704006	4.92337	3.7398617	6.4513683	5.761771	6.7338486	6.4191465	5.1242514	4.6245885	5.1748447	4.2131023	4.7340465	5.1880307	5.3831377	4.821747	5.9462276	3.4631724	4.218565	5.16514	3.9883003	5.909959	6.4536514	8.503905	8.997704	8.182636	4.3918138
5.312106	7.8368626	7.1282253	5.4632177	7.6467547	7.570215	7.5973005	6.313393	7.364815	3.8878756	7.8166986	7.909449	6.90895	7.035531	4.91916	7.503096	4.4634857	5.109896	4.641453	6.1886177	7.309641	7.3846903	6.7427044	7.4206114	5.370841	4.5393977	6.5211134	5.422402	4.9587545	6.549454	5.1936426	6.1652536	5.542533	6.408276	6.2648373	6.939836	5.8622894	6.405637	5.383456	6.46665	6.425726	3.9725661	6.165081	6.4953227	6.5070972	4.35386	3.948282	5.4123964	6.0609846	5.367305	5.467081	7.8119993	4.7872744	3.784165	6.931669	7.419556	6.9036303	8.0163555	5.2261143	7.013755	4.308318	5.4274035	6.8571043	6.112734	4.882997	5.456613	6.127646	7.3196893	7.378159	7.856348	5.7730284	5.2584987	5.6033525	8.516123	6.4512167	6.7560196	6.0823727	7.3376594	7.1599536	5.8729258	6.9344893	8.060547	6.846341	7.360799	8.3309	8.008236	6.5322633	8.056528	7.6967063	4.5690827	3.821037	6.757248	10.308043	10.752282	6.8657913	7.7558575	10.119028	9.01647	9.7226925	7.317707
4.540824	4.7007313	6.9224057	7.0158043	4.7889614	4.210682	5.816412	5.7484074	6.137374	6.9744473	9.392775	7.5418377	5.047371	3.9308393	6.3853807	6.182622	5.7064476	6.5510206	6.8978815	5.1710305	8.467548	6.7591887	6.9626584	8.527525	7.714141	5.33916	4.260233	7.159001	5.8606987	4.6925135	5.383245	6.157006	6.810434	5.978794	4.502384	5.0726914	8.078556	8.159842	4.627573	7.6269298	6.193988	6.4712124	8.041833	6.00376	4.929021	5.244168	5.556302	5.9242187	6.7382135	5.9675336	6.0419893	4.69975	4.2260466	6.5558596	6.526549	8.751038	5.3833017	7.6683335	7.752655	6.0064697	5.6370893	6.05232	5.6594324	4.7975693	5.089381	8.220524	6.3052597	6.3617992	6.140218	4.3928366	7.3672824	6.382779	6.373905	8.844784	5.8701615	6.418167	7.125486	5.9252305	7.455678	5.67268	8.666066	5.1258793	7.3646803	5.8568835	5.2194405	6.3888254	8.18005	8.208948	5.6518373	4.47481	4.029342	6.590561	6.65856	3.588069	7.4289455	6.4936943	7.072983	9.422117	7.5695662	5.7093005
3.280161	3.1361053	3.9314966	4.5761228	3.1505709	3.8886151	3.9437487	4.5358877	4.330002	4.425318	6.875703	4.134474	3.163473	4.155215	4.2387514	5.442527	3.3514557	4.210986	3.9071722	3.5649614	5.931573	7.7528615	5.6231527	6.461133	3.5099044	3.5310621	3.2378054	8.468588	3.6319547	3.3052824	5.192786	6.2555137	4.641282	3.2357767	3.57243	3.271078	3.892991	5.47501	3.7081413	4.797877	3.4361317	3.4531424	5.221011	4.968607	5.150669	3.558168	3.1789834	3.7535977	4.030138	4.1006174	4.402195	4.296159	3.4896007	4.5286665	4.0837092	7.106277	3.3483708	7.2124505	4.076536	3.2481775	4.0652714	3.5584579	3.3786516	3.1674333	4.692846	5.8107166	3.7234752	3.7837844	4.6468887	3.8866525	3.8049898	5.737376	3.1054032	6.277036	4.302493	5.649645	3.3037362	4.40153	4.821795	4.842421	5.705741	3.1651685	3.5053356	3.830492	3.4720204	3.7356534	4.219492	4.887735	4.7856326	9.397493	4.12541	3.9401724	5.252839	3.605627	6.5775366	3.4704242	6.3125896	8.722219	6.397931	7.0553274
3.647995	3.3506114	3.9773586	4.470715	3.5313277	3.997839	4.8631325	4.271401	4.5900507	4.1551485	7.3185463	5.1052556	3.3272436	3.3368952	3.9390562	5.384869	4.7526245	5.1129656	5.6799364	4.724815	5.4550676	6.0724916	4.625029	7.0286903	3.571933	3.3721724	3.2517443	6.560709	4.1708364	3.8788314	4.8634915	5.6726885	4.878733	3.4211018	3.3296123	3.559987	4.3576484	5.916333	3.9093926	4.8988485	4.0969057	4.229226	5.043522	4.8065677	3.514444	3.7535367	3.2697167	4.3561754	6.2361917	4.37814	4.1778684	4.4223776	4.1209044	4.5214953	5.170252	7.1981263	4.149472	6.3227406	5.399949	4.36987	4.893291	3.5328383	3.5897095	3.6535969	5.284338	5.1162453	3.9865465	3.8136513	4.8972635	5.003331	5.2250924	5.639247	3.5489423	6.791801	4.750322	5.3595047	4.1962624	5.3005133	5.496016	5.423436	5.7306137	3.451211	4.862451	4.4166746	3.8643239	5.5596476	4.6003513	5.9211063	4.2793674	10.3839445	7.770301	3.5964773	4.738305	3.2094185	6.440895	4.379513	7.1949377	8.847381	7.5369253	10.02512
3.3121483	3.1171527	3.6617312	4.6372747	3.1453214	4.188641	4.0196686	3.4401484	4.056449	4.4915643	6.416074	4.0623636	3.2875783	4.289617	4.45994	4.3635306	3.1117382	4.893266	3.4591613	3.3805718	5.123893	7.230087	5.755518	5.8552027	3.494054	4.149363	3.4858086	8.408726	3.6176116	3.2412238	5.9311547	5.415593	4.5925646	3.5855584	3.276437	3.1505067	3.9005003	5.9983044	3.5232358	4.731078	4.0578065	3.3739772	4.70531	4.126785	3.918169	3.5149431	3.3107553	4.3869143	3.8371706	4.115975	3.5367675	4.343831	3.6692421	3.477374	3.768947	6.659212	3.6203651	6.7637124	4.1981864	3.1430552	3.851585	3.383218	3.433015	3.427439	5.283227	5.5980425	3.5595098	3.6671069	4.8020363	3.64474	4.097499	4.806476	3.0929723	6.4586296	4.548781	8.095304	3.5004876	4.4749804	4.7504306	5.2077003	5.4953213	3.1669111	3.4286027	3.420125	3.8309324	4.290185	4.7045765	5.0210204	5.4110622	8.658804	3.567052	3.461285	4.9165373	3.6642962	9.046773	3.37191	5.6902733	8.721112	6.418442	8.47719
3.4067957	3.1900086	4.683857	4.7580576	3.1883018	4.2550707	4.047556	3.429014	4.1082487	7.4303136	8.154388	5.7925863	3.9014282	3.6900387	5.6603537	3.8314424	3.1084056	5.7992325	3.5582414	3.3268323	5.688608	6.173819	6.259885	7.281547	3.825153	4.8187857	3.7484074	8.447292	3.6906962	3.375337	4.7827783	5.174473	4.40423	5.1134996	3.1636517	3.122666	4.3958654	6.3525376	3.8448129	5.4759693	6.374278	3.7813294	5.3792	4.169731	4.1071887	4.1419454	3.7202134	5.1915083	4.088792	5.2174582	4.115318	5.5606356	4.120453	3.7178187	4.827256	6.9789443	3.8566604	8.306497	4.895363	3.2719212	4.034242	3.6773314	4.2194076	4.144259	4.6052694	8.287851	4.6668415	5.2178373	4.021	3.5668542	4.5345664	5.68556	3.1188123	7.5324965	5.572794	7.11854	5.2596283	4.306407	6.2337637	7.379905	5.052043	3.3055303	3.6347892	4.432563	5.198221	4.7003436	5.4087276	6.3477335	5.1824455	9.052257	7.113088	4.033265	5.9182024	3.9487176	7.8862906	3.5355306	4.0431337	10.4524975	4.0450215	9.211932
5.9533834	6.565791	7.147988	6.914606	5.539776	5.691985	6.141354	6.7248106	7.5114846	4.890566	9.345569	7.7694287	5.443244	5.6913843	5.539632	5.933855	5.910625	7.6248507	5.9978533	6.65629	8.432665	7.335609	8.172322	8.211952	6.165114	5.0467424	6.157387	6.5668116	6.669443	5.874233	5.731269	7.2205114	7.5555334	6.649522	6.853813	6.263566	7.1656	7.378591	5.396467	7.460456	6.5921426	5.8947744	7.9966807	7.9779	6.95952	5.8678207	6.084034	6.131241	8.313314	6.76109	6.7213206	6.986497	7.1168313	6.380019	6.541485	9.075165	6.9786863	8.753705	6.653196	6.881322	5.2531357	6.5884876	5.852189	7.0082293	5.153062	5.64835	7.1157475	7.288433	6.9699087	7.1741314	7.1209664	5.777458	6.093202	9.276392	7.4485946	5.117635	6.6287293	7.781647	8.304716	5.5211606	8.898903	7.1161265	7.4567685	7.382941	7.2443824	8.031476	7.6786814	8.930834	7.3044524	5.462144	4.3822446	8.180078	8.710777	5.750567	5.909099	8.625349	7.97736	9.507265	8.238398	9.8416
3.3246999	3.7671788	4.701151	4.026697	3.466772	3.4480128	4.474129	5.209163	5.5014563	3.4395795	7.8549285	5.453096	3.271797	3.5863378	4.1826086	7.7879033	5.0948534	3.8751428	3.6390476	3.8044536	6.5486574	7.4418135	4.6135516	6.50534	4.670396	3.2022543	3.6281176	5.106501	3.8269432	3.5326283	5.5243597	4.384362	4.290415	3.1626737	5.102603	4.9122515	4.552879	6.149616	7.7446733	5.5989285	3.9250057	3.4057605	5.2894783	5.43316	4.699823	3.59119	3.1742957	4.7497873	4.9411125	3.6892505	5.178302	4.643676	3.4388757	4.7654233	5.1757727	7.8747683	3.6490703	6.1589108	5.298048	4.2440376	4.478672	3.7813618	3.6571941	3.1930037	3.562337	4.659253	4.401583	3.7618299	5.1590405	4.325017	5.415504	6.8151655	4.2077336	6.6855707	4.4373245	4.655339	3.3899434	5.598543	5.144082	5.5119734	6.9572616	4.4392033	4.945303	4.5628877	3.7761524	5.5916758	5.0804176	5.452404	4.8204517	5.0434923	3.1294703	4.268659	6.0933113	3.43735	5.520374	4.95439	9.755347	9.540574	9.460848	4.3497596
4.7782474	6.217437	7.282529	7.4272556	4.6862874	4.1680193	6.1613727	7.209646	7.1453137	5.1102843	9.770357	8.129168	5.5493917	4.1184034	5.82967	5.714672	6.608309	6.433174	6.366712	5.7077074	9.076145	7.328857	7.624399	8.967158	7.6922674	4.902703	4.4680047	6.6881266	5.943657	4.8852415	5.2080183	5.88746	7.668448	6.951803	6.841936	5.5552063	9.067703	7.6656675	4.0759583	7.41555	5.3503933	6.692499	8.211363	6.8564186	5.534952	5.805579	5.6724463	5.886038	8.088894	6.2774467	7.706214	5.889366	4.84313	7.1190476	7.651169	9.96335	6.2233057	7.683769	7.4283504	6.183671	5.9465733	6.4303355	5.1080527	5.4763193	5.798911	6.39649	8.21206	6.8422937	6.6337824	5.9407387	7.5069356	6.181609	6.7973714	9.537141	6.738958	4.8977685	6.798458	7.2428594	8.280724	6.270542	10.292629	5.5804863	8.609664	7.423062	6.7536273	7.137228	7.5127907	9.134409	5.6358514	4.5745077	3.781959	7.0713596	7.847597	4.21379	5.2359996	8.043977	8.221846	10.251923	8.003962	8.330635
3.2828913	4.501278	5.1572046	5.30068	4.115578	3.56634	4.2805285	4.5095243	6.0603657	4.879311	8.154467	6.7891006	3.657435	3.2773538	4.158851	6.390317	4.5658636	4.8284774	5.27035	4.613851	7.182552	8.978111	5.431024	8.024296	5.5535975	3.3552597	3.6278186	6.3060017	4.392764	4.589512	7.1498427	4.3644514	6.5739155	4.5915914	5.5650287	6.0381765	7.034183	7.071411	5.366543	4.9289856	3.886055	4.052589	6.411089	6.4222927	4.901401	4.2725043	4.6424646	4.605735	6.788436	4.771274	6.2265224	5.110467	4.3160224	4.997478	5.6409235	7.995982	5.154608	6.6577044	5.2649765	4.961424	4.2825017	4.2912164	4.4102707	3.9699054	4.990714	7.1749463	7.3635406	6.396347	6.7902136	5.2197204	5.161231	6.217038	6.6883163	8.802699	5.849401	5.2887893	5.572054	7.2218657	7.318174	7.352204	9.461735	6.687329	6.5520377	6.4080606	4.514786	7.1008854	6.2397375	7.794384	5.1161237	6.9403486	3.352641	6.442888	8.296392	5.1717224	5.1092663	5.281543	9.550482	10.449261	8.902088	12.762093
6.932454	6.8544903	7.616087	7.9685316	5.3705845	5.520122	6.6752663	6.4949713	8.039858	5.2682323	9.704272	6.4497676	6.21484	5.3275843	7.6131597	5.558637	5.506362	9.066135	6.24568	6.5182867	8.075386	7.4995227	8.435884	8.852681	6.9813213	7.850443	6.344118	7.7847714	7.5176206	4.39953	5.909113	7.1858363	7.9297986	7.0813427	6.797678	6.765029	7.7895856	8.299068	5.2308207	8.863165	7.368596	7.599308	8.450251	7.7952065	7.5080686	7.024913	7.1303554	6.4109898	8.102461	6.4666033	8.142724	5.588975	7.22276	7.375553	6.575648	10.29963	6.4092503	9.666868	8.292789	6.6794224	6.053214	7.3557334	6.2913103	7.812368	4.608696	5.7189727	7.4583507	6.771559	7.1205807	6.8598423	7.9511056	6.8484926	4.9027586	9.8306	8.780991	5.9015718	7.252595	8.359987	8.969053	7.0963383	8.399548	5.9089117	7.3907323	5.5714164	6.772826	7.4866333	9.008782	9.263361	8.822395	5.383389	4.732618	8.981445	7.6029267	4.590523	6.08632	7.302108	6.286021	9.849953	7.0703278	7.4553084
3.2382114	3.271651	3.8702857	4.4658356	3.582123	3.1894937	4.7105684	5.2307186	4.372925	3.5601873	8.648603	5.8196416	3.201407	3.146318	3.560829	5.578585	4.8826733	3.6822004	5.9961376	3.508641	6.385008	5.398887	5.0912647	6.517042	4.999459	3.1167755	3.0926838	4.4034095	3.3247	4.0816092	5.2477026	3.8019085	4.5807867	3.3100486	3.5714855	3.8771508	4.6555605	6.4503546	6.9422684	5.1864157	3.4271247	4.095689	3.9560337	4.2078466	3.4584973	3.4130301	3.151194	3.5945597	5.8646092	4.1895285	4.561964	4.055301	3.1402707	5.3216877	6.1366687	7.022539	3.5319252	5.562486	5.656505	3.80754	6.0571337	3.2468839	3.6038847	3.1643782	7.5236516	5.0178547	4.173683	3.5665717	6.1795526	3.3471951	6.0306377	5.1996765	3.714549	6.5064507	4.0863523	4.260312	4.7703543	5.0002265	6.2596426	6.018694	6.5915294	3.303009	6.371314	4.9604177	3.7211354	7.494741	4.195484	7.862702	3.290219	5.512162	4.68115	4.403128	6.771103	3.1151526	4.8889647	3.7798202	10.940833	12.147615	8.800175	6.79387
3.6382241	5.4354157	7.3805027	5.314533	4.490605	3.6315086	6.0931416	6.388416	6.2205896	4.2893114	9.159493	7.76238	3.721939	4.083289	4.2696767	7.0201693	6.501904	5.9577875	4.7916694	5.645996	8.725052	7.139086	6.0893	8.304192	7.898099	4.034842	3.2445238	5.804003	4.6630726	3.8488526	7.7207594	3.853856	6.8500443	4.8010283	7.0020633	9.076237	6.5134735	7.3211412	6.5206017	6.54654	5.410366	3.9346611	5.8843155	8.769531	3.8292258	3.6062295	3.195663	4.5287857	6.913951	4.344157	5.323273	3.9174752	3.1815877	6.5523586	6.756525	8.362871	4.8690453	6.576873	6.6075	5.3053665	3.8197892	3.8944654	5.343825	3.2566597	4.391571	5.6794214	6.7271295	4.450988	8.885296	6.6358852	7.1525817	5.493701	5.281671	8.9431095	4.311844	6.6089	7.0702686	8.122601	7.137801	6.405415	8.60364	6.654025	6.2653933	8.594738	3.9961772	6.3151174	6.2320385	7.7103868	3.7076292	4.010469	3.5338917	4.282534	9.704458	4.4766483	7.32006	6.058981	10.071697	7.722072	8.790524	4.769224
6.0449195	6.343382	6.226781	7.37528	5.6335006	6.437026	6.833984	6.366229	7.3370614	5.89628	9.056614	6.846882	6.0668335	5.515761	6.797599	5.4010143	5.704241	8.068964	6.670847	6.7025223	8.204609	7.7844896	7.7437654	8.461762	6.5953665	5.2683125	5.291136	7.623585	6.803813	5.2705326	5.842828	6.8495913	6.83599	6.534837	6.613484	5.5507145	7.19074	8.225184	6.27649	7.6493816	6.83205	7.1530843	7.8420925	7.316604	7.41426	6.6843014	6.6072397	5.9761543	7.1248055	6.4119387	7.119199	6.3083897	5.896848	6.608946	6.3262825	8.9892645	6.89966	9.093712	7.3316665	6.1818027	6.2514	6.255807	5.2452364	6.9088173	6.4080267	8.017115	7.146607	6.376306	6.43449	6.089105	7.680885	6.912193	5.2437696	8.4898815	8.536573	5.877878	7.1138988	8.773879	7.8225865	8.032929	8.147541	6.015381	6.4893017	6.841586	7.248793	7.1018624	8.333809	8.058199	9.00279	5.7825003	7.456523	7.5633225	7.320293	4.836901	6.5614142	6.5886726	6.7783074	10.819512	7.041603	8.113375
7.0113006	6.707936	6.6244454	6.7183533	6.172469	6.376308	6.4992743	7.653428	7.3958173	5.3021803	10.007107	7.690593	6.434722	5.0025334	6.3441777	6.7962527	6.8241205	6.400133	6.5253973	5.4672513	9.179234	7.7089086	8.5270405	9.25737	7.649896	5.1335497	6.4018526	5.620527	6.975457	5.802062	5.832608	6.108735	8.228849	7.4211698	6.639226	6.1836305	9.060122	7.2755175	7.049695	7.976709	6.031845	6.5587244	7.897585	7.120889	7.4715257	6.5652018	6.7613163	6.110631	7.958752	7.3330126	6.5545278	6.477543	6.623312	7.435528	7.0756435	9.236685	7.6033177	8.33197	7.502165	6.3793	6.86431	8.534092	5.977154	5.896364	6.3838816	6.493446	7.708764	6.8601093	7.972006	6.130218	7.9924707	6.413582	5.829703	9.123974	7.8705454	5.743612	7.207384	7.542305	8.377693	6.6347103	8.617143	5.782546	7.768319	7.3398376	7.6032233	7.687549	8.414734	9.334478	7.0132065	4.431567	4.614931	9.473682	8.59025	5.219509	6.247088	7.2059884	9.285278	10.807481	9.107957	8.727391
3.1284842	3.0856977	6.6621246	3.9326458	3.0884736	3.795681	3.6722634	3.3334873	3.60302	5.787863	5.6157255	4.506625	3.1141672	3.9975016	4.9456205	4.8312387	3.1302993	3.991906	3.2853384	3.1392694	4.3693986	7.5659018	5.1249013	5.98326	3.16826	4.0785956	3.1722052	11.059563	3.3643878	3.1426768	4.097858	7.4152665	3.8626208	3.1565514	3.1291437	3.0862617	3.5123446	4.9467144	3.277715	4.4853525	4.161289	3.6796436	3.7028394	3.3223608	3.8487575	3.4414227	3.2436872	3.6488838	3.4235559	4.477588	3.441762	4.690485	3.2102413	3.4325116	4.1263247	5.473131	3.3177426	5.624864	4.0796895	3.097258	5.2675786	3.2750533	3.1655273	3.1328633	3.6151998	7.7185616	3.4185448	3.3188393	3.394209	3.2483234	4.049885	6.8343015	3.0893743	5.6903896	3.7712631	9.224274	3.206805	3.3769417	3.664967	4.789549	4.0315833	3.085037	3.315423	3.2998183	3.216342	3.3028388	3.6290638	4.7753434	3.667676	13.07489	4.9795256	3.2588942	3.8293698	3.2661045	11.32384	3.1408758	5.1530304	9.738325	5.088825	5.196968
4.417351	3.8838668	4.1849585	4.141702	3.6584394	4.7597337	4.129363	4.081699	4.4600086	4.6767063	8.232098	4.879653	4.0764995	3.3470697	4.9201565	3.8944693	3.3670635	6.764325	4.970144	3.8311257	5.3831162	5.895842	5.667408	6.0618296	4.338909	3.5193944	4.1617336	6.2046328	3.4755023	3.906085	5.170911	4.510971	3.887871	3.9948182	3.6509938	3.5424242	4.4187193	6.285963	4.618883	5.3577175	4.443868	5.219465	4.8481984	4.5805144	4.5277715	4.1629634	4.1014395	4.528417	5.8105984	5.4309154	3.8941538	4.663569	3.9226978	4.4991837	4.895049	6.945195	3.8161306	7.742499	4.8862367	4.449783	5.9310923	3.6517923	3.674082	3.7778034	4.62057	5.178809	4.5212665	4.1036744	3.729412	5.198896	5.579795	4.750077	3.2460735	7.1891828	5.133461	4.1724725	4.3051686	5.879883	6.4445868	6.494589	4.949824	3.9559655	4.256177	4.3251452	6.3496323	4.8430085	4.922048	6.3753076	5.579932	6.463457	6.658345	5.15168	5.7684226	3.3274088	4.4599595	4.225355	5.4625864	12.59161	5.174243	9.5161
3.9247942	4.027732	5.069054	4.79772	3.6493723	4.867275	4.9561486	3.9959724	5.590576	7.097528	8.449728	5.54054	5.1681156	3.6966958	5.180106	3.860925	3.1489751	4.8513117	3.6182256	3.9480197	5.7501802	8.361355	6.1990223	7.3343	3.8730044	4.1519814	4.21671	6.7009053	4.827281	4.7530103	6.3114166	4.389285	4.799049	5.0886264	3.690554	3.5933712	4.440116	6.4359617	4.6305904	5.420419	5.867595	4.0858545	6.662553	4.9330735	4.769318	4.3295317	4.465799	4.5484824	6.413886	6.4376307	4.7482734	6.075057	6.260375	4.2849364	5.3135004	7.794124	6.029972	8.669502	5.0972033	3.9064093	5.003323	5.7193394	6.978158	6.0910826	5.2951336	8.642929	4.6284714	5.013364	4.808156	4.276661	4.937131	4.8738174	3.5379863	8.251567	6.8360896	6.47546	6.4927807	5.0202727	6.5534697	8.254648	5.24732	4.0725436	3.947321	4.6464157	6.4759936	5.893132	6.7635117	7.122552	6.932105	6.9331136	4.9453936	5.2074127	7.2416215	6.6131754	7.192017	4.5232377	5.4523544	10.729828	4.5991025	8.673895
3.5739596	4.488223	4.713092	4.5077972	4.103616	5.0279813	4.9087896	4.12107	6.2312856	4.5100403	7.457934	5.7703123	4.632553	5.386778	6.1284704	4.7264986	3.2691884	4.451063	3.740355	4.786753	5.6957335	8.159438	5.863945	7.027269	4.7305727	3.8729434	4.2559156	6.0900264	5.6458006	4.3423553	6.474173	4.917034	5.462769	5.272672	4.564308	4.317313	4.6466317	6.196412	5.8694706	6.7754354	4.479687	3.6153178	5.0973244	4.877171	4.6947775	4.3976736	4.140663	4.603985	4.968302	5.458503	4.046537	5.8595786	5.424402	4.1371455	5.25912	7.0359273	4.965605	7.8448057	4.769134	4.5454288	5.3822165	4.392552	6.535388	4.7792645	4.359967	5.769185	4.5502462	5.307164	6.657993	4.90681	4.583864	4.6932154	3.9206645	8.01924	6.465678	6.157811	5.16084	5.877569	5.6865425	6.526559	5.7502675	4.7330017	4.319399	5.27557	5.877639	4.9509325	6.2759104	5.6026773	6.609127	6.0036635	3.6133804	5.0587535	7.8441296	5.864699	8.20174	5.5164747	7.390431	10.72875	6.0340376	8.684179
6.621814	7.311148	8.707752	6.421793	8.120596	7.9478436	7.5947766	8.186853	8.269337	3.4674928	9.089433	8.644489	6.8157625	6.499786	4.605386	9.719824	6.3618546	5.153109	5.6041465	5.8782206	8.655284	7.0337677	8.526456	9.822464	4.529085	5.3502965	7.120305	4.979767	4.7031345	8.435508	4.0650578	6.9492903	6.1014485	5.492157	6.7177553	8.556215	6.3277874	7.6016474	4.283543	7.0463486	7.1652822	4.5865626	7.241078	7.092035	7.436664	4.683091	4.75799	7.0264053	7.182427	6.9758615	7.559427	8.730469	4.6837077	4.6080036	8.41977	9.146213	9.153237	8.952303	7.1365623	8.887718	4.505562	6.656559	7.377471	7.0314975	5.6671004	6.6265388	6.7895603	8.646063	8.000996	7.543162	6.8782206	7.012303	6.0690227	9.588798	7.854056	6.727891	7.4038887	7.1031003	6.7663674	5.3587017	7.643026	7.2868414	6.8742733	8.968882	10.141938	9.628315	7.567584	8.703409	7.7894745	5.258897	6.0739107	7.2033668	10.799649	11.9675255	6.8137527	8.736336	12.298072	11.567907	12.417271	6.2644987
6.1462297	5.9908066	7.383335	7.71001	6.380349	6.1702747	7.016179	5.7541456	6.7200747	3.8521862	9.267847	7.3323135	6.5276103	6.135091	7.374885	6.713776	5.742676	7.1750627	6.5793257	6.467986	8.049678	5.9038105	7.766409	7.599014	6.706525	7.307209	6.2689896	7.5976644	6.545747	5.6238317	4.6255007	7.396104	6.9007416	6.7041526	5.970146	6.4062586	7.1597185	8.008533	5.2665505	7.8169456	6.871771	6.035351	8.480309	7.324671	7.0215907	6.2104526	5.578746	6.454251	7.4437776	6.7618628	7.093428	6.473538	6.3968115	6.2623334	7.516627	9.672806	6.839815	9.083351	7.351012	7.6961946	5.4634438	6.795433	6.4662943	6.3371906	4.010278	5.271556	7.501208	6.8571005	6.704479	6.6488147	7.298197	6.696047	5.298826	10.07434	7.7227755	6.908272	6.645565	8.17104	8.074648	4.8925753	8.130824	6.7725825	7.8961124	7.037385	7.2592454	7.541769	8.717017	9.551483	7.897515	6.069044	6.473395	8.646189	8.482088	5.8544607	7.760497	8.388252	8.246956	10.080021	9.432215	7.914047
3.9289908	4.014402	7.7107105	5.307397	4.7212696	5.24975	6.1605797	5.2722254	5.0465174	6.058649	7.9853406	6.36927	4.079997	4.144552	6.007128	4.841629	5.119074	5.594779	5.0401616	5.1586413	7.602685	4.956801	6.0473986	7.0827904	6.427612	5.969068	4.349308	7.517778	4.45018	4.0703163	5.441254	5.7911787	4.735566	4.843152	4.5427976	4.678484	6.4018483	8.152475	5.1603365	6.8497314	5.5302105	6.0327835	6.792836	5.0462103	4.044822	5.029158	4.4449787	4.948784	5.6880627	5.979949	4.778578	4.8872833	4.017659	6.301074	5.485871	7.9797335	4.2473726	7.8823323	7.33946	6.647114	5.038739	4.4316187	4.69026	4.375963	4.3368707	7.3371387	4.8077254	5.2764444	4.3985004	4.7828436	7.6021156	8.5455265	4.2020507	7.698015	4.856474	7.411831	5.029096	5.827283	6.0234632	4.82093	6.428922	4.9142447	6.9873486	5.3004823	4.831094	5.738466	6.313136	7.1119366	4.372714	5.4041166	5.5882387	5.2292366	5.6222134	3.481635	8.34119	5.515019	5.549509	9.676102	5.4743834	4.5726366
5.8617363	5.342139	5.911927	5.6036763	5.164294	5.0748215	5.0873375	5.944412	6.8058257	4.6001596	8.792137	6.735794	4.8638372	4.133632	4.4869947	5.5716696	4.7102537	6.139408	5.4904776	6.090042	8.88816	7.4421887	6.3385983	7.665758	5.968123	3.4389508	3.8973198	5.439618	4.9006124	5.4686027	7.484648	4.4866724	7.0165005	4.789745	5.0400853	6.3708725	6.6690106	6.0564623	8.975111	6.0563993	4.3804274	4.998063	5.5187716	5.921777	5.439908	4.912296	4.151148	5.423866	6.7291784	6.299321	4.677592	6.1956477	5.4284744	5.9319034	5.721725	7.881457	5.939763	7.6126013	6.274417	5.71757	6.3669806	5.546812	6.225768	4.0222077	8.036675	5.3953266	6.1331005	4.715775	8.315601	6.067259	5.6200776	6.2802057	5.0999374	7.4905634	5.72048	5.4496813	6.5783634	7.4492383	7.109059	7.467355	7.446682	6.930897	7.583687	6.9257793	6.540926	6.0309563	7.3872643	7.05342	5.043812	4.6461587	4.4362016	7.4322195	7.7112455	5.253998	5.738021	6.926218	9.07929	10.447002	8.700201	11.095518
5.365951	5.08504	4.841683	4.3412514	5.2267227	6.054719	5.852462	5.0818596	5.414356	4.5268073	7.5158176	6.08547	5.3232145	4.695847	6.104989	5.8076563	5.700838	5.192038	5.908539	4.8587847	6.519223	7.1568775	6.292459	7.522886	4.449857	5.098543	4.4865627	7.239832	4.319019	5.5494537	5.6505947	7.3368545	5.003713	5.1900764	5.7260284	5.0743065	5.0142922	7.3132586	5.5067873	5.5356236	4.56563	4.1663637	5.6462307	5.7807713	5.0046577	5.0610037	3.8287172	4.569896	6.279047	4.910809	5.3634324	6.3286924	4.5108714	5.0083447	5.861104	7.3369236	6.3177032	6.8952847	5.6713686	5.31307	5.8881974	4.62829	5.177719	4.8295717	4.8546996	5.25095	4.7102075	5.715743	5.6623383	5.8797398	6.0548816	5.9491253	4.482004	6.7605896	5.708852	7.361177	5.239105	5.997205	5.1464453	5.4974594	5.9687395	5.109538	6.025276	5.26503	6.57069	6.02316	5.680852	5.974988	4.965002	7.5826283	4.1852865	4.4131293	7.380455	5.6981087	9.397949	4.8656645	8.53241	10.493125	7.3695517	6.840624
6.4646883	5.7641964	6.065194	5.0340924	6.309673	7.0137796	6.4532485	5.4683876	6.5312853	4.0774546	8.627749	6.827678	5.661786	4.780467	5.537669	6.9552574	4.7165065	6.1414623	5.072799	6.2933874	7.5896664	7.1019597	6.6109276	7.6837044	5.7551413	4.780821	6.2625475	6.065361	5.577009	5.8105927	6.212549	5.692319	6.0426226	6.161471	5.370511	6.368656	6.205804	6.7952642	7.238948	6.0874853	5.630146	5.022048	6.853159	6.5457964	6.1573052	5.604024	4.3878045	5.459943	6.791163	5.5839586	6.0970674	7.4229665	5.7131777	5.0169015	6.7877755	7.910119	5.7181473	7.364992	5.822544	6.0774155	4.3113155	5.7895403	5.8891277	5.0626354	5.0144987	5.108182	6.467023	7.0200477	6.6318126	6.815052	6.2654276	5.16183	5.7497416	8.220208	6.8144913	5.0510406	5.699312	7.380615	6.6860332	7.8446546	7.4955707	7.4820867	6.350053	6.5842896	7.8583055	6.149934	6.8414307	7.6156306	5.946595	5.7258425	5.094495	7.1341634	8.333767	7.1401277	6.3358493	8.128101	9.071256	8.015833	9.453768	7.2638564
3.4336174	3.111537	6.113185	3.7636185	3.1220243	5.038581	3.9046178	3.7450924	3.977321	6.6091986	6.1371803	4.116169	3.1607146	3.484472	5.1256313	4.2608614	3.1148572	4.113261	3.4545002	3.160369	4.732181	6.77459	5.4766474	5.760838	3.5426812	3.5291796	3.4802334	8.731083	3.3640866	3.3651502	4.8917227	7.988364	3.9316368	3.2253458	3.172798	3.106419	3.6456738	6.324938	4.0296593	4.557925	4.0973454	4.1104803	3.7288754	3.4602442	4.300936	3.625551	3.43951	4.2101536	3.7906828	6.0615735	3.6593683	6.0797834	3.5301375	3.855853	4.253298	5.6033764	3.6163166	6.968411	4.052905	3.1685777	8.3326645	3.3337789	3.620347	3.518454	4.0651484	8.245324	3.403995	3.8157449	3.416804	3.41617	4.3616858	7.643612	3.105051	6.052536	4.266672	6.3582425	3.3763149	3.9606006	4.155184	4.584581	3.8698778	3.130084	3.4861999	3.9408138	4.279199	3.5521328	3.879954	4.8605824	3.903521	7.832916	3.6861968	4.024764	4.144391	3.630247	8.070326	3.303787	4.492496	12.196443	4.425094	8.648796
3.8864026	4.169293	4.1126227	5.0574217	3.5775673	5.3669143	5.809475	3.5643318	4.0003552	7.327306	6.15166	5.0362496	5.5622177	3.9260323	5.271261	3.8028324	3.1178837	5.143278	3.3726141	3.5153954	4.7788405	6.2140827	6.954794	6.0131516	3.8015497	4.0642843	3.4591777	6.537772	3.6915736	3.407596	6.157167	4.4736	4.0983143	4.4881687	3.2899904	3.1472268	4.4937363	6.1706667	4.874198	4.6097527	6.1595163	3.8223524	5.4164047	4.2597637	4.06061	3.6041749	3.543361	4.1971903	5.094062	4.1431255	3.5385616	4.894865	3.7218435	3.4401526	4.4676104	6.284562	4.2524605	7.6087675	4.866338	3.395253	4.1482754	3.99512	4.531077	4.4710636	10.061015	8.081993	4.390099	5.7162476	3.6985269	3.3590796	5.0332446	6.0701632	3.1314816	7.056268	5.6348686	8.486105	4.091379	4.221918	4.7731304	6.866232	4.6034327	3.857555	4.0227466	3.763363	6.2261324	4.452604	6.073621	6.138765	6.4504414	3.7392433	8.535442	4.998679	6.7508144	4.2612453	8.731649	3.6312094	3.9745677	8.625187	4.1339417	7.548092
3.9371812	3.2344525	5.1029406	3.6995642	3.2654452	4.468832	3.99323	3.4931378	4.002026	7.4703803	7.090609	3.9465203	3.2631342	3.5931563	6.3046637	3.6704404	3.0927758	4.552851	3.3605144	3.1267116	5.2065663	6.6503553	5.2331686	5.566223	3.635382	3.3821478	3.4188063	7.1807613	3.47699	3.3998475	8.494547	5.957368	4.2739835	3.5002282	3.1899247	3.1430416	3.7776423	5.5662003	6.0581284	4.492917	4.0025716	3.9180422	4.199868	3.912166	4.9795113	3.9688714	3.7087584	4.077368	4.1843367	5.1061506	3.7097335	4.7313104	3.759608	3.783836	3.6768863	6.0265374	3.652741	8.167397	3.859582	3.146802	9.04632	3.4901857	3.8622353	4.239761	5.281778	8.371328	3.6349163	3.7853305	3.6458402	3.5001624	4.0607505	5.4131355	3.0993843	6.283491	4.7434273	5.372612	3.8089151	4.2728267	4.6643267	5.3152714	4.3276787	3.205139	3.337444	4.706948	5.091534	3.624045	4.6196833	5.2272587	5.2732763	3.974891	3.4471338	4.5105557	4.3655586	3.5037274	6.0627127	3.43441	4.2484694	12.80122	3.7846017	9.527175
6.335636	3.4748726	5.2795277	4.412177	4.1377254	5.7996554	4.746725	3.996271	4.230789	4.5349784	7.1162663	4.75934	4.083231	4.072127	5.845479	4.073182	3.3270917	4.7100596	3.723925	3.5992231	5.356156	5.97645	5.6314564	6.0199184	4.1405697	3.683754	3.7077963	7.067505	3.6963084	4.0619006	6.114659	6.3870792	4.5764837	3.8993478	3.6532617	3.2896252	4.045976	6.247629	5.0391383	5.499614	4.1024237	4.6211796	5.1336527	4.3241935	4.632428	4.058093	3.47644	4.739768	4.951598	5.6789474	3.7135034	6.6019983	4.686521	4.4330864	4.2324915	7.087508	4.158326	7.6559076	4.336895	3.8465555	7.178069	3.8475187	4.0306926	4.444094	6.68554	5.4065228	3.936058	4.6818104	3.9186268	4.3246374	5.3444953	6.5865455	3.1546447	6.9718	5.354536	6.698514	4.3073406	5.585466	5.555748	6.6185293	4.7217402	3.637906	4.1390843	4.342842	5.37718	4.686132	5.088209	6.127641	6.079168	4.339857	8.3095875	4.8171997	5.144521	3.5659955	7.1684747	4.001284	5.5435133	11.646311	4.6653748	6.8944807
3.87383	4.091832	6.253927	5.7739496	4.341905	4.3536015	5.3391476	5.1345916	5.480454	5.9226294	7.76209	7.3572807	4.100603	3.6359973	5.775017	4.924414	5.1295414	5.3407626	4.706154	5.1153755	7.298076	5.928543	5.710587	7.0339603	5.805478	4.919529	3.9196904	6.623062	4.069561	4.2133956	4.825472	6.929048	5.088985	4.3501806	3.889483	3.7354264	5.906469	7.468764	5.2305026	6.1028547	5.6130514	4.374501	6.242669	4.501989	4.1577754	5.3003273	5.260688	5.0886927	5.6078644	6.0614843	5.0445695	5.7544603	3.9683127	5.1342287	5.0562906	7.297993	3.9892933	8.459414	6.7915554	4.8730845	5.2522717	4.9996023	4.5709076	4.524435	3.728832	7.470561	5.348871	5.0970864	3.9291844	4.3151093	6.3006124	7.76861	4.047213	7.740399	4.788364	7.97025	5.008045	4.919562	6.0169764	6.109231	6.0533805	4.0035024	6.597292	5.103983	4.683745	5.521476	5.7407594	7.712867	5.3729434	4.757965	4.11111	5.6472616	6.2549853	3.6676383	9.333773	4.7751493	5.7254176	10.278986	5.6435843	4.348837
5.6427774	4.5467052	6.1438036	8.243865	5.0264864	5.467738	6.156474	6.124976	6.3220263	5.1908045	9.097041	6.441064	5.6507473	4.712369	6.750741	5.06797	5.6833515	8.146192	6.663431	5.6468735	7.5308394	5.65483	7.0406337	8.09671	5.7454195	6.496478	3.8115292	9.114827	6.7915163	4.3721905	6.776718	6.26261	7.701887	6.276346	4.4050655	4.842568	5.8807635	8.540003	4.9333153	6.566389	6.297838	6.961175	6.3124905	5.931796	5.2122154	4.8052187	5.1402674	5.1326227	7.1236353	5.5959387	6.4471874	4.8425617	5.8196154	6.3050804	6.2360497	9.143891	4.915182	7.91693	8.428946	5.9609594	5.063854	6.4568715	5.427054	5.164459	5.6025324	6.0999136	6.51198	6.103525	5.6824837	5.8005733	7.0120277	5.635532	4.2053633	8.866125	7.79214	5.555114	7.189563	6.116877	7.8113346	6.0716753	7.443382	5.528245	7.405928	5.6725826	6.1010904	6.338168	7.37225	8.39305	6.684208	7.0291877	10.649853	5.722368	6.2102795	3.395854	6.499192	6.0407505	5.377426	8.663221	6.5809374	6.705579
4.5837398	4.8706303	6.071509	8.409241	4.1199403	4.6426644	6.2899694	5.4489164	5.845048	6.374522	8.019724	6.6843147	5.7146215	5.3117037	8.348234	5.0213914	5.789379	7.4424357	6.289263	6.1587467	7.2430344	6.7096996	6.8776226	7.1690664	5.594077	8.455796	4.8861194	9.250807	6.0729413	5.3827	5.1469536	7.2165065	6.363344	5.6978726	5.0470905	4.922545	5.5960975	7.6702385	4.3858767	6.6922665	6.3413887	7.9998937	6.909388	6.202511	5.180497	6.922921	5.1690006	6.160553	6.605278	6.6805754	6.7032404	6.43344	7.19831	5.510178	6.9061546	8.573785	5.2650123	8.09515	7.106402	4.8249755	5.9371214	5.490533	6.6709366	5.272198	4.8862267	6.8353434	6.439212	6.446112	5.011352	4.774012	6.9087896	6.941636	5.7197037	7.597045	7.427773	7.299524	5.8905325	6.841097	7.2406135	5.667544	7.087585	4.874755	5.840162	6.59289	6.7500167	6.548479	7.5811	7.6985846	6.7710514	9.149073	8.118555	6.2768965	6.6828566	4.193804	8.765053	6.0113096	5.860981	9.508131	7.1944456	8.819235
4.509566	3.3037763	5.485379	4.798173	3.3510296	6.481078	4.413201	3.7146573	4.1929727	5.152238	7.0635366	5.2893457	4.608283	3.839435	6.275423	4.923196	3.4069648	5.096531	3.6688645	3.7321095	5.3637447	6.971926	5.3396935	5.97855	3.418561	4.095127	4.72505	8.565164	3.5381098	4.338741	4.0714765	6.80104	3.730663	3.4628487	4.4424677	3.2606115	4.0843697	6.541877	4.90137	4.7626104	4.3687706	4.1695127	5.2099257	4.6133766	5.3484235	4.7332067	3.4868658	4.948282	4.652288	5.9975066	4.942022	7.6070495	4.7343216	4.207846	4.663315	6.3395276	4.8276215	7.1299353	3.9604878	3.5732698	4.722251	3.8436575	3.7203345	4.0265875	3.9617538	5.7041054	4.6911087	4.3950133	3.678064	4.8293896	5.1800346	7.0059986	3.1780372	6.962637	5.548147	7.9086614	4.187414	5.0752053	5.1682715	7.6533012	4.267516	3.4910197	3.8504908	4.1957626	6.426492	4.554181	5.039106	5.413316	5.897422	8.387381	7.8366027	4.5882435	5.9028597	5.0924377	9.130213	3.490148	5.717573	9.218702	5.852599	7.0314474
3.6216888	3.1105359	3.9014354	5.0048013	3.2048972	3.913731	4.603105	3.8071911	4.3743234	5.1990986	6.6725264	4.292269	3.4273329	4.8039637	4.815467	5.145892	3.1532323	3.9983945	3.4223669	3.2742884	5.34212	8.698618	5.3857603	6.8787436	3.4350457	3.7719717	3.2580879	9.927673	4.05739	3.4075196	4.782479	4.3730817	5.1442213	3.4535232	3.3784537	3.1723385	4.1897554	5.3735037	3.6047852	5.683073	4.497712	3.261717	5.8437514	4.158249	5.008756	3.5686097	3.1764715	5.480504	3.755362	3.739543	3.9764218	4.74025	3.967669	3.6648774	3.819911	6.567989	3.8942487	7.1455793	3.7256691	3.1474888	3.6155214	4.460822	3.462355	3.331604	4.128939	8.809464	4.2599726	4.2560945	4.434825	3.3175807	3.8500328	7.3058095	3.1099582	6.7502255	5.711188	8.560681	3.509717	4.6464577	4.6526656	9.4660225	5.6918883	3.1228356	3.401584	3.6355746	4.1681027	3.7420626	4.4696536	4.3780746	7.684647	5.0830593	3.5305347	4.07713	4.8841653	5.1279464	8.835527	3.3171062	6.0496216	6.518711	7.286634	6.3607564
3.579166	3.3005316	4.559532	4.299493	3.5307872	3.2678945	4.9659863	4.6452904	3.8812156	5.63339	6.3501177	5.996131	3.404145	3.8416638	3.672169	6.0613956	4.872847	4.1507025	3.6934338	3.52771	5.6188736	6.3828144	4.567488	6.2241135	4.7045245	3.8212187	3.135633	7.994211	3.3212237	3.379732	5.718669	4.7247434	4.9972425	3.4816935	3.4658105	3.1509984	4.8980417	5.230131	3.4850726	4.5804844	3.70443	3.5699515	4.4600325	4.791113	3.3337948	3.4813077	3.3773599	3.7109494	4.080786	4.390874	4.435689	3.9681165	3.1392388	3.86646	4.553605	6.514264	3.5591757	6.40258	4.615907	3.2652502	5.29118	3.5539968	3.59348	3.2228973	7.061105	8.002146	3.7599888	3.839571	4.053115	3.3536203	5.010193	8.263655	3.5740902	6.322873	3.8842406	9.833139	3.281963	4.120949	5.0024137	4.1912313	4.945081	3.1666822	5.5897045	3.5165558	3.3148677	4.6300244	4.082616	7.1107373	3.7061408	4.2605085	3.2822518	3.6436095	5.0847964	3.1955214	11.651058	3.669349	7.155696	8.62842	6.6796503	4.618615
3.2681167	3.1036024	4.1710596	4.6008787	3.1466455	4.418154	4.385939	3.6428864	4.09708	4.5160093	7.4657702	4.531272	3.2111623	3.6511161	5.4582415	4.743302	3.1343086	4.113854	3.518663	3.223446	5.504982	7.571659	5.2394137	6.0624557	3.5478036	3.192806	4.0943556	6.9341297	3.492699	3.4137285	3.6689076	5.6801076	4.642916	3.2436366	3.445591	3.3074992	3.680757	5.1037617	7.9435925	6.8120937	3.627158	3.7087965	5.955029	4.1567144	7.1640635	3.9281573	3.142823	4.751023	4.826697	4.0987186	5.043663	6.1539354	4.3490705	4.1389933	4.4478836	6.3528805	3.3049228	6.5499496	3.4798725	3.1394784	3.979537	3.4289935	3.4380593	3.432266	3.903885	5.9955697	3.9789925	4.625128	3.8014493	3.2604299	4.005475	4.3380623	3.0960448	7.132968	5.2575016	4.1169186	3.521091	5.256834	4.674866	6.750206	5.165716	3.1850789	3.2656505	4.8779855	5.1915755	3.8872924	4.8888664	4.4395742	7.0075645	5.901409	12.248287	5.687231	5.717782	5.565586	4.9534316	3.384767	5.630562	7.527951	7.08549	5.794621
6.2021637	7.479613	7.632512	7.462202	6.4076138	6.4515553	7.5694575	6.966329	7.9183593	5.5677185	9.419231	8.079627	6.758326	6.135148	7.167806	6.7302933	6.441147	7.6111765	6.9486275	7.114493	8.701099	6.9024935	7.798067	8.575726	7.481885	6.8806305	6.7024097	7.579516	7.1171494	5.607244	6.2540617	7.30948	7.7561517	6.9909973	7.341915	7.1222343	8.150127	8.076481	5.881015	7.6462526	7.048898	6.497058	8.389042	8.335567	6.7775793	6.598729	6.5357203	7.2220902	8.3046055	7.3539276	6.9823284	6.5314293	6.517928	7.342737	7.5233727	9.153326	7.153331	8.323727	8.157511	7.3694654	5.631905	6.559851	6.368051	6.8480606	5.0831914	6.1568737	7.7782283	7.568057	7.6553698	8.072779	7.9789495	6.9072256	6.702968	9.54589	7.5020933	6.8276005	7.682516	8.438679	8.192416	6.4395022	9.02791	7.27071	8.5313835	8.06459	6.92646	7.684016	8.390585	9.390419	7.460449	5.5339136	5.3159504	7.8812094	8.672295	6.5041523	7.5767746	8.304929	8.257448	8.929739	8.369425	7.499103
3.3463113	3.180703	4.106897	5.6802416	3.3460808	3.7593627	4.5434923	4.142275	4.3569307	4.1210394	7.164077	5.3001747	3.3891642	3.8225977	4.094312	5.362298	5.4428864	4.694607	5.576044	4.407324	6.103632	6.641272	5.770871	5.8894687	3.9528656	3.6224995	3.6692677	7.079629	3.4432132	3.6478803	4.725459	5.739215	5.620843	3.594275	3.4517126	3.641035	5.454419	5.649921	4.0700626	4.4539056	4.2021284	4.0753126	5.374804	4.4293365	3.5538635	3.8734665	3.432628	3.4970336	5.1104383	3.9490752	4.214018	4.2970104	3.3375845	4.3555613	5.9889646	6.508829	3.7713423	5.693905	4.7038627	3.730836	3.9582613	3.3810601	3.5067537	3.3262398	4.2349205	5.5315723	4.4383526	5.0250373	4.4972506	3.786098	5.405159	4.958747	3.935935	5.9330044	4.673768	6.186952	4.1420417	4.4203377	5.1005673	4.233193	5.483387	3.4254851	4.6672997	4.6231074	3.969087	6.096835	5.1708145	7.4800787	3.8784497	10.318348	9.397573	4.1078873	6.219326	3.6443076	7.9508705	4.333775	7.8238087	8.384094	9.318594	6.3158817
3.3984833	3.23461	3.6227193	3.4483519	3.458022	3.4842587	4.0448217	4.1814976	4.2359343	4.1404057	7.3791676	4.9867563	3.137547	3.2402613	3.836544	5.5418034	4.3403773	3.800528	6.0115976	3.3004203	6.2632284	5.882448	5.17268	6.1334085	3.852482	3.1352136	3.118651	5.404173	3.7349548	3.3540435	6.686036	4.418664	4.285032	3.270343	3.22543	3.268003	4.3884535	6.562319	4.607528	4.829631	3.6505766	4.1306305	3.981024	4.045976	3.4976726	3.3694038	3.2377443	4.002922	4.8756166	4.481857	3.833392	4.008605	3.3795764	4.689012	4.2317324	6.8338175	3.6496503	5.8147573	5.922284	3.5618086	7.516454	3.2499635	3.665377	3.2009492	6.526203	5.740176	3.7154398	3.5230768	5.879387	4.006829	4.939283	5.5457363	3.2936537	6.1648655	4.0497026	4.8777976	3.4026027	5.3489294	4.734302	4.951202	5.7122784	3.2274895	5.719366	4.0314116	3.484041	5.8070807	3.9770436	6.0942764	3.3745224	6.3012505	3.5491493	3.5261981	4.507456	3.1277962	5.8587666	3.6140728	8.843693	12.090403	6.5179124	11.807251
4.881029	5.640464	6.164941	5.757717	5.6422586	6.4744062	6.4038696	5.358453	7.2360168	4.730536	8.224426	6.7163672	6.2722764	6.7681193	7.0683165	6.859697	4.9821024	4.880383	5.737952	6.137064	6.7092834	8.424485	7.478482	7.2897086	5.2099624	4.739237	8.240913	6.5057507	5.785366	6.4939413	5.229343	8.430496	4.999129	5.5142336	6.5150948	5.2576456	5.530402	7.23609	5.1440496	6.6164403	6.561539	5.412509	6.5096025	6.498008	6.703155	5.817463	5.608527	6.0508	7.0138826	6.102957	5.156304	7.2259536	6.77954	4.5655828	7.059893	8.493137	6.8391733	8.081453	6.188964	6.3835187	5.4991255	6.785602	7.8252773	6.3687882	4.540017	6.031431	7.1987967	7.137817	6.8596945	5.916143	6.981694	6.7107925	7.3598037	8.68883	7.2393985	7.4508705	6.7516685	6.8455377	7.394385	5.04426	7.7596703	7.460776	5.369032	8.019602	7.7958574	8.0014515	7.6229706	7.6940217	7.9843097	6.1112537	4.374924	8.316206	9.743259	6.9518547	7.9999022	7.756914	8.361832	9.462616	8.386467	8.976067
3.9262614	3.786036	4.425038	5.33787	4.018648	3.670378	5.0083857	5.5233107	4.616746	5.332713	7.3480005	5.882868	3.6208138	3.6985173	4.5593634	6.5721626	4.923413	5.101076	4.51793	4.627746	6.340865	6.9107494	5.081196	6.9897814	4.9822693	4.0784836	3.4000156	7.0947366	4.1436024	3.786052	7.2362866	5.3022637	5.775922	3.7062993	5.71487	3.9943206	5.8319616	6.018552	4.1077414	5.5468407	4.191488	4.0929923	5.151055	5.110998	4.277435	3.9576254	3.8528993	4.0630975	5.620657	4.185749	5.7759733	4.4120617	3.6531239	4.954526	5.3251395	7.131636	3.6777737	6.6417456	5.085582	3.846192	6.0586405	4.0687704	3.9639986	3.7430768	4.280807	7.362462	5.13912	4.9081364	4.4274397	3.9731383	5.6306143	5.5620136	4.3352737	6.570814	5.0160427	7.7689977	3.8533568	5.1284094	5.3718576	5.308509	6.378262	3.729735	5.390671	4.929948	3.9285767	5.1019945	5.502596	7.123026	5.585033	6.1162777	3.8785377	6.0778565	5.8841457	3.892286	8.9074135	4.7160044	7.5594926	9.671415	8.945515	4.570117
5.4153223	6.136327	7.499364	7.0948405	5.509103	5.306039	6.461977	6.4684267	7.3709993	5.5922904	9.242795	7.500434	6.715832	5.492635	7.1414804	6.187765	6.3535733	7.3478394	7.2369523	6.66432	8.056344	7.4616656	7.788046	8.941631	7.175766	6.297526	5.788295	7.4545727	6.8490067	4.589917	5.520281	7.101438	7.686289	6.940193	6.877948	6.2960005	7.8381004	7.874309	5.50609	8.258766	6.9905505	6.780543	7.7269607	7.4203053	6.012289	5.879649	6.1247597	6.469982	7.6459126	6.1935225	6.5704722	5.803736	6.2888823	6.6212425	7.00921	9.076809	6.241989	7.9485483	7.571194	7.1085186	6.524649	6.2402363	6.027272	5.6914706	5.0416813	5.9015913	7.6858873	6.452618	7.285403	6.7985	7.8589134	6.804212	6.2562747	9.087912	6.6304092	6.8374662	7.5125165	7.6187515	7.8098154	5.772091	9.355732	6.431407	7.4742355	6.5174236	6.710889	7.2516866	8.031422	8.504199	6.9873543	5.5540285	4.3750067	7.7971215	8.095682	4.7842617	7.5909724	7.446168	7.653795	9.84618	7.7611947	6.306836
3.2961779	3.318734	3.7601175	4.0954847	3.1575642	4.1308684	4.225566	3.9731145	5.107765	4.9256735	7.452206	4.1357155	3.527535	3.647676	4.3654203	4.0221853	3.1300833	4.283327	3.688178	3.8408372	5.310068	8.172762	5.202177	6.2860603	3.7106748	3.5639846	3.3506098	6.5888567	3.8410585	3.4021726	4.4762225	4.536594	4.594664	3.5701013	3.5306046	3.2896233	3.7853172	5.734768	4.546395	4.96909	4.4396095	3.5046268	5.1915464	4.158392	5.6280575	4.129301	3.3926182	4.1360297	4.977566	4.225292	3.8100438	5.4219484	3.9718366	3.9005635	4.693095	7.1423836	3.7041535	6.9136295	4.2231746	3.3204558	4.557788	3.6143122	3.8658686	3.5993135	3.8011875	6.530113	3.8357117	4.246042	4.36701	4.1776648	4.6353526	3.7947342	3.176006	6.360544	5.709428	4.6615295	3.9781945	4.788677	5.6108913	8.667898	5.308484	3.4468846	3.5613031	4.907431	5.025627	3.9797177	5.306678	4.960615	5.7174788	10.318111	4.547697	4.0584087	6.116753	5.603761	5.529915	3.953375	5.8503323	10.4938755	5.944026	7.8759336
6.003971	7.1663866	6.950301	6.986969	5.4410214	5.4123783	5.863699	6.3445077	7.0922146	5.9042263	9.505546	7.657385	6.3968577	5.7131615	6.1811495	6.537669	6.3425407	7.487059	6.3483925	6.8163023	8.048704	7.5987787	7.4780817	8.470127	6.3183956	5.2146134	6.513323	6.8678703	6.8734355	5.4841614	5.473961	7.218869	6.6134953	5.972541	7.901824	6.4365396	6.971087	7.202661	4.448779	8.397707	6.7787404	6.3825526	7.872588	7.132882	6.8072767	6.6417747	6.596898	7.208961	7.733418	6.8685346	7.032266	7.327484	7.117649	6.4478045	6.536678	8.620417	6.6334305	8.003585	6.853746	6.2665024	6.7018166	6.5471144	6.2391725	7.1347356	5.5322895	6.36012	7.6919045	6.3889794	7.341433	6.6082134	7.7736163	7.5456743	6.3653374	8.545879	6.9974084	6.645862	7.57641	7.741512	8.244076	5.4984884	8.619128	5.794842	6.9122047	6.9638624	7.0361476	8.312643	7.2597213	8.752987	7.4583178	7.1060123	4.5689573	8.418341	7.447741	5.3838205	7.288519	7.622248	8.296488	10.570644	7.983624	9.515686
3.4062557	3.66698	5.0752573	5.9811983	3.7038126	3.7594557	4.4367027	5.023033	4.8243246	3.7221165	7.203236	5.710207	3.3341312	3.9873762	5.192892	6.2660637	6.09157	4.32691	5.7269583	4.72369	6.429786	6.309919	5.047756	6.5392504	4.2582455	3.8266823	3.3273263	7.5523043	4.533621	3.8947356	5.799627	7.7729015	4.791574	3.3523927	3.9090805	4.0258417	4.5515323	7.095348	5.594397	4.9592066	4.2908874	4.756302	4.959517	5.9033594	3.5586023	3.5297565	3.2100272	3.9440598	6.1305246	4.720998	4.7373466	3.6727283	3.3091948	5.708617	4.86247	7.201346	4.0494313	5.812149	6.1189423	4.882534	3.8809829	3.4259279	3.4565017	3.2441347	3.9836087	4.9774523	4.1836534	4.279426	4.779811	4.7618947	5.8804016	6.120139	4.30252	7.2750883	4.004619	5.60418	4.172235	4.996238	5.633611	4.239685	6.100503	3.762319	4.9685483	5.3879876	3.5321145	5.350298	5.2353067	6.286202	3.8035493	8.509832	4.8257475	3.971465	6.108984	3.22097	6.8523016	5.027323	8.223498	8.437069	7.73936	5.253712
3.8628547	3.5883915	6.514428	4.5043106	3.5361693	4.6819935	4.337078	4.831119	5.4472566	5.351737	7.7872066	6.312832	3.7962854	3.5301466	4.563583	5.640568	4.6780357	4.3409753	5.1443586	5.0234747	6.2248583	6.529097	5.624769	6.999404	4.252575	3.8724022	4.402646	8.746075	4.6391687	4.411915	4.1563106	5.570723	4.6141768	4.377264	4.0126743	3.8886795	4.4086475	7.84012	4.4253197	4.6319313	4.1672525	4.152754	5.4603224	5.6743507	4.5397625	4.381104	4.4755616	5.1698637	4.8215284	6.8587875	5.8518534	6.315532	3.53071	4.5387645	5.426036	7.5945764	4.869418	6.987701	5.5314035	4.918641	5.2198844	3.9871676	3.961703	3.9104333	3.836531	8.95156	6.014363	5.3669624	4.6663384	5.530219	5.2201853	8.99346	4.644196	7.614385	5.45827	5.1979203	4.33554	5.9803047	5.5142975	6.819124	6.4547834	4.188326	5.9401226	5.722532	4.174639	5.035571	5.0724106	7.2297993	4.606087	7.4367814	3.5517762	4.688698	5.2520714	4.263102	6.3820987	5.1539154	7.178353	10.284745	7.2395053	9.446483
3.120968	3.4586642	4.0066433	4.14972	3.4869652	3.3261445	4.033429	4.2413473	4.5634685	3.9219313	7.003173	4.957097	3.1176007	4.1198635	3.7153459	4.9537754	3.6477885	4.485405	3.8532012	4.8844223	5.588681	6.9177656	4.557309	6.194745	4.5136156	3.4383404	3.2224667	5.215056	3.4878118	3.1845984	5.5986905	4.715493	4.554108	3.2231982	4.865163	3.698573	4.3369894	5.3787317	3.8749917	4.2217116	3.9312205	3.696728	4.9685225	5.7293086	3.2714365	3.266624	3.1376154	3.4538438	5.226941	3.7917404	3.7509809	3.3661046	3.1737053	3.466826	5.6409016	6.7650037	3.620116	5.864414	4.1450253	4.2043495	3.5070088	3.168601	3.6808052	3.181503	3.6106477	5.3769608	3.8203356	3.791202	4.34286	5.478527	5.502845	5.225275	4.822241	6.1237054	4.0515046	5.874225	3.5104485	5.878807	4.964501	3.5413096	6.1865177	4.208784	4.478727	4.5861444	3.3826337	4.543082	5.412009	5.790046	3.353962	7.2946143	3.3049946	3.5491345	6.726975	3.2325187	6.9208217	5.9079256	7.539918	7.834988	7.9756827	5.509971
4.759431	3.5237126	6.700014	5.143009	3.6754398	4.569763	5.1042657	3.9064891	5.4184427	4.6478486	7.5615826	5.342841	3.6150239	5.2896395	5.807068	4.3076925	3.695221	5.546649	5.7204456	4.015125	5.89147	5.8518796	5.329912	6.432437	3.9070919	4.4843626	3.822317	8.50443	4.6493473	3.4957995	6.0962734	6.5969124	5.227471	4.1588593	3.6130404	3.3449285	4.8231635	7.6672754	4.4178867	5.3643055	5.3318086	5.0726132	6.017662	5.0685835	4.3453856	4.1327295	3.6452372	4.315246	6.0949736	5.9527836	4.5677304	5.3141747	4.6376243	5.095838	5.1461334	6.96399	4.2536726	7.8143787	6.6657934	5.154393	4.700657	3.933982	4.7108855	3.8474026	4.177211	7.250306	5.1841183	4.3206964	4.314353	6.312059	5.3811684	5.0674033	3.3789346	8.227691	6.4171095	4.5954533	5.5411577	5.283204	6.1163692	5.356291	5.7319355	3.9196959	4.2607017	5.1408052	4.428035	4.6948004	5.7150154	6.743064	5.6986203	8.222477	11.342667	4.1694584	5.5554504	3.4552746	5.1337934	4.5156317	5.3170347	9.730179	5.633318	9.687483
6.873745	7.750175	7.147477	6.873721	7.155558	7.5732613	7.6730833	7.820676	7.654498	5.799753	8.743961	7.3726916	7.1888957	6.80019	6.708496	7.4812303	6.108822	6.8508596	6.6320744	7.1494575	7.9889812	9.208027	6.3801794	8.426882	7.0680146	6.182827	6.2023177	6.638175	6.1918893	6.0747585	7.634662	6.1929483	5.8337684	6.526308	6.966427	7.4784026	7.488843	7.4304094	6.513626	6.5689535	6.1798816	5.675429	6.930846	7.2093534	5.54123	5.4004197	4.3760605	6.420874	7.6626377	7.022918	6.4765224	6.153181	4.6965013	5.5785284	7.2621756	8.257067	7.273553	8.038124	6.241476	6.423735	5.6722717	7.2807674	7.042647	5.185993	6.3717237	6.747698	6.07078	6.666958	7.8308425	7.269691	6.4728165	7.089479	5.9867206	8.308371	6.687179	6.708995	6.8814173	7.580438	7.212133	8.004297	6.9875937	6.4278736	7.465147	7.504606	7.86092	7.2169333	7.3960814	7.9211807	6.716041	5.2901955	4.6443815	5.437866	8.403749	7.3109756	7.240278	7.5266285	8.915958	7.55324	8.308147	6.685566
3.1808352	3.086499	4.3072104	4.569563	3.1038086	4.446525	3.4893436	3.896144	3.7321644	3.8851068	6.1294065	4.439492	3.0987015	4.061883	3.7710662	5.4167366	3.1295452	4.1423593	3.5331054	3.227487	5.3869295	6.9501877	4.6922026	5.2717867	3.2339737	3.3308544	3.1085649	9.178273	3.5204167	3.1131616	5.1369696	5.4054117	5.164993	3.1478293	3.347888	3.107457	3.631928	4.4060006	3.8498425	5.533494	3.6519816	3.1941314	4.6149907	3.7815757	3.6368222	3.2834578	3.1186519	4.793527	3.7651737	3.4602797	4.212575	5.031952	3.2390969	4.368801	3.381424	6.215173	3.152221	6.2248034	3.7822738	3.1454911	4.0448775	3.17837	3.1429849	3.1055348	3.8774166	5.0116034	3.291742	3.397701	4.0447598	3.5220249	3.659964	5.914419	3.0853794	6.178854	3.9322422	5.172059	3.1385949	4.370162	4.336544	5.9787455	5.022765	3.088617	3.3430905	3.6310215	3.1799154	3.297376	3.661228	4.221248	5.1346955	8.949966	4.250566	3.7253895	3.9393754	3.3361943	6.041546	3.216239	6.711672	6.564641	7.8986835	4.5186954
5.1071186	6.596648	7.191336	7.117077	4.9475107	5.423524	7.4151597	6.760575	7.1808715	4.954446	9.2055645	7.654114	5.8810368	6.3157034	6.331238	7.262162	6.1814837	6.6854863	6.443507	6.127943	7.860234	7.684249	6.8410597	8.63406	6.867586	5.2524605	6.182128	7.776989	5.3843746	6.425161	4.8742	7.4777946	5.745098	5.7674065	6.9267797	6.54842	7.538027	8.052488	3.936883	8.020618	7.3510466	6.789649	7.1665077	7.5312686	5.8717384	6.212038	6.0069127	7.7333007	7.7098465	6.095998	6.9670825	7.236974	5.39395	5.434226	7.7859406	9.103382	5.9695244	8.027359	7.180176	6.8471675	4.8651667	6.69427	6.7154455	6.4862013	5.33251	6.6050215	8.947251	6.91082	8.087536	7.415711	7.7237215	7.1348825	8.337399	9.582384	7.1023564	6.6148148	7.1520247	7.694083	8.275782	6.7712164	10.406945	7.726036	7.727646	7.89303	7.44903	7.1154375	7.896451	8.508366	6.555173	5.290497	5.2597356	7.121126	8.277005	5.9841633	6.5633907	8.402691	8.292175	8.316032	8.449573	8.176937
3.5617938	4.977876	5.8053513	4.912365	4.4106545	3.3611708	5.1444073	6.2258863	6.5047617	4.021582	9.334448	6.897417	3.699346	3.621036	4.7105255	6.054791	6.5537043	4.7020016	5.673871	5.191775	7.8841863	7.673521	7.0151615	9.166046	6.539939	3.7373354	3.4007325	5.4768915	5.27925	3.8491645	5.795459	4.838973	7.036943	4.325565	5.307846	5.1718235	6.831223	7.8134804	5.374057	5.9865704	5.029276	5.9134655	5.9820514	6.964945	4.041904	3.8855133	3.736785	5.5028	7.828989	4.861964	6.0369873	3.9643645	3.4685755	6.3335934	7.351732	9.229704	4.570257	6.5994663	5.9276743	4.8538923	4.753966	4.280616	4.335478	3.8328023	4.3721557	5.2588468	5.312852	4.991569	6.5775623	5.521542	7.8120337	6.758623	5.764619	8.411858	5.6531034	4.9956646	6.1253014	7.6491785	7.191376	4.7304955	9.453424	5.824912	7.29684	7.6070623	4.1145635	6.6493645	6.4670715	8.189616	3.7816586	5.0248594	3.3558497	4.923106	7.591509	3.3850226	5.807975	6.765555	9.584663	10.476206	9.050871	8.027567
5.5839095	6.8105497	7.2442293	6.564728	6.0835514	6.747919	6.7057314	5.8694677	7.971163	4.012349	9.385361	7.7916923	6.5329537	5.986907	6.8795085	6.044483	4.767663	6.5994654	5.6085854	6.815835	7.6576734	7.5437803	8.428344	7.791464	6.70053	6.127324	7.4860682	6.275555	7.41506	5.871338	4.929199	8.224576	5.974599	6.4177337	7.056513	6.136841	6.6799784	7.6775813	4.687497	8.180407	7.1921744	6.5507193	8.347929	7.9172845	7.3192735	6.7436333	6.3831286	7.2077684	8.023069	7.804469	6.9409995	7.8486023	8.052204	6.1132336	7.991226	9.924007	7.173287	9.219177	7.2592835	6.9450016	5.0710845	7.695939	8.186322	7.877501	4.193889	4.693899	7.900496	7.400721	7.715463	7.4079704	7.721185	5.845954	6.6943693	9.980277	7.8369102	6.0676312	7.940659	8.102598	9.35342	5.1868124	8.101751	7.689998	6.580476	7.0724187	7.57829	8.445166	9.243197	9.446734	8.197632	5.9612656	4.8336983	8.562389	9.638222	7.368278	6.4200425	9.200445	8.148924	8.2979965	7.6145005	9.508514
3.3077245	3.1775272	4.0122275	4.721608	3.2399883	3.914997	3.7535563	4.0115547	3.8951292	3.6482842	6.4439306	4.228757	3.1356468	4.723623	4.078381	4.5935936	3.3659554	4.408781	4.1792974	4.211446	5.8270245	6.4470353	4.846464	5.8199573	3.5165656	3.2612286	3.1495802	6.9358354	3.8635597	3.1096654	6.2783256	5.3270636	5.5974145	3.145841	3.6337848	3.3020408	4.1235943	4.8617406	3.6748922	4.957732	3.7678394	3.434522	4.6936183	4.137579	3.3686628	3.3568003	3.1231523	3.7417107	4.9767995	3.5476491	3.584236	3.6038647	3.4630952	4.0013003	3.894094	6.4169455	3.3718808	5.675126	3.879533	3.3255916	3.3827796	3.2154546	3.3848777	3.1846638	4.2640166	4.3587027	3.4347196	3.5334828	4.4282084	5.0293164	4.6572986	4.3225546	3.110816	6.1488333	3.7364655	7.420884	3.3544083	4.8669457	4.482445	4.4310465	4.858813	3.195495	3.883625	3.9009376	3.2798843	3.8404684	4.499672	4.8219175	3.9417653	7.263314	8.32532	3.464118	5.0084105	3.2550173	8.419454	3.9296017	7.045513	6.301034	7.532682	4.0040827
3.3003151	4.105118	4.885698	4.611408	4.5390663	3.3330646	5.587044	5.499916	6.0699215	6.2391205	8.706804	7.684036	3.3729188	3.4081266	3.7344387	7.090245	6.990705	4.211511	5.3956356	4.2500496	7.975523	9.423967	5.132308	9.068152	7.7614994	3.2837453	3.2897005	4.637512	3.9395669	4.002415	6.8030667	4.272766	6.324917	3.7951329	5.4861326	5.7725773	7.265341	6.5517693	6.421975	6.038593	4.6268635	4.1964874	6.114545	6.6623335	4.21888	4.0626426	3.6431203	4.042514	6.3957834	4.21785	7.261593	3.7430072	3.254527	5.046083	7.356084	8.2095585	4.3413334	5.928011	5.617938	4.1931176	5.6444817	4.1018763	4.698454	3.5935726	5.969899	8.871075	6.1706247	4.921685	7.10005	4.518796	6.371972	6.070324	6.2219267	7.20824	5.0441585	5.6336765	5.234397	6.0290136	6.7466273	6.3133345	9.272152	5.118359	6.888854	6.3732433	4.1743813	7.1424384	7.0671253	8.5400715	3.9807477	4.342081	3.3538387	5.0838985	9.59202	3.5078382	6.0226097	5.487625	9.858286	11.301026	9.474367	7.7018123
3.0951223	3.0947094	4.0425673	3.680085	3.0961218	3.4077182	3.6730657	3.4064555	4.5622044	3.8846385	5.857176	4.566299	3.0871348	3.2260854	3.389449	5.4058566	3.2049	3.6166325	3.4970534	3.2051032	5.336175	7.038884	4.495718	5.5188103	3.5934668	3.2020268	3.0941355	8.197687	3.8813508	3.112095	4.621479	5.4296713	4.455531	3.1925352	3.1537135	3.124943	4.003021	5.5491333	3.5252962	4.375062	3.5651755	3.215303	3.9534678	3.937047	3.307097	3.174273	3.0992076	3.911445	3.847187	3.759674	4.128833	5.037456	3.1237652	3.9389699	3.7232046	5.958222	3.1850336	5.58004	3.962528	3.2626424	3.8215437	3.1155014	3.2344418	3.1136441	3.4633849	8.020238	3.450882	3.4157715	4.264216	3.7196393	4.23508	7.3042245	3.1587708	6.5456557	4.124687	4.5521154	3.194884	5.031007	4.619813	4.8353863	5.747998	3.1116123	4.647668	4.133022	3.1914866	3.570839	3.6291544	4.793252	3.2831671	11.175878	3.143607	3.2459488	4.5613875	3.340753	5.3869286	3.4132729	7.610663	8.932934	8.595602	10.513511
4.0642285	3.7888422	4.2787876	4.6764064	3.4830186	4.406642	4.4061737	4.1083727	5.0601964	6.6335945	7.994985	5.21347	3.8089738	3.730651	5.6676145	4.9322863	3.2874107	5.4455767	3.8659177	4.326286	6.2120743	7.6632447	6.2945232	6.2579737	4.254625	4.2561064	4.1910553	6.9403095	4.3452544	4.491333	7.9782844	5.214432	4.9513865	4.6428866	3.8287597	4.2642198	4.7132034	6.9504023	5.354866	4.7411184	5.104967	4.1267014	5.712795	5.065715	5.146802	5.7093906	3.86301	4.873474	5.1068916	5.7530966	5.3229313	5.4158297	5.082407	5.1138067	4.9549007	6.900092	4.407935	7.7796645	5.2182355	3.9360814	6.155109	4.054239	5.9324408	4.139398	3.6678529	6.785755	4.6356497	5.3697257	4.4975095	5.349457	5.0346394	4.3178554	3.5356855	7.3553057	5.5467834	5.8221707	4.5916433	5.394371	5.3249836	9.691673	5.755575	3.8472333	3.951982	5.2965784	5.723077	4.4378614	5.3701935	5.693143	5.2073603	9.626558	5.2128353	5.175556	5.5003495	5.5152082	6.077345	5.1979027	6.1720276	11.470588	6.4795995	8.450903
4.6012497	3.3738565	4.8839436	4.3405247	4.089231	4.9718065	4.5149546	4.0604553	4.730348	6.380728	7.7455363	4.973218	3.842289	3.6166115	5.725968	3.6747828	3.1443572	5.5767374	3.8007643	3.425849	5.2563133	6.785963	5.212085	6.3065724	4.093775	4.1562057	3.8145595	6.6056833	3.8353555	3.2825751	8.117163	5.4936934	4.137865	4.7375436	3.613078	3.2368863	4.565564	6.38131	7.1076274	5.0802364	6.889038	4.1174717	5.4574795	4.6941743	4.380771	3.6654131	3.2804873	4.066022	5.6892157	5.394866	3.8128643	6.6812863	3.7166553	4.8993597	4.0789094	7.428422	3.7623668	7.7308884	5.3003726	4.2725563	5.625632	4.2255316	4.3270516	3.8553476	4.940923	7.274622	4.605977	4.7398095	3.9033387	4.9458323	6.437032	6.6588697	3.1478035	7.061861	5.85301	5.020032	4.359255	4.703122	5.9063826	7.4650855	4.2525496	3.904555	3.6761212	4.5294166	4.7774906	4.1060705	4.9563837	5.6184607	5.146657	5.78883	9.878466	4.3631926	5.344019	3.726156	5.094032	4.219353	4.521044	11.008223	4.0381536	4.105805
4.2666054	5.700009	6.8853498	6.0455894	4.8996124	4.5057116	6.8708534	8.063641	7.122052	3.6417823	10.199184	7.798571	4.442636	4.9687495	4.4835258	6.7454853	5.4346786	5.8784976	6.1836824	5.5499783	8.703714	7.591925	7.5650434	9.6856785	6.6499577	4.9018707	4.3001466	5.958036	5.1721373	4.6411295	4.094328	5.1954975	8.013044	4.428065	8.4537945	8.231638	8.382757	7.9065747	3.5973246	7.697768	6.0624332	4.810563	6.558182	7.065338	5.5783443	4.9070845	4.169266	7.1701894	8.554825	5.616081	7.286352	6.442334	3.909304	6.093952	8.642637	10.625505	6.4092026	7.8912215	6.582327	7.9505095	4.657464	6.634405	7.756748	5.686386	3.7618856	5.4963903	8.422607	6.844509	9.109965	7.323085	8.032628	7.2305164	6.1242657	10.927298	6.991661	5.1188526	6.786836	9.4632845	9.612776	5.626583	10.7340355	7.764331	8.527332	8.418633	6.6928463	7.099353	7.7314444	8.811792	4.9632506	4.6584387	5.1483226	5.727682	9.6385	6.9928107	6.2556267	10.125439	10.928416	10.183586	10.656471	8.678953
3.9614754	4.267638	4.9071937	4.900405	4.2973433	4.664803	5.6563663	5.656081	4.8676987	4.407961	7.13182	7.03932	3.8209443	3.732067	5.3553133	5.5962143	7.243444	4.614197	6.2991295	5.023571	7.1269827	5.136858	6.2925367	7.4264717	5.0078397	3.544284	3.6108685	5.845928	3.9988809	4.999801	5.709285	6.648322	4.6953835	4.1718597	4.6782913	4.3082285	5.5868196	7.4005136	5.291403	6.836909	4.5963345	5.507963	4.862452	6.0473013	4.419397	4.1988773	3.3799195	3.9762564	7.0983386	5.8445034	5.1796923	4.7332363	3.7015948	6.180784	5.7013187	7.819081	4.593106	6.3411093	6.0465145	5.4988127	6.302087	3.7013013	4.148345	3.8929772	5.899865	4.5216703	4.850756	4.907594	5.1969366	5.3798914	7.28823	6.499362	4.4098325	7.063426	4.5162354	5.634314	5.2696943	5.604796	5.852353	5.637769	6.0584183	4.3664417	7.33195	5.8560314	4.5686865	6.5911865	5.323375	7.752368	3.9128985	7.1960635	8.1237	4.464235	6.742615	3.3729138	6.3110557	5.1276484	7.575991	10.634437	7.025263	5.809564
5.2850475	6.296391	6.326641	6.2690077	5.3309646	5.479043	6.3537064	6.9606647	7.197869	5.6432767	9.254048	6.80249	6.1241627	5.2460785	6.7990103	6.593793	5.7846775	6.047379	6.1699023	6.831374	7.639755	7.534372	7.3705363	8.031769	6.85049	5.46039	5.434801	7.991099	6.7489576	5.7969856	5.441036	7.1102815	6.290323	5.821396	7.6478233	6.5801487	6.0091333	7.857868	4.378385	7.815275	5.8661566	7.291589	6.942766	6.0309095	6.7295923	5.260872	4.9005184	6.632576	7.4596753	6.3799405	7.1383386	7.49928	6.613701	6.2642207	7.0956216	8.438214	6.268116	7.28508	7.279941	6.9488688	7.0766687	6.4763784	5.8639345	6.6734753	4.338515	5.5191827	7.7902064	6.69219	6.523097	6.5381804	8.089209	6.819948	7.5642123	8.064213	7.4651012	6.4342527	6.300435	7.6490746	7.8671336	6.0131636	9.093084	7.6707845	6.927187	7.5777993	6.9354515	7.5146646	6.7079144	7.857687	7.028321	6.937729	5.0548706	6.785691	7.0717406	5.593828	7.0710278	7.937623	8.247314	10.406412	7.9757557	9.344286
3.131307	3.1347709	5.260313	4.702446	3.1880345	4.2882924	5.0172677	4.346154	4.1387906	4.9829693	6.2318716	5.652842	3.190791	3.610976	3.778605	5.291601	3.7277026	3.8731976	4.540421	3.2906148	5.1278524	5.5621223	5.104708	6.389633	3.4669607	4.0112796	3.158755	7.941067	3.3934777	3.5281596	3.5575535	8.040905	4.0496607	3.364798	3.1889167	3.1347914	4.1174817	6.0786653	3.6126006	4.1767216	4.4297104	4.34992	3.822144	3.7639709	3.3621569	3.3559303	3.152177	3.7088518	4.4622307	5.446125	4.0024104	5.8113856	3.1748035	4.187254	4.3938603	6.0990243	3.873811	6.7372494	4.8371096	3.7574687	4.0092254	3.362328	3.448904	3.2842717	4.545752	7.047188	4.233654	4.0842333	3.915267	3.2442293	4.9937897	9.761997	3.7603755	6.6004314	3.796292	7.3820853	4.085104	4.404085	4.4452868	4.046209	5.258527	3.153991	5.474767	4.162307	3.4150503	5.36238	4.0613756	6.8737907	3.3554661	6.498233	3.5018792	3.5791297	5.004569	3.239216	7.10529	3.4816968	5.3477345	8.846628	5.075881	9.117302
5.3967733	6.5760307	6.6228123	5.6729364	6.766369	7.7404146	7.146944	4.9494905	7.042143	3.562364	7.5518985	6.6755657	7.054225	7.2420406	6.378898	6.8126693	5.4106436	5.46124	4.987631	6.257388	6.5266333	6.8651533	7.3671837	7.180816	4.6199207	5.566343	6.7180963	6.3920193	5.601636	5.1913095	5.092969	7.8238535	4.526836	7.0527396	7.291629	5.554868	5.5445457	6.511737	4.7895	7.147348	6.161521	5.106013	6.260096	6.951205	6.7597733	4.97584	5.0115657	6.42059	7.9395857	5.7058496	5.552887	7.997022	6.115225	4.4446373	6.698778	8.21316	7.579206	8.4102	5.3718824	6.0928965	5.698925	5.44427	6.5348983	6.5181327	4.6421065	4.3001857	5.652235	6.6116037	5.944138	6.275612	6.576638	6.575001	4.8665285	8.613743	7.1739573	7.747289	6.040613	6.7252874	7.338556	4.426398	6.0323706	6.100523	5.6834927	6.217019	7.9333477	8.378124	7.156348	8.422663	8.379387	6.232866	4.5425863	7.4150825	9.194352	7.397408	9.276078	6.799574	9.979555	9.725519	8.93465	7.5522614
3.4396548	3.3125854	4.719157	4.8614345	3.878536	3.6436381	5.774341	4.7343483	4.8243427	4.7785473	7.1242433	4.9459205	3.3343592	4.038669	5.1973395	5.1691446	4.250972	5.741283	3.637082	4.176995	6.266814	7.8386984	4.773401	6.915353	5.7303495	3.721001	3.5442238	7.4607263	3.8563054	3.4194632	4.6571536	5.5761156	4.7597303	3.320962	3.81954	3.5762572	5.3575716	5.932535	3.7874568	5.2911844	4.2985234	3.5541353	5.469097	5.4600973	3.5744789	3.5997086	3.229571	4.0244846	4.449667	4.602448	4.240782	3.846436	3.2714791	5.0856657	5.445915	7.0793095	3.9011238	6.9291453	4.720784	4.7644196	3.4895325	3.8009088	3.7205684	3.3297355	3.306286	7.987685	4.5454035	4.623471	4.06839	4.1413364	6.0546045	7.672322	4.3353276	6.8667774	4.2183905	7.3400493	3.7233732	5.1397953	5.627617	6.088799	5.884624	3.79752	4.967508	4.951477	3.9599187	4.1906404	5.1480293	5.2558136	4.461214	5.0177865	3.6470969	4.003582	5.5872164	3.7950861	8.525576	5.462947	6.607561	6.6398835	7.3387346	3.7151957
3.4552307	3.177817	5.5559573	4.087223	3.4218266	3.7960148	3.7264335	4.0545106	4.242371	5.5461893	7.6997232	4.7154875	3.3719568	3.3382144	4.7134867	4.728174	3.18519	4.295332	3.9730349	3.2155788	5.6932735	6.3114624	5.5500236	5.6541443	4.2257676	3.3540106	3.361407	7.887773	3.6910927	3.4096024	4.1970077	4.9520483	4.412312	3.7229886	3.267293	3.2784677	3.941815	5.981348	5.0912232	4.899826	3.675493	3.6332738	4.713896	4.27372	4.058389	3.8785045	4.032375	5.5194273	4.402305	4.997095	4.343616	7.072932	4.2169485	4.485318	3.7147565	6.17949	3.752314	7.604268	4.433637	3.3406467	7.762345	3.6429162	3.6985526	3.7786758	5.1763783	8.544238	4.212431	4.9103475	3.9510303	3.4223974	3.9847136	8.281517	3.1829474	7.449185	5.661764	4.903023	3.4562035	4.690649	5.643531	6.04803	4.791136	3.2903438	3.6785884	5.1916313	4.009887	4.5604315	4.1422963	4.9719276	5.970189	3.9533432	3.2668114	5.1207695	4.4958143	3.753079	5.1633167	3.710709	6.690798	11.742026	5.6988773	12.581261
5.507555	5.3246803	6.271954	7.1990933	5.3422184	4.961813	6.247259	6.2816005	7.1311193	4.5984406	9.470515	6.9373913	6.65401	5.154917	7.9071035	6.4060187	7.1332803	6.274989	6.870161	6.433425	8.623109	5.852748	8.332972	8.00589	7.670792	8.602275	5.7722025	8.383077	6.780939	5.3456073	5.246741	6.5267377	6.6502876	7.3950176	5.6333027	6.1200275	7.0776844	9.929914	6.3976665	7.7520766	6.512776	7.9647183	8.08327	6.656274	7.3471065	6.8397365	5.7904425	7.4154177	6.3704414	7.3989415	7.384022	6.9060354	6.3903723	8.2905445	6.3986077	9.688183	6.4495835	9.07474	8.995842	6.6894846	6.131485	7.1993256	5.526762	6.6288624	4.6345096	5.5725646	6.9716463	6.573207	6.437031	5.3064556	8.009359	8.164571	5.45881	8.731501	7.526363	6.284814	7.0200405	7.6625857	7.5008044	5.614229	8.359657	6.096115	7.219656	6.4822626	5.681491	7.4003744	7.8524723	8.52713	7.005829	5.8966703	4.214813	8.16386	6.464743	4.471167	7.0041623	6.160213	7.6139565	10.444614	7.2262325	7.148029
3.6903682	3.1962051	5.3974037	4.509714	3.1439033	4.2708187	3.5579166	3.5655282	4.4180694	5.2950144	6.934869	4.3616576	3.5024657	4.2272186	6.1679516	5.066357	3.1725934	4.3029985	3.7786384	3.4250708	4.7058916	8.955178	5.066434	5.881226	3.6060321	3.4677296	3.4166856	10.496101	3.5759645	3.3059835	5.595516	5.502149	4.4068913	3.3991303	3.4099815	3.1478472	3.5564167	6.3873997	4.535553	4.930518	4.3384757	3.861926	4.657674	4.4633093	5.3077917	4.1038637	3.4357088	5.291445	3.9283729	4.536025	3.8011665	4.709707	3.5066872	3.798384	4.0239663	6.01298	3.7777767	6.6952868	4.0703554	3.2056842	5.293725	3.3630254	3.801878	3.3783634	3.7732491	7.130299	3.804212	3.7357988	4.1370096	3.7666907	4.1489224	5.7254314	3.1362853	6.9581633	4.39641	6.6188564	3.6478033	4.7465186	5.490181	8.552329	4.5766	3.1790361	3.4454367	4.46526	4.095167	3.8404925	4.54494	4.688075	6.6132736	7.501339	3.5597644	4.050772	4.3239975	3.824547	7.5480795	3.4532108	6.461193	9.911768	6.715659	9.101366
4.462132	5.223709	5.6405363	5.2998133	4.663312	5.632841	5.9089003	4.332288	5.6003475	6.6762524	8.1676445	6.3321824	4.905424	4.705762	6.594962	4.3820233	3.420199	5.03677	4.269769	4.8553095	6.905519	7.9354997	7.043803	6.7539105	5.521785	4.930973	5.0463977	7.1511335	4.9083314	5.987401	5.7095194	7.4641857	4.7587543	5.652588	5.3481817	3.9960637	5.425872	7.101276	5.198019	5.618169	5.5487847	4.522849	6.8542633	5.9767594	5.9953976	5.621773	5.0566745	4.649331	5.536531	6.216837	5.333703	6.7694626	5.246169	5.4782677	6.7377625	8.378939	5.912424	8.26712	5.654809	5.081106	6.2867813	4.978295	5.4070053	5.924997	4.4806447	6.832272	5.5314083	7.035856	4.7137985	5.679206	6.0922384	5.391286	4.7256823	7.3795877	7.2452245	6.1961775	5.9049587	5.9762564	5.7215633	7.5306683	6.127283	5.920249	4.402237	5.9710703	6.8534207	6.1189556	7.621123	7.1828523	6.925005	6.908966	3.9909286	6.043607	7.3370886	6.7471075	7.038803	6.415557	5.7049294	11.342434	5.1652927	5.694603
4.7840633	5.0831447	5.730933	5.1048	5.320925	4.2907476	6.944331	7.5791116	7.415556	5.5437093	9.248437	6.821707	4.3569984	4.0609503	4.9649115	7.0450525	5.7999926	5.141719	6.0472684	5.3266783	8.072064	8.225952	6.7974753	9.501354	6.9548254	4.082681	5.2782354	5.3805666	4.490569	5.410324	5.632779	5.665078	6.734447	5.2230844	5.9272594	6.7085037	8.242908	8.007942	7.0374584	6.9639063	5.9586086	5.123241	6.5543714	6.817832	6.39287	5.0085726	4.5309734	6.3835053	7.5970902	5.5189505	7.34518	5.471168	3.8660421	6.068777	7.5796695	9.123982	5.713841	7.7316213	6.3012085	6.3088007	5.2996144	6.323613	5.936987	5.2578926	5.14108	7.5471597	6.82185	6.313858	7.2345867	5.8707147	7.1344266	6.3299713	7.6413326	9.074015	6.222394	5.1060476	6.112444	7.366839	6.927595	7.9791117	10.133865	7.257815	7.999228	7.5086	6.739268	6.710911	7.976425	8.068098	5.6989098	4.5552897	3.7072594	7.6102557	9.626635	5.5719614	5.9152317	6.792877	9.754694	11.095318	9.353944	6.897332
