ENSG00000196126	ENSG00000105835	ENSG00000121316	ENSG00000211899	ENSG00000013441	ENSG00000019582	ENSG00000132334	ENSG00000136167	ENSG00000147168	ENSG00000111371	ENSG00000158578	ENSG00000028137	ENSG00000144802	ENSG00000106066	ENSG00000196565	ENSG00000269028	ENSG00000125347	ENSG00000120129	ENSG00000153922	ENSG00000109320	ENSG00000076928	ENSG00000109790	ENSG00000135048	ENSG00000108654	ENSG00000163131	ENSG00000184319	ENSG00000137642	ENSG00000123146	ENSG00000135046	ENSG00000175606	ENSG00000115523	ENSG00000118503	ENSG00000054654	ENSG00000163660	ENSG00000119535	ENSG00000110719	ENSG00000160255	ENSG00000081237	ENSG00000090382	ENSG00000177359	ENSG00000198336	ENSG00000085265	ENSG00000100906	ENSG00000169429	ENSG00000240356	ENSG00000044574	ENSG00000147099	ENSG00000244734	ENSG00000141068	ENSG00000257207
3.8356984	4.6794863	3.2421806	4.6613455	3.5161328	6.5069103	3.5364559	6.792738	4.2749834	3.2934353	4.299297	3.2637177	3.3318408	3.4051163	3.7252734	5.0318246	3.585631	3.486053	3.789444	3.4380896	4.428693	5.0983634	3.1925936	5.8854284	4.1333137	5.498039	3.5382528	3.9331903	4.8847127	5.8111625	4.167439	3.3682063	4.2527466	3.6230633	4.286644	3.9616535	4.134612	4.851131	4.2296686	6.2374325	3.3224034	4.025354	4.6183753	3.1385226	5.4183335	3.4754493	6.527284	10.102497	5.9570866	6.7436466
5.638631	6.848441	4.798073	4.528373	5.520238	8.003494	5.6315126	7.1017785	4.366938	4.2536345	4.4773655	3.8412447	4.585144	4.543482	4.109745	6.8712287	5.405822	4.8441763	4.9034815	4.232247	6.596716	5.154454	5.3841524	7.6665006	5.7767687	6.2939005	5.1559052	4.9968405	5.245901	4.9322176	6.0355506	4.4313097	4.200585	5.2308464	6.06363	6.0739307	6.7792854	7.4402237	4.9919147	6.067232	3.971965	7.0282965	7.2626004	3.748271	6.8479166	5.7820487	6.573015	9.372555	5.559478	4.2483673
4.4956145	4.2774334	4.4787173	3.593903	5.8036284	7.7580442	4.9370785	8.022856	5.0440297	4.287959	3.3073702	3.7027214	3.9334078	4.871873	5.0883646	5.3926635	4.801482	4.4265027	6.131472	4.590575	5.581506	5.142472	3.9123778	6.9014816	5.9140186	5.3853436	4.6936493	6.050126	6.941144	4.2258644	6.7991953	5.244359	4.3847194	5.638627	4.6791263	5.3412943	6.178872	6.297142	6.833892	4.9496193	4.822809	6.547486	5.677649	4.827954	7.148548	6.006638	7.4149923	7.3092184	7.4463964	5.247089
4.8069696	3.9949286	3.2841542	6.2726583	5.095488	7.5951295	3.5891378	6.5773478	5.060462	4.3492208	7.583793	3.8285003	3.7591403	3.428676	5.9038925	6.011648	4.8919897	4.2560997	5.3085604	4.352587	5.8415003	6.8477664	3.745357	7.204567	4.6185045	4.9281034	4.590628	5.009839	5.9389853	5.583155	7.029916	3.8753839	6.2219186	4.33422	3.6506214	5.5123987	5.6705413	7.331784	4.40799	5.5024643	5.160367	4.300538	5.851	3.2117121	5.0835104	4.5937567	6.6397266	11.452896	6.8877044	8.555996
4.107488	4.3551617	3.2907624	3.9480605	4.619031	7.136789	3.734903	5.9398155	4.638317	3.7818172	3.242488	3.5721645	4.1551266	3.3576508	3.6001315	4.4964876	3.8707232	4.172965	4.9518785	3.982696	4.7693033	7.3997965	3.2621636	6.790707	5.010908	7.071972	3.9703496	5.7618785	5.630876	5.042947	5.8666887	4.3575954	4.7663403	5.69522	4.2472773	4.65473	5.576792	5.7340894	4.732443	4.108132	3.3514102	3.8709304	6.843731	3.84953	9.365908	5.497116	7.253326	6.56962	7.1319475	4.4016085
4.7343316	5.737174	4.5315533	4.4351463	4.86445	7.7926226	5.0007386	8.234159	5.2076683	3.542639	7.1772704	4.2149086	4.3945713	4.7737417	6.917533	9.885729	4.004876	4.9457426	4.0681777	4.0966907	4.3118224	5.463159	3.3230975	7.1373663	6.0859146	7.9739065	4.6852746	4.742789	5.7358913	8.553816	5.8391714	4.185484	4.033615	5.151286	6.6615057	4.8079286	5.1628294	6.397669	6.4258	5.9144635	6.400716	4.6439185	6.265424	3.9289162	9.397993	4.461515	4.5987105	11.677923	4.1515164	5.9382133
4.1405163	4.444008	3.7162285	4.2151985	4.455946	7.17524	4.1335344	7.153915	5.588786	3.9798307	3.497562	4.121285	3.9022324	3.5015616	4.35026	5.3144054	3.9301264	4.6510916	5.198799	4.127599	5.1530657	7.8413143	3.3037376	6.6707263	5.1260624	7.554566	3.9794989	5.016114	5.5923758	6.5389714	5.58296	4.3006983	5.392349	4.7916574	5.953965	5.086664	5.263345	6.0139904	5.698839	5.1064034	4.15352	4.075927	5.691594	4.483044	9.457321	5.157118	7.125368	8.215151	7.434736	9.19223
5.5652933	8.043764	5.4648037	5.2897005	4.901222	9.19467	5.9863243	9.312132	5.096472	4.55933	7.0169888	4.126112	5.782486	5.183336	4.6284714	7.708741	5.4779468	5.594292	4.6593533	4.6267133	5.439761	6.1368895	4.5822577	8.714289	7.76551	5.353198	5.579773	5.580352	6.020417	8.296835	5.854499	5.037634	4.0516934	5.3875737	7.1182218	5.6618567	6.153848	7.042232	6.367709	5.983912	5.0789576	6.7383175	6.4706907	4.0379753	6.405959	5.028748	5.5119	12.487326	4.6618147	5.710024
8.37084	5.661519	4.4940486	5.2519517	8.779583	8.855663	6.666375	8.615079	7.9732475	6.319686	3.7697535	4.5821877	6.7346535	6.080364	4.581912	7.1244273	7.7004485	6.639457	7.4673247	6.446413	8.952356	6.3241663	6.1467023	8.600192	5.7800856	5.57115	7.108768	8.181314	7.473825	4.713827	7.1170735	7.563579	6.357278	8.473601	5.8195724	7.6660166	7.645779	8.800939	5.4801702	3.5451298	4.704133	7.488544	8.424233	5.3765097	5.915646	8.036214	9.018034	9.194053	9.276955	4.0379195
5.470829	6.4538774	5.9933033	5.076639	6.5361385	8.639633	7.3715277	8.359561	6.703017	6.2219543	5.7431	5.855405	7.4589067	6.9214306	3.9236681	4.903519	5.8556876	7.158927	6.342696	5.8048534	7.0071235	4.7896214	5.87452	8.644478	6.7253504	7.7898192	6.2746916	7.6801906	7.3453174	5.7834635	8.1321745	8.272934	5.4552183	7.9857187	8.81235	8.146721	8.087515	8.020227	7.518148	4.024058	4.160158	8.001106	9.300562	6.8665895	8.483206	7.930759	8.690397	11.556817	8.184847	5.096447
5.177815	3.950348	3.228061	6.195384	5.78166	8.180355	3.448523	6.499424	5.700774	5.107988	4.829669	3.783239	4.5591984	3.279115	4.7846847	4.162488	4.603208	5.0453324	5.961689	5.7782316	5.8826723	4.7724977	3.4322937	7.2730584	4.5851803	5.9207325	4.607182	6.1520624	6.3185253	6.2532053	8.569569	4.176799	7.2618866	5.277716	3.9314198	6.1160383	5.7163725	7.5389595	3.9909828	4.4176927	4.177665	3.8779206	8.439487	3.593573	5.320898	4.459135	10.01377	11.084062	11.275369	7.7132154
4.2833514	3.6023436	3.2270694	4.839759	4.385313	7.8557444	3.1697469	5.3633385	4.7632995	4.087928	5.6359935	3.4225283	3.7266116	3.8177693	3.8279123	4.0039186	4.203206	5.234002	4.8561783	3.9033592	5.8231325	4.0835714	3.4387782	7.3037205	4.2727985	3.6368303	4.302367	4.738358	6.385618	3.8092785	6.5607543	3.3888385	4.970929	4.119345	3.4143274	5.463343	5.549805	7.0502334	5.5737405	3.253559	3.6823912	5.3345222	7.9545703	3.140863	3.52722	3.793879	6.587213	11.982575	7.771752	4.0160327
5.2108855	6.6591387	5.97618	4.7109227	4.970367	7.7549224	5.722265	7.469691	6.2023244	5.4645424	4.105482	5.8653083	5.7113523	5.213645	4.4641027	6.3877964	5.2285137	5.177458	5.859942	4.683936	6.073599	5.9464655	4.20429	7.9747086	6.3746233	9.140179	5.4601793	7.0267506	6.8979177	6.415008	6.2217374	5.7792673	4.7405624	6.926797	6.4122925	6.150448	6.4984407	6.890073	6.831011	6.556004	4.7361135	6.120074	6.673746	6.043294	10.83881	7.0446806	6.424679	8.829639	6.6457944	5.8315706
5.74464	6.7885017	5.4461412	5.022341	6.011715	7.2041707	5.9347744	8.07089	5.7133245	5.3121176	5.0108514	5.648834	5.954566	5.0197577	4.6567473	6.928085	4.9996767	5.6245317	5.7525864	5.364147	6.2829814	4.9984517	4.5406456	8.25979	6.0384846	9.102972	5.985398	6.5378346	7.050219	7.035179	6.7406425	6.4928026	5.2439413	6.9757476	6.6677628	5.858799	6.557067	7.469296	6.122141	7.1731334	4.422845	6.323844	7.485189	6.210399	9.786032	7.346066	7.0781107	9.738035	7.2445006	7.4855375
4.854781	5.0401793	5.914448	4.105981	5.6033735	7.937497	5.657052	7.3468885	5.8467093	5.4878025	3.5554166	4.914364	5.799135	3.831978	4.0941887	5.2275314	4.916405	6.1160364	6.992836	5.746316	6.2404356	7.280363	4.4117374	7.6195707	6.525406	7.5664	4.874446	6.175187	6.255216	6.289076	6.6775208	5.499217	5.3567953	6.1588993	8.28063	6.634794	7.0486345	7.0975637	6.2411466	7.9024153	4.75217	5.107893	7.732589	9.184267	10.051543	7.9454145	9.165043	9.667523	8.834597	12.455703
5.284193	6.084839	5.2333326	5.2018986	5.6880856	8.357117	5.787162	7.1953454	6.749589	5.5363865	5.720215	6.9008293	6.9072857	5.7190065	5.123623	4.8264976	4.9515867	6.275853	6.373524	6.1675196	6.4652357	5.8453436	4.7995653	8.120972	7.168984	9.292267	5.7908964	7.4315233	6.870966	6.1298027	8.026218	7.691706	5.895067	6.890646	8.033911	8.380551	7.815532	7.6889963	8.656921	4.571282	4.5712595	6.96717	8.758223	6.7897577	11.007561	7.9092712	9.604615	11.054222	9.28717	6.587693
6.29181	5.1637907	4.519973	6.3260336	5.7487335	8.652679	5.9367123	8.143658	6.507872	6.4314337	4.506728	5.4360404	5.1675863	4.0818257	4.92174	5.225419	6.509265	6.4917994	7.2463493	5.9074507	7.3570776	8.864395	5.012231	8.472599	6.5068426	5.4983153	6.1251774	6.3840227	7.525827	7.352149	7.3035026	4.487932	7.0333962	6.540209	5.906597	7.892307	7.6478915	7.9308343	6.4042664	5.3883886	5.4790926	5.525998	7.316841	4.527977	5.9314356	7.249785	7.926387	9.40041	7.842438	9.170255
4.33543	4.857723	3.6736042	4.503294	5.5047455	7.4860134	4.123348	7.1714945	5.475727	4.147063	4.885284	3.3987398	4.0332036	4.0489964	4.502078	5.9844565	4.6623387	4.7979803	4.6357136	5.989968	4.9857697	5.310478	3.8346727	7.521514	5.1141844	5.150969	4.362164	4.902543	5.4959383	6.7072554	6.2044315	3.8592782	4.72438	4.5667744	4.957254	4.834723	4.880899	6.304783	4.9938154	8.61627	4.4521117	4.5372963	6.0341845	4.4278574	6.3495393	4.1509323	7.444938	11.165964	7.240472	11.695464
4.1687336	3.501766	3.1914651	3.9705768	5.0867014	6.7395563	3.554113	4.698696	3.7665048	4.6459146	3.9708974	3.183603	3.3555322	3.2552319	3.5945733	4.5334983	4.5121894	3.4160776	5.3509655	6.121166	4.764415	4.4230843	5.9299583	5.8998175	3.7204185	4.7468023	4.170724	4.895555	4.5519667	4.020851	7.230359	4.4911036	4.340496	4.062122	3.345943	3.8733618	4.7348905	5.3236966	3.7309449	11.706063	3.5642478	3.837986	5.5291843	3.6273408	5.452854	4.781253	11.200167	8.550174	10.928021	8.19993
5.832782	5.635854	4.0682344	5.1046066	7.6062074	8.687949	7.4061074	7.32195	6.499099	6.4153385	3.7144363	4.7548904	7.615547	5.14933	3.6270223	5.222864	6.3133574	6.1642933	7.441404	8.815415	6.744442	5.0158587	7.456045	9.186819	5.85184	5.6920233	6.522379	8.546304	7.6332846	4.9527235	8.403372	8.711021	5.516202	9.253714	5.7730803	8.1654415	7.6748896	8.4260845	5.05591	4.409194	3.6225097	6.3819513	10.13858	7.205377	6.5389156	9.749186	10.658487	9.970781	9.789056	4.778015
4.945406	4.5424156	3.8578534	4.9878025	6.023201	7.7103066	4.9145813	7.395337	5.9500904	5.1082573	3.9360118	3.9675498	4.448486	3.7336297	4.4844947	5.1246357	5.110803	5.156839	6.382434	4.8634415	6.268799	7.4846854	3.9470465	7.076144	5.3868103	6.843274	4.735706	5.6146307	6.300089	6.671302	6.9903655	5.225854	6.2088594	6.1803646	5.4083557	5.9248343	5.974349	7.190563	5.5382032	5.008628	4.9629292	4.8951416	6.806967	4.994802	7.9950395	6.2347183	8.387518	8.978159	8.358433	6.4350977
3.2954712	3.8113086	3.1231859	3.3659012	4.260871	5.64468	3.2685935	4.8517113	3.4894314	3.2755919	3.1816564	3.1225026	3.254742	3.1605232	3.9232836	5.3868985	3.3515062	3.4171226	3.91795	3.8595862	3.7348735	5.7773333	3.1789894	5.486534	3.6110559	4.7349176	3.3362243	3.8856254	3.902475	4.7787247	4.962043	3.3941054	3.7716868	3.7470014	3.4082503	3.4780495	3.752971	4.296122	3.4529715	8.23553	3.4660385	3.2883873	4.4848022	3.6317112	6.501928	3.5988972	7.086723	6.0243206	7.513872	9.727569
5.4345264	6.713973	4.357268	5.6596766	7.686357	7.680786	4.4617167	9.43494	5.2038345	4.8415203	5.502535	3.688232	6.494578	5.392042	4.673278	4.7181687	5.5409946	9.039328	6.250119	4.1240535	7.6969376	6.013218	3.847809	8.970495	6.302902	4.15355	6.647035	6.024906	8.335934	5.649756	6.2129717	3.8087306	7.2346377	7.641631	6.4843836	7.848787	7.508788	8.310587	7.230486	3.4969177	4.54466	7.5673504	8.276679	5.2136087	4.277483	5.0812745	6.899474	10.394545	6.7096434	4.6621
3.8404663	4.056647	3.1727798	4.16199	4.950712	6.6511326	3.708048	6.388416	4.8321586	4.0234227	3.5615118	3.324659	3.5591006	3.2572412	3.4240441	5.1365633	3.9115882	4.2570167	4.851541	4.6643925	4.8246965	6.574689	3.471655	6.966458	4.0529633	5.5917416	3.9819238	4.7855372	4.7663136	6.0558305	6.006806	4.4722233	5.5450263	4.806118	4.1529493	4.1060724	4.476159	5.7323503	3.982629	5.51768	3.3244853	3.5951753	5.759717	3.7700229	6.9740305	4.549029	7.375826	8.258667	7.4550314	7.73203
4.4162555	4.7660923	4.0952864	4.378503	5.3553815	6.8593054	4.9585605	7.2761045	5.816102	5.0245857	4.242506	4.1609716	4.334268	4.08936	3.7169223	7.237135	4.7024207	5.1393194	5.287212	6.0661554	5.3947387	5.967577	4.638047	7.882425	4.9857583	7.25402	4.8311114	5.494658	5.802598	7.0807576	6.282833	5.6952586	5.3371634	5.5039988	6.003503	4.9784746	5.0816193	6.806143	5.328168	8.04866	3.8984115	4.4341063	6.4613075	6.719692	8.627136	5.69978	6.9112177	9.028868	7.222317	9.766706
4.0911183	7.3298116	4.938787	3.8851385	7.6330514	7.9599967	6.243324	10.120632	5.4433823	4.4270716	3.447656	3.9136562	5.0420547	6.480671	3.8435946	4.6798506	4.378288	7.6800165	5.820902	4.4789453	7.8862534	4.8158917	3.980936	9.356884	7.0163803	3.628216	5.6089444	5.9832606	6.936142	3.6594808	5.9412117	4.372261	4.723089	7.0095673	6.958247	6.232412	7.5263753	9.175457	6.999379	3.3355744	3.5361414	9.272922	6.493219	5.726523	4.6472893	7.673912	5.4195395	9.212634	4.5189795	3.7440467
5.342498	6.376439	4.834872	6.3049393	7.029553	7.837471	5.0819693	8.90781	5.474824	5.494196	6.0565434	5.860889	4.976325	6.036929	3.8172698	5.269537	5.633209	7.3924594	5.392537	4.842675	7.3731785	7.108193	4.642651	9.028616	6.20292	4.8040338	6.2951407	6.813034	7.505553	4.2151484	6.395686	5.362859	6.5638595	5.411654	6.4436793	7.3883	8.52986	8.5262575	7.9983315	3.8737001	3.69485	7.7988086	6.3343678	4.217329	5.8557987	7.461072	5.6939054	9.801228	4.9878864	6.2238684
6.816172	5.035405	4.8285017	5.7845125	6.610816	8.864296	5.173417	7.16569	6.857866	6.100396	5.788602	5.030881	6.846369	4.399342	4.931592	6.0709443	6.1648016	5.9459295	7.45673	6.5072174	7.421265	5.9015994	5.286438	7.8176665	6.131954	6.5111628	6.1079626	6.696954	6.8677716	5.6743145	7.6400647	4.896997	6.6864405	7.112282	5.279052	6.4677925	7.950915	7.6325183	5.0387077	7.759681	4.6881523	5.1725273	9.104967	5.1939344	6.6624174	7.4252744	9.252106	10.878033	9.493608	10.280378
4.9834647	6.290074	4.2587895	6.371873	3.9074466	8.095713	4.584588	7.4649124	5.3689213	4.246254	8.100363	4.1851916	3.9575186	4.9453573	3.7433116	6.5869656	5.1983356	4.0692787	4.006681	3.9662461	5.58797	5.6357617	4.452388	7.8255534	5.128083	5.6438613	4.45708	5.063398	5.739334	5.407897	4.878065	3.9836786	4.134214	3.917013	5.0309925	4.8559866	5.6415186	6.0456176	5.452746	6.865677	3.6932983	5.75206	4.97834	3.2094045	5.7523203	4.2993817	5.5910406	12.250125	5.1551075	7.2133856
3.3714252	5.710886	3.4533355	3.4130862	3.9458134	5.678135	3.541048	5.9251194	3.652449	3.2034287	3.4990005	3.1334147	3.3724933	3.8237252	5.180027	7.627503	3.525179	3.5416346	3.4409041	3.407593	3.8766258	4.441972	3.232098	5.7377815	4.2275124	5.6986256	3.4382153	3.7884405	4.4773536	4.886525	4.6019125	3.2313786	3.4125636	3.5378003	3.909551	3.5312047	4.000271	4.0630693	4.3313084	11.735029	3.937047	4.044677	4.2034187	3.3453314	7.1413803	3.2729123	4.8617606	8.5402775	5.0055428	12.787868
6.3196692	6.132161	4.750271	6.5235825	6.364538	8.261416	5.924217	8.9370165	7.318834	5.989055	5.5367374	5.698927	5.644501	4.8962417	5.521389	5.528534	6.2244444	6.891879	6.9660587	6.2224426	7.2341905	7.960377	4.2882767	8.7235775	6.961017	6.343135	6.048026	6.5969014	7.2737765	8.806295	7.015941	5.0276246	7.382199	7.4132915	6.7060604	7.3781157	6.6878786	8.298347	6.630514	4.5187526	6.045805	5.9594393	7.2926364	5.8467827	7.2262077	6.5245385	7.7368207	10.082474	8.305738	7.203677
4.972971	4.9032235	4.3191185	4.7764373	6.410159	8.543797	4.602782	7.241207	6.59807	5.171232	3.8755465	4.5717373	5.9490385	4.298651	4.028851	4.541196	5.499382	6.0230303	6.4088845	5.286052	6.244649	7.067502	4.2051272	8.58954	7.0870547	6.7217517	4.8949394	6.849306	7.034311	5.3061767	7.5931163	6.4963713	5.673977	6.9300914	5.4036617	6.4561853	7.4097476	8.162812	6.4249163	3.7226832	3.9696364	6.0780735	8.98572	5.2598796	8.770145	7.5565767	8.02244	10.312422	8.283322	4.8515897
3.8563704	5.331392	3.737163	4.0697827	4.8170233	6.333762	4.1705914	6.7498446	4.6158643	3.476336	5.3037577	3.704804	3.5290644	3.6807828	6.6494474	9.599445	4.019519	4.20189	4.084321	3.9859133	4.49792	6.2672796	3.3687122	6.936268	4.7874994	8.313875	3.8669255	4.207422	4.5172505	7.6832857	5.3571157	3.8633118	4.5984287	4.170947	4.922016	4.431914	4.388784	5.8217316	4.3398995	8.087731	5.2575846	3.9730814	5.1450787	3.9505382	9.792355	3.9327915	4.9914637	9.714819	5.1565337	8.847329
4.700147	6.147855	4.9491234	5.2836657	4.067047	7.3579907	5.369199	7.5681334	5.6212597	4.3083725	5.1370134	5.5008574	4.504987	4.9352717	4.4762874	6.0357237	4.5697274	4.3749547	4.8628626	4.3697042	5.68286	5.14999	3.8724234	7.3272367	5.54128	8.082989	4.8230224	5.903879	6.5712485	6.3774624	5.5301204	4.555378	4.6610727	5.1043463	6.0758224	5.8907385	5.7771544	6.2357817	6.0848417	6.4740934	4.1658163	5.4801664	5.991992	4.018775	8.34309	5.2441416	6.823559	10.334881	6.797449	6.6999164
5.0074387	5.182554	4.071604	5.4569435	7.30986	8.165207	6.596466	7.591674	6.600998	6.576127	5.1657257	5.050621	4.9874077	4.464042	4.622526	5.4766827	5.7349796	5.676516	7.578784	6.163063	7.3881674	5.201498	6.1860123	8.154637	5.6910715	6.890498	5.8575606	6.9012127	6.7916827	4.798739	8.840303	7.367612	7.3146634	7.4357085	5.255516	7.322683	7.287321	8.313532	5.5621257	5.674959	4.2073994	6.2748566	7.617115	5.506121	8.002604	8.31012	9.206104	9.865511	8.594126	5.0075636
4.1569057	4.89137	3.5228305	4.8886266	4.2772446	6.805106	4.124648	7.4278955	5.213905	3.60885	3.8592987	3.9622645	3.7408962	3.6948543	4.417307	5.6336746	3.919376	4.0322227	4.4805675	3.8156867	4.8062086	6.6318126	3.2085974	6.555335	4.6854696	7.197281	3.9626791	5.072153	5.9549875	6.339224	4.9431124	3.888749	5.20074	4.7764335	4.7469425	4.5906844	5.0041203	5.691128	4.731063	5.0670767	3.743625	4.029202	5.338829	3.5070698	7.696867	4.5241776	5.945935	7.9065404	5.963147	6.2211804
4.35628	4.455137	3.5688086	4.388911	5.0565042	6.9710145	3.9082205	6.6228614	4.744463	3.5417495	4.4792414	3.6268654	3.651654	3.5752263	6.348874	7.608222	4.3005247	3.928296	4.281313	3.872178	4.262079	8.009504	3.272221	7.0325317	5.277626	8.033356	3.7795057	4.7749777	5.4102335	6.43979	5.6932726	3.7035007	4.629521	4.5961323	4.44215	4.569502	4.9975123	6.3639784	4.760365	6.6618176	5.478861	3.8917475	5.2014875	3.7581918	10.452557	4.3338637	5.422739	8.2353525	5.569504	6.370493
4.6165237	5.7426353	4.2318006	4.4252806	5.3575664	7.478616	4.848223	6.6954737	5.2163663	4.625558	4.0105076	4.3760085	5.580633	4.22814	3.9337637	5.1832895	4.5643435	5.101878	5.783209	4.9809294	5.6048465	6.2470016	3.8438985	7.513497	5.76727	7.6873426	4.729621	6.339097	5.8972206	6.145199	6.018299	5.714242	5.2086077	6.6153684	5.9085474	5.761836	6.3000736	6.45891	5.321362	5.5554714	3.7576833	5.092038	7.789644	5.9511175	9.219221	6.7538695	8.011363	8.675431	7.5484853	6.0339518
5.6106157	6.1678247	5.1378307	5.597766	6.683503	8.397627	5.3569465	8.038172	6.1424303	5.2632017	6.169075	3.9898279	6.702951	5.865603	5.320477	4.5065165	6.1267138	6.027706	5.4698906	4.952292	7.508945	5.914912	4.092021	8.301579	6.062107	5.2575455	6.7827797	6.666828	7.764614	6.6111226	6.171533	4.0230336	4.645852	7.2076364	5.3159804	7.171201	7.3049173	7.49217	6.511598	3.7520387	5.6621594	6.8479147	7.944322	4.7744007	5.5277433	6.3388863	7.51173	12.438705	6.752506	4.217661
4.275876	5.1376424	3.5104678	4.0570173	4.004818	6.8085504	3.3887672	5.5427628	3.5823789	3.601889	3.8085792	3.2356055	3.3519118	3.7086036	4.2702756	4.217221	4.100501	3.4307308	3.6010714	4.140095	4.660597	4.567486	3.4471452	5.9918823	4.549764	5.827134	3.7018094	4.5860395	4.7037525	4.2274857	4.7205267	3.3102336	3.7687874	3.3440926	3.636702	4.0194	5.0257854	4.234526	4.612962	10.394854	3.3556736	4.495938	4.298266	3.2660577	5.9018936	3.4581163	8.619146	7.538908	8.710022	8.600586
5.069891	5.1949334	3.7018518	4.787951	5.498212	6.916245	3.8636672	7.2603855	6.484687	4.2764835	5.277658	4.2710958	4.7702837	4.563925	5.7606497	7.010881	4.72895	4.312758	4.9046173	4.4501796	6.202863	6.749871	3.651806	7.4362626	5.42834	8.862772	4.88834	6.2725253	6.1581287	5.6192236	6.134322	5.517988	5.82887	4.9814816	4.7011003	5.1881003	5.8222904	6.7844267	5.915473	6.137044	4.1006517	5.272509	5.7392044	3.841278	10.382948	4.983942	6.2914743	9.161224	7.2925673	9.160595
5.4573946	5.0903416	4.159257	5.7462697	4.944775	8.487825	5.074378	6.585637	6.249366	5.773328	5.0783963	6.3780823	4.7609763	3.8105397	5.309314	4.934285	5.2830963	4.805359	6.6526356	5.518088	6.8303046	4.723184	4.605021	7.408084	5.528829	8.843726	5.5039015	6.9881682	6.438501	5.3136134	8.606105	5.3755646	6.077544	5.7105703	5.1819506	7.865103	7.2910037	7.4305687	5.2881618	6.723318	4.566684	5.348918	7.7390327	3.8477657	9.140638	6.624073	9.403835	10.830474	9.571428	7.4517565
4.415691	6.0079155	4.3232613	4.601698	4.628955	7.1351233	4.767309	6.7303247	5.5758705	4.406149	4.1692343	5.006649	4.8121624	4.404144	4.322904	5.438058	4.33879	4.6322556	5.2747383	4.2472553	5.547104	5.5519357	3.602171	7.335104	5.351909	9.08852	4.546118	6.162718	6.1395035	5.971996	5.907235	5.1357613	4.8782725	6.0106087	5.701027	5.7022824	5.8959293	6.234781	5.7691784	5.567499	4.0009756	5.2299805	6.561263	4.670356	10.450954	6.0675964	7.0401297	9.073936	7.2171507	5.970702
4.6170797	5.8129935	4.128733	4.606589	5.0076885	7.0208035	4.3688498	7.595635	5.526716	4.286012	4.212349	4.413561	4.6973267	4.2942934	4.992411	6.303193	4.447611	4.591371	5.3278627	4.3726277	5.7046843	6.7521935	3.5461266	7.2769194	5.5508575	8.2108555	4.6606255	5.8789744	5.89816	6.8126917	5.449019	5.336484	5.6127844	5.5577455	5.480734	5.2211246	5.511951	6.3211746	5.526492	5.756922	4.151045	4.9917946	5.981489	4.9381948	9.321859	5.332693	6.686818	7.9394927	7.281859	6.5545754
4.677861	5.506425	3.6394153	5.143046	4.915411	7.5370383	5.3390355	7.4646673	5.6195593	5.434106	3.6181097	4.166467	4.5637913	4.0075045	3.5924616	6.1340103	5.1319084	5.393853	5.9427805	5.038195	5.817733	7.909425	4.3645363	7.9771676	5.0553093	5.633155	4.7197733	5.904071	6.209663	7.2157354	6.294264	4.664921	5.860122	6.8077745	5.10394	5.3642015	5.380692	6.169976	4.9569826	5.3739634	3.9233503	4.2462945	6.0773606	5.117303	6.369772	5.536985	6.9909496	6.9924746	7.858027	6.755351
4.1109066	4.1295743	3.1916618	3.7332275	5.8444834	7.5872045	3.4354987	7.716693	3.5813818	3.6523492	3.507045	3.1216264	3.6679583	3.5702963	3.3894825	5.520756	4.0739017	4.12597	3.551147	3.550058	4.961441	4.424191	3.3014693	7.1520767	4.257029	3.590395	4.4066253	4.8481536	6.062358	3.821417	5.60075	3.4138355	3.5184572	4.162817	3.4059463	3.9580941	4.9688025	5.475298	4.1863556	3.3296413	3.2825313	4.1387534	5.1067705	3.2265863	3.6355748	3.6514888	4.84939	9.929385	4.3623004	3.1836147
4.3433867	3.522562	3.1723268	3.329946	3.6244395	6.729254	3.1927638	4.6207952	3.3103502	3.2480378	3.243063	3.1118915	3.1887436	3.2836854	4.7671604	4.0277424	3.6418498	3.2260854	3.9833345	3.5903764	4.5958767	3.7490406	3.2866771	4.656478	3.9185224	4.3958817	3.3413868	3.7564168	4.173557	3.6489658	5.0446	3.1762133	3.3878446	3.319141	3.363627	4.3340497	4.0436077	4.1237926	4.049163	5.364236	3.9636912	4.3056717	4.446567	3.1587288	4.6173425	3.2655451	12.068405	8.336475	12.610539	4.5326385
3.5402927	4.780936	3.2984636	3.7730167	3.3444242	6.2999544	3.3984659	7.4928174	4.0276713	3.1195633	6.090211	3.1774864	3.2468536	3.6842513	4.737889	8.685113	3.3582997	3.2712562	3.2143602	3.2361126	3.6047606	3.7056475	3.1145406	6.1141143	4.4733863	6.504966	3.4399047	3.6263356	5.019656	5.664318	4.050453	3.1816025	3.2749486	3.3063238	4.0520296	3.5602107	3.7642071	4.6013517	4.494665	7.9313054	3.4017513	3.9996898	4.1367846	3.0938172	7.1515884	3.1908407	3.8198142	12.973951	3.5562901	6.9942217
4.39288	3.3971233	3.1733518	4.175396	4.762939	7.662139	3.4915414	4.6372933	4.362463	4.3632984	4.257324	3.2188268	3.4260077	3.3235419	4.2417436	5.5213084	4.7526693	3.558086	5.854116	3.6844776	6.3735075	4.686518	4.8133297	5.6988187	3.763719	4.6286654	3.8183312	4.1707625	4.9676976	3.554816	8.174023	3.4759505	4.611173	4.393399	3.3335316	5.190892	5.3755536	6.746257	3.8046992	6.3863087	4.502067	4.339792	5.9553633	3.1485364	4.758006	4.495023	8.333038	8.998896	8.80822	4.929903
4.662436	4.821612	3.3647969	6.136845	4.076034	7.2823925	3.60277	6.7236814	4.668745	3.5789807	9.493982	3.4529674	3.5118084	3.8575218	5.5704145	8.264248	4.5068893	3.4666092	3.5560122	3.811886	4.8369346	5.9725513	3.5298052	6.54029	4.6862288	6.4337673	3.9810252	4.390684	5.1350346	5.851949	5.3291407	3.535852	4.116968	3.4853134	3.7036014	4.1888633	4.653411	5.7288065	4.522171	8.646154	4.246516	4.2242556	4.3179603	3.1278071	6.5186844	3.512729	5.1015778	11.973423	4.953308	7.853262
5.182722	5.58027	6.2760663	3.7355323	4.0351877	7.71933	5.2707005	7.353674	4.882822	4.1072693	3.5401745	4.409807	4.106922	4.2252083	6.6007824	6.014558	4.738699	4.4978275	5.183839	4.2058744	5.5257845	4.7700477	3.9855835	7.0260572	6.5107493	7.4392614	4.846267	5.907485	6.657382	5.403323	6.116166	3.8419063	3.949419	4.498236	5.8312397	5.301876	6.496014	5.1917057	6.891364	9.588238	5.7536	5.9245386	5.8535976	4.0020857	8.435469	4.590167	7.848523	10.070332	8.355859	12.128791
5.548744	7.5490446	5.4722004	5.0890074	5.4614506	7.7624784	6.5410595	7.999659	6.5356083	5.060318	3.7048285	5.5001926	6.086075	5.2852516	4.0222764	4.965569	5.4566584	5.480653	6.537687	5.105052	8.1742115	4.3556576	4.6289387	8.535608	5.900443	6.850751	5.483375	6.6095104	6.947741	5.4663324	6.1866894	5.564048	4.578949	7.5096145	7.003106	8.105568	6.406021	8.86523	5.241082	3.8113365	4.308507	8.503235	8.211119	5.1585636	7.6597605	7.814136	8.716177	11.235547	8.752695	4.2075977
4.439481	3.574755	3.1902995	5.1135254	5.15267	7.953873	3.2768145	5.2563725	4.7469497	4.7978134	4.6066265	3.519238	3.882568	3.3692698	3.2494936	4.0840034	4.4433775	4.7207975	4.9469156	4.1080217	6.6930094	4.1425624	3.6889524	6.9846263	4.0008893	4.6753187	4.0873575	4.991266	6.08103	3.4730425	8.002642	3.5557537	5.71883	4.2014647	3.529428	6.1704464	6.647047	7.057867	4.131529	4.0369663	3.197098	4.3019824	7.818063	3.1648695	4.4723825	4.707348	7.7103314	11.016432	7.968791	6.059868
5.4089184	4.823969	3.824242	6.065261	6.9721284	8.45018	5.4481173	6.800323	6.8636513	6.5494046	5.457138	5.479656	5.0993004	3.6805062	4.429171	5.992838	6.4493356	5.4563375	7.320341	6.636716	7.0056667	6.7249117	5.5879745	8.4012985	5.5245028	7.134731	5.570242	6.949831	6.210288	5.7482166	8.68951	6.9975586	7.21041	6.674842	4.495596	6.7714634	7.3475623	8.290038	4.305069	6.5903487	4.278572	4.9452972	8.271091	4.1833754	8.103751	8.4206505	8.074831	10.942951	7.8679056	8.790641
3.5557678	3.6659214	3.1025949	3.73044	4.306793	6.4928603	3.2721002	5.808999	3.8866162	3.335232	3.1717746	3.175527	3.3666031	3.1256428	3.3489854	3.9432054	3.4078145	3.6587586	4.3566318	3.6246302	4.032899	8.886976	3.1117892	6.0803266	4.016525	5.0490603	3.41947	4.454035	4.3658733	5.5572367	4.8190827	3.6767282	5.146598	4.5414762	3.6108756	3.7360954	4.2607203	5.012253	3.5708709	3.522204	3.1684823	3.2799654	5.5481677	3.3108852	6.7144313	4.146829	6.9125853	5.495317	6.646549	3.8877053
3.6333098	4.4960527	3.2283015	3.7435527	4.460636	6.0657825	3.36805	5.9866734	4.034915	3.2450197	4.096471	3.3175385	3.424226	3.315239	5.2506638	6.925158	3.4742155	3.6970809	3.6843076	3.4719503	3.94321	7.516426	3.124178	6.2970076	4.1908445	7.7406363	3.4873388	4.2300496	4.1924133	5.87883	4.491477	3.4682693	4.3020735	3.887602	4.194798	3.7657092	4.308944	4.942304	3.9688702	5.263279	3.7192292	3.4242637	4.6758804	3.4666293	10.157864	3.6892133	5.066804	7.9606996	5.25514	6.7775946
5.138383	7.1288114	5.504299	4.9594955	4.372694	7.654568	5.953465	7.8821125	5.145336	4.922939	4.2639575	4.466658	5.1731043	5.133745	3.6599069	7.4797554	4.867139	5.233103	4.8098774	4.525424	5.6681423	5.4238005	4.995182	7.617442	5.738818	6.772133	5.56552	5.78397	6.4462194	6.8720818	5.437278	5.490019	4.2057962	5.6620755	6.5474896	4.928508	5.638692	6.026353	6.6499395	6.8806624	3.9954212	5.8400984	6.448325	4.9188566	7.119683	5.434285	6.3104863	9.848505	5.9532585	5.650402
5.3617516	7.0054603	5.6821895	4.8437347	5.8708353	9.105417	6.1283503	8.163467	5.4023304	4.2677574	7.816385	5.1383553	5.6840153	5.7925353	6.1511145	7.904367	5.3704987	6.255515	4.965414	4.6314077	5.7941628	6.600749	4.4745984	7.759892	6.8608017	7.164088	6.2091227	6.4897213	5.484861	5.6929293	6.936846	4.9845862	4.7388897	5.6900024	8.07966	7.1565294	7.6301274	6.6124034	7.339152	5.146922	5.7836637	5.6003222	6.961525	4.9851027	9.513811	5.355669	6.5180883	11.996454	5.5333652	5.94549
5.1639085	6.7585144	6.7463675	5.8419247	8.210674	8.893041	7.937878	8.847694	6.7453065	6.8956857	5.6837616	5.957712	7.0400524	7.2759004	4.071937	4.3517847	5.919038	7.3164635	7.239175	7.8509364	7.266626	5.277481	6.0981703	8.489403	7.5054507	6.9354095	6.7571464	7.256385	7.7670736	5.382106	8.251668	7.530163	6.9203315	7.987464	7.876725	8.238043	8.940211	7.9360347	8.346342	6.2823725	3.7881923	8.069984	8.62246	9.186082	8.367133	9.793081	9.561883	10.252557	7.8916245	6.4580913
6.9931173	5.1762977	3.990461	5.161553	5.894873	8.637956	4.1553626	6.1263804	6.1956353	4.555731	4.790382	4.305912	5.8796744	4.397667	7.9795885	5.4015007	5.582809	4.727419	5.994519	5.335222	6.3224525	5.738986	3.9327626	8.073338	6.2413154	7.0522146	4.9420266	6.8832817	6.5349307	5.3498363	6.987153	4.240842	4.7214193	6.3567247	4.937887	7.864011	6.633757	8.520836	5.582699	4.0044928	7.375481	6.09466	8.204554	4.2958245	8.756989	5.7829647	9.964933	11.050968	10.4915695	4.1996446
6.8276253	4.393035	3.403897	7.759297	5.33641	9.335083	4.639351	7.074458	6.309731	5.4697556	6.108636	3.911488	3.644127	3.5953074	3.8025188	5.283465	7.0069923	4.3575525	5.4279594	5.8002853	7.4419274	7.294975	5.9178305	7.8395324	5.9423494	4.747762	5.255514	4.9740515	5.950185	5.3395967	7.528477	4.505082	6.4130435	4.301999	3.766334	5.8508825	6.8965073	8.226969	4.838407	5.8500237	3.518488	5.9332128	6.7924414	3.123621	4.635165	5.805525	7.0582113	10.95877	5.6502376	4.847827
3.5347662	3.5813193	3.0989132	4.105424	4.273808	6.444865	3.367021	5.370898	4.038793	3.4482186	3.9546568	3.199299	3.2295344	3.1397045	3.9139867	7.479308	3.78169	3.3746097	4.189879	4.123174	4.4858627	7.642586	3.2810085	6.111435	3.663381	4.488764	3.5605206	3.9844313	3.911766	6.142091	5.607746	3.6291313	4.7821636	3.8763998	3.2128124	3.6966352	3.7988074	5.1758356	3.2456303	5.3827553	3.4089825	3.2440906	4.637176	3.1417494	4.9310055	3.7870371	5.372205	8.652747	5.488578	5.414466
4.8456583	3.7413836	3.3896365	5.5268593	4.4573703	7.7035356	3.4094005	4.78862	4.926244	5.1338134	4.673105	4.2828417	3.9295514	3.356822	5.3651547	5.4139204	4.716531	4.7744117	5.883851	4.5944524	5.7159815	5.190299	3.8794665	6.567766	4.0333652	5.455608	4.791787	5.3912354	6.2879715	5.045501	7.663915	3.6703131	5.5581603	4.571212	3.4272513	5.598156	6.029542	6.1507025	4.3982673	5.83465	5.426113	3.9519565	7.890194	3.2566104	4.589888	4.807946	7.638294	10.23885	9.1444	9.483486
5.1081157	5.3634014	3.9838946	4.440482	4.9386773	7.373	4.3282638	7.029928	5.7220545	4.5904617	3.694745	4.002691	4.8951364	4.2331805	4.4357567	6.0596695	5.0581417	4.314027	5.526822	4.7689776	6.2092505	7.514004	3.9553163	7.479526	5.9633904	6.8213606	4.660975	6.1547027	6.1872444	5.8318014	5.6978784	5.0155306	4.8293242	5.398354	4.9234653	5.610634	5.7191663	6.724788	5.700631	6.3083563	4.2550254	5.5610476	5.87663	4.4069204	8.994791	5.714407	7.2194257	8.386154	7.4972153	8.10187
3.326003	3.906249	3.193034	3.1921947	3.9837608	5.997858	3.3329275	5.447292	3.486467	3.2596247	3.1156924	3.1164744	3.3418028	3.315427	5.164468	5.6195374	3.4080489	3.6143765	4.159397	3.680869	3.5728626	5.0123053	3.1677127	5.6365438	3.9409618	3.841858	3.3167546	4.2685604	4.3653965	4.983123	5.0434346	3.4167223	3.374004	4.030535	3.5486495	3.456815	3.7037048	4.044635	3.7953334	5.809648	5.487488	3.5586026	4.4950466	3.9613972	4.866313	3.3817546	6.821308	6.2677	8.6539955	11.394812
4.9951115	4.890003	3.4649987	6.3688116	4.1614876	7.327701	4.431264	8.450298	5.8113775	3.7931244	6.0253034	4.341241	4.014728	4.2520757	4.36159	7.0490446	4.3419256	3.936564	4.0327168	3.9988408	5.4899645	6.9345617	3.2885466	7.155084	5.128138	6.1684847	4.284575	4.9538555	6.9115877	7.216692	5.453026	3.5523605	4.765057	4.580483	4.4704247	4.9979696	5.2319536	6.5042048	4.919025	5.0647755	3.9150093	4.217207	4.907409	3.197722	6.02577	4.4182925	4.6714983	10.204368	4.6565695	7.624167
5.011649	4.3356247	3.3217733	4.7118487	5.8169804	7.086563	3.876483	5.247712	5.192992	5.3550143	4.623561	4.2669916	4.275865	3.3116453	4.4646554	4.8307686	4.9273524	4.2466345	5.9050913	5.2339683	6.3380604	6.307447	4.0933022	7.2975574	4.6617537	9.318625	4.400011	6.6497154	4.9693027	5.400077	7.8490486	6.596296	6.0955615	5.186684	4.20967	6.0729513	5.9608493	7.2195535	4.0581617	5.260133	4.030964	4.39712	7.2662344	3.9582424	10.727631	6.297901	9.848297	10.015299	10.260014	6.5930653
4.5864015	4.2914877	3.148603	5.5997505	3.8261461	7.7200427	3.3874435	6.325839	4.7967424	3.4560502	9.402882	3.3591142	3.3654752	3.326092	5.0546136	7.8378415	3.951147	3.588857	3.596387	3.595302	4.7275677	6.8209314	3.304971	6.3526063	4.100414	5.607649	3.9149897	4.1965494	4.284959	5.848506	5.4652886	3.358817	4.3082485	3.4642947	3.8204112	4.099147	4.4418325	5.3265076	4.226304	5.9442873	4.0445805	3.5615954	4.2462883	3.101139	6.5324326	3.3823466	5.3653173	12.724839	5.194619	8.711132
4.3220673	5.090418	4.5845637	3.375665	4.042379	6.5303392	4.7815075	6.0957828	3.6709075	4.0250406	3.3994946	3.6017313	3.9529963	4.127453	3.839408	5.0889554	4.620336	4.1074686	4.7978597	5.3884454	4.5445805	3.8629196	4.8079743	7.4003954	5.014536	4.665696	4.714805	7.06108	5.6363444	4.5083046	5.687025	4.300972	3.518347	4.541588	4.6576886	4.265203	5.744727	4.7440963	4.3762884	10.197592	3.8624012	5.266685	6.4705887	4.3163724	5.116581	4.4531612	8.179573	9.013979	8.218257	12.59071
6.2828503	7.464307	5.4974365	6.741708	6.210725	8.422962	6.0015826	10.354469	6.888847	5.540409	5.4673038	5.7171574	6.885454	7.4930515	4.0845675	7.07061	6.3697643	7.789212	5.251047	5.33599	7.342059	9.031914	4.475232	9.664131	7.7017045	4.2424173	6.782754	7.4310565	8.361014	6.538404	5.631255	4.9529524	5.902412	6.8237457	6.2984333	5.8214016	7.3813715	8.000758	7.5554543	3.579336	4.2922163	6.529091	6.4958363	5.002463	4.6279325	6.1469445	4.947972	10.208735	5.181073	5.9996514
5.4562907	4.3773403	3.7133963	7.0200014	5.196475	8.398382	4.846963	7.845677	7.194921	4.901905	9.34446	5.95778	4.30354	4.071314	5.7261763	5.6914983	5.2866526	4.960524	5.7986946	6.032693	6.3410053	6.824416	3.946366	7.875666	6.2184577	6.7032585	5.0706854	5.6761036	6.251523	8.323993	7.901831	5.2146015	6.512615	5.502178	5.1101017	6.913491	5.8201504	8.684949	5.708897	3.9010463	5.898921	4.9528055	7.115022	3.6514657	7.427605	5.8412123	7.4318323	12.664656	7.4574404	5.202965
4.2355075	3.9658575	3.4045448	4.179426	7.230378	8.9582615	4.0086546	6.8321505	4.5349	5.1709766	3.25106	3.6479979	3.8907545	3.7936127	3.1339655	3.6631455	4.8039656	5.5206594	4.843589	6.3675075	6.532795	4.6413608	4.873594	7.4020057	4.944376	5.226657	5.2937083	5.92661	5.9473286	3.393809	9.105536	5.389165	5.5697994	4.5968113	4.2491117	6.255338	8.578493	6.3023777	5.843977	3.861631	3.0979679	4.781724	8.265324	3.7718415	5.893915	6.9428263	8.570126	6.939067	7.314217	3.8401203
4.9262214	5.3082004	3.8608694	4.3180466	5.1564016	6.9947796	4.2342186	6.0681	4.352278	4.250454	4.3528256	3.7927697	4.1212096	4.276021	5.317459	4.4229317	4.8082676	3.9161668	4.952925	4.9946194	5.756975	5.8184023	3.982104	6.7387447	5.3047266	7.335735	4.408928	6.219357	5.4611387	5.037149	5.846875	4.8492985	4.6892786	4.514311	4.4525537	5.508876	6.031371	5.426936	5.3866673	6.1967125	4.15168	5.6411448	5.725481	4.269433	8.505985	5.0593114	10.354153	8.897112	10.290012	6.581444
4.2984114	5.460331	3.8913803	4.0192695	6.382948	7.2246976	4.7463875	6.3799276	4.7094164	4.967108	3.6887426	3.7731452	6.717879	3.9378312	3.4404163	4.7711163	4.4971747	5.580344	6.1950884	6.100909	5.6096725	6.0776	4.395872	7.776843	5.5113945	6.7955446	4.8231683	6.5450535	5.612588	5.888877	6.4674883	6.719326	5.3565674	7.4284143	5.8801174	5.48752	6.3407063	6.3018255	4.6635847	5.98231	3.3860083	4.6158876	9.033046	9.1654415	8.567373	7.441282	9.63325	8.55744	9.090986	7.37454
4.2572546	4.7669253	4.1020317	3.5294824	4.361699	7.0451927	3.5963671	5.8522406	3.5883222	3.2006352	7.5569844	3.518125	3.6092548	3.9078922	13.4105425	11.928327	3.6140304	3.7220335	3.9845405	3.70017	3.6707456	4.5818043	3.3646684	6.377781	5.8108826	8.101017	3.8483584	3.9302833	4.4748645	6.0769053	6.0142174	3.3334198	3.7248151	3.8722928	4.340903	4.304127	4.775533	5.4156084	5.090802	11.213302	10.471568	3.9705403	5.6249895	3.8256068	9.594704	3.4867115	5.6990695	9.421265	6.483588	7.659604
5.926031	4.4475503	3.3329725	6.6401825	5.9829807	7.9771304	5.1022353	5.9517593	6.525872	6.9242992	5.160232	4.600673	4.5152535	3.5827477	4.023932	5.9028316	6.7843924	4.74354	6.6174593	5.7934723	7.7159905	7.038045	7.1637454	8.023596	4.8081746	7.0116534	5.4491787	6.745363	6.211397	5.1707706	9.467451	5.808023	7.099318	6.3337936	3.9347773	6.6718073	6.802412	7.990126	4.3458476	5.758539	4.0941854	4.6487737	7.443849	3.4846134	7.3892045	6.6570864	8.751125	9.772	9.462194	6.6265354
4.305625	3.6252923	3.2198958	5.0805006	5.237853	6.6168237	3.3882866	5.77874	4.4110813	4.1170316	8.248703	3.4709556	3.7254956	3.5395806	3.9769838	4.2843757	4.772394	4.047713	4.4097853	3.432701	6.657727	4.8767037	3.560041	7.723707	3.984964	4.921406	4.1526885	5.4081316	6.306388	3.70615	6.7337046	3.504592	4.8094063	4.533448	3.6347814	6.3200502	5.8726606	8.561106	4.1862764	3.2226748	4.058978	4.78011	6.231032	3.1877866	5.1136703	4.338152	6.519394	12.4647455	7.0579376	3.3313415
5.300472	5.2365427	3.4808302	5.0143275	6.9654675	7.3860345	5.219369	6.2610855	4.9893193	5.809537	3.8602068	3.8638825	6.281677	3.6107755	3.3441505	6.800565	5.9789753	5.398019	6.3843193	8.136066	6.478344	4.7173834	7.4142237	8.393089	5.0316877	6.114371	6.437451	7.3663106	6.3084393	5.3901663	8.550259	7.449356	5.9402175	7.6694517	4.1167707	5.7959843	6.359515	7.394072	3.7615001	8.003204	3.2854002	4.443269	10.274255	5.3408356	6.182578	7.046421	9.205133	9.633012	8.731134	6.911728
3.7323089	5.115958	3.6589084	4.1559978	3.8495526	6.051325	3.770875	7.0071287	4.2313395	3.3156166	4.1447477	3.6636016	3.6827173	3.6733549	4.546876	6.336784	3.6666594	3.541856	3.7293162	3.482611	4.255517	5.438231	3.1840985	6.5321727	4.8450627	8.595047	3.652182	4.6851444	5.6059284	5.8493443	4.604796	3.7392743	3.8670506	3.9798973	4.6966863	4.3325043	4.530014	5.4787793	4.65816	6.0048656	3.7188506	4.132066	4.8556757	3.468642	9.929654	3.9401262	5.360216	9.863434	5.3811893	6.3153763
4.4328785	4.713937	3.6152992	4.568015	4.840566	7.014738	4.374363	6.764719	5.4583273	4.2070704	4.3186893	4.459229	3.8105748	3.611065	4.3839808	6.394104	4.3092184	4.4432273	5.191553	4.792618	5.308234	6.1680093	3.5401316	7.2108393	4.9056463	7.8547125	4.5179157	5.365441	5.2645392	6.891632	5.9617987	5.053915	5.5309277	5.202088	4.8374233	5.0267406	5.1398644	6.717705	4.628328	5.550994	3.9208555	4.286252	6.3698654	3.941504	8.886534	5.531479	6.2387886	8.673325	6.1317115	5.525764
4.54885	5.211875	3.3204978	4.4525685	5.2335815	7.4107146	4.23328	6.2508087	4.751119	5.1405344	3.558099	3.2523854	4.4240627	3.6886044	3.3389614	6.0168376	4.977711	4.8763604	5.2903485	5.0669246	5.7673388	7.38004	5.348566	7.363543	4.632555	4.864994	4.5502543	5.008931	5.127157	6.0719066	6.0913544	4.3720727	5.301444	5.721801	4.208889	4.304074	4.9759316	5.2576714	4.5675364	7.7119927	3.3900647	4.098495	6.207271	4.6696954	5.592597	4.51727	8.334239	7.083971	8.714555	7.293216
