ENSG00000184319	ENSG00000137642	ENSG00000123146	ENSG00000135046	ENSG00000175606	ENSG00000115523	ENSG00000118503	ENSG00000054654	ENSG00000163660	ENSG00000119535	ENSG00000110719	ENSG00000160255	ENSG00000081237	ENSG00000090382	ENSG00000177359	ENSG00000198336	ENSG00000085265	ENSG00000100906	ENSG00000169429	ENSG00000240356	ENSG00000044574	ENSG00000147099	ENSG00000244734	ENSG00000141068	ENSG00000257207
4.580711	3.5085561	5.3911066	5.007002	7.7145185	6.5205994	3.6416655	4.0632844	4.816828	4.0582523	4.633849	4.2147756	4.925341	3.870316	5.036891	4.7770905	3.6709483	6.2276917	3.9408202	5.6308146	4.2293844	7.28831	10.074735	7.938563	5.1249347
5.8942356	3.5175247	5.7827034	8.027972	3.5966945	7.972636	5.2095585	4.750463	7.3245177	3.610474	7.640783	5.6576214	7.5073166	3.3539	4.905893	3.2125475	3.783483	10.629845	5.164485	6.462357	6.5245285	10.976558	6.040743	11.10715	3.2803051
5.480012	4.322876	4.486742	5.4019046	6.6377935	6.658432	3.9148803	5.0785894	4.300773	4.9337826	4.434056	4.8306837	4.7021365	3.8876414	4.2761364	3.646073	3.5334444	5.460662	4.1636376	5.6168294	3.9968696	8.15225	10.236429	8.687958	6.617982
4.9221992	3.679178	5.413341	5.6575174	7.543422	5.8997316	4.2064033	4.3654747	4.7237062	4.1849995	4.546289	5.2713985	5.4329295	4.8919897	6.5585365	4.2301135	3.9451528	6.214686	4.02689	5.387429	4.9212437	5.6168184	9.848503	5.0567408	7.7872696
4.421118	3.6224885	5.719919	6.6900606	4.996497	6.061207	3.9466925	5.2393885	4.321663	4.830343	4.558155	5.5506015	5.5960035	5.8526807	6.2470303	3.780823	6.224739	4.792658	3.4170954	4.480196	3.9816418	5.7919064	9.055611	5.1673574	7.900982
6.979296	7.7833896	8.312891	8.251827	6.4729366	8.323965	7.97541	7.4705205	8.239706	7.303245	8.007061	8.248589	8.251593	7.7084084	6.8204317	6.42517	7.0480433	8.914093	6.7302904	6.8464932	8.707138	8.827847	9.7182255	9.039692	7.847814
3.6601346	5.3691597	4.470499	5.153042	3.5815322	6.874942	4.5102205	4.4476805	5.5421424	3.8742125	4.851731	4.2074814	6.772441	3.2025301	4.0450306	3.1731377	3.2402825	6.547201	3.4949663	4.809187	4.1517744	9.67555	8.786146	10.122745	9.2955675
9.152206	3.1637952	3.3291016	3.720236	5.3540907	4.1213417	3.3508449	4.6670275	3.42397	3.9800832	3.3935971	3.4792376	4.0576024	4.9312553	3.515664	3.3590446	3.5280943	4.554833	3.2488618	10.013489	3.8434432	4.456221	7.0328794	5.236308	4.996156
5.8523607	5.5509987	6.664219	6.751313	7.238042	7.4504647	5.910453	7.220946	5.965914	6.259344	6.317001	6.357219	6.6574526	5.4754133	6.541054	5.8091793	5.6332083	9.092325	6.1195965	5.6998954	6.036733	8.076941	9.382068	8.48056	9.874655
6.60987	3.555364	4.0381365	4.2578015	5.743524	6.2500763	3.8016174	4.1826315	5.059763	3.958355	4.1533237	4.6041317	5.5368185	5.2794924	4.4549437	3.7335165	3.9166698	5.8721595	3.439431	7.568978	3.8106751	6.0784717	11.554584	6.0872517	7.125049
4.284552	3.0997283	3.3569698	3.3424063	8.436252	3.527242	3.254081	3.1409721	3.236414	3.2802446	3.283113	3.9122818	3.9068863	3.7402341	4.08394	3.2294035	3.5742497	3.644934	3.2160325	6.691334	3.3081312	4.0605483	12.822202	3.5912132	4.0389996
5.697216	6.423834	7.4223995	7.3213964	7.0239744	8.29731	5.5940533	8.399208	7.6907625	4.828622	7.4963446	7.370088	7.9031725	5.453003	7.3712554	6.1144323	4.771105	7.2656584	4.5444136	6.9584985	6.9688005	9.745701	7.593148	9.966679	4.886567
4.497403	10.754635	8.084412	8.917761	5.1904206	8.867349	7.3003554	8.313982	8.26359	7.8139467	8.900533	8.462578	10.984877	9.344971	3.7022982	4.9709454	10.238457	10.715978	5.4557557	5.296566	9.219754	9.240677	12.054132	9.584002	5.6621027
5.552249	6.7442517	6.6819496	8.448751	8.058241	7.4418297	5.684105	7.2868233	6.7221746	5.228863	6.862936	6.543051	7.19485	7.759218	6.723407	5.033208	5.2722316	6.4126034	4.521657	6.186425	6.8350763	8.301733	9.65148	6.7476196	5.6943083
8.057028	5.327586	5.0909786	6.1068354	4.427601	6.185019	3.2998939	6.0820236	4.1564016	3.9958487	5.3228407	10.146017	10.26352	7.2879896	6.3439245	5.4190264	6.7907495	4.633868	3.0967767	11.719491	3.9208856	6.1312943	11.360384	5.9006243	3.1987245
8.292605	4.859326	5.42377	7.0222206	3.7556124	6.5007095	4.100113	5.6562424	5.3957467	3.9506805	5.92041	6.7405424	8.82155	6.5529747	5.623361	3.3703163	5.399496	5.295503	3.1880658	11.129209	4.760789	8.645672	11.637213	8.003595	4.4613347
3.7712793	3.3006258	3.8117685	4.939638	4.0074353	4.9105463	3.3491685	3.6138935	4.5370994	3.6539721	4.6591487	4.3219275	5.3665514	3.514169	6.786859	3.6722872	3.4813392	5.2195177	3.2645514	4.339819	3.6186128	5.770461	9.560717	5.6333637	8.443209
4.8183823	7.6729984	7.428463	7.8440657	5.5980215	6.996067	6.7227983	7.2073665	7.6030707	6.7599382	6.748772	7.3670044	8.405264	6.77701	5.004316	5.752534	8.352501	8.659851	6.061681	6.561124	7.698351	7.916429	10.622846	9.489029	6.116702
4.692458	3.8410912	4.3702474	5.011919	6.053673	5.2758217	3.5372553	4.264192	4.131565	3.8742962	4.1424294	5.1209764	5.4374695	4.2901635	5.778598	3.7208862	3.5002291	4.3407054	3.2947915	5.396411	3.7729905	6.5013943	9.735921	6.1620636	9.144386
5.3636436	3.30739	4.0734243	4.9767056	6.194439	4.607097	3.3686726	4.131556	3.7607942	3.9561434	4.036932	3.625638	4.3198295	3.5887082	6.782563	5.6584196	3.5309331	6.032324	3.3553646	5.5466757	3.6659288	5.4410334	10.769044	5.3753843	9.661633
5.7530746	4.427473	6.0375004	5.9173684	6.629799	6.184142	4.9559746	5.1700497	4.5316024	4.691456	5.6457334	4.944445	4.8943014	4.352482	4.987912	3.9234078	3.969451	6.249216	4.564995	6.4836493	6.7309303	7.793514	7.1432347	8.004691	6.589757
7.818748	4.3944106	6.589638	6.486247	3.5170145	8.909167	3.4750602	7.053376	5.0014696	3.4678984	6.827104	6.6043816	8.402357	4.0753546	7.4778666	3.523242	6.048608	5.4709444	3.2009287	7.6850514	4.069114	7.6977005	8.552057	8.345751	4.2530603
7.9778957	5.7303643	6.262227	5.263174	10.099341	6.771423	6.3159237	4.998433	6.029228	7.9681444	6.2201533	6.345962	7.816978	6.198807	4.652394	4.5820675	6.195812	9.247211	7.1925592	8.273085	5.676921	8.225058	12.1063385	9.14724	6.6930833
5.708911	3.5925646	4.122122	4.507378	8.894131	5.3419905	3.684762	4.206968	3.9888213	4.725465	3.996192	4.3592978	4.995765	3.9103508	4.2249937	3.4253755	3.5435412	5.4436207	4.297871	5.933196	3.7948344	7.692205	11.666504	8.403794	5.459997
4.9971094	6.712544	7.3734865	7.1495633	4.8574953	8.848116	6.288984	5.8082647	8.386736	6.660658	7.1193924	6.4677	7.5499673	5.058979	5.33788	5.5043707	6.0388193	8.614542	5.3986406	5.5387053	6.8194017	8.401466	9.590785	7.864816	8.651252
4.5736427	3.9274502	5.0180626	6.097185	7.083884	5.125985	4.49537	3.7438881	4.353943	6.912755	4.7108912	5.2373867	5.857441	5.1554775	7.487491	3.6719773	4.7425666	5.1218786	3.5981631	4.326914	4.056704	4.4853673	9.5632305	3.890232	11.621169
4.6669626	3.1747565	3.6475627	3.3881762	4.5813193	4.3996773	3.1258125	4.4435434	3.2235544	3.0926952	3.5742967	3.1859064	3.7894695	3.123166	5.173938	3.2615352	3.0884624	3.5552397	3.0844784	4.420337	3.1194022	11.258523	7.2122316	10.558126	4.5596256
5.6349506	8.392305	7.5622067	7.1853614	5.0773964	8.556583	7.211034	6.951008	7.505262	7.0244565	6.724816	8.602375	8.999472	6.210059	5.37442	4.949342	6.272415	8.9489975	5.049118	5.4356184	7.7796555	7.8033266	8.918604	7.736172	9.318655
6.387868	3.4403565	3.7945561	4.201234	8.807011	3.915132	3.7790904	3.3729804	3.6856883	4.7134275	3.7057912	4.6017976	5.3753023	4.4517937	5.3883657	3.3705132	3.835772	4.49148	3.3808303	6.0252075	3.6504002	4.8110065	12.491235	3.8697412	9.535105
5.692715	9.738356	8.379572	10.110853	4.080821	9.38217	5.8074217	8.640999	6.7419434	7.106683	8.500517	9.313662	11.051268	9.369312	4.913759	4.422807	10.178901	8.188448	5.5695295	6.8075714	8.173897	6.585328	12.104344	6.2913914	4.348237
5.56209	5.5598955	6.107775	6.1644955	4.184447	8.127117	5.154667	5.779503	5.3679485	6.020318	5.8509736	6.895539	7.534469	5.8150425	5.3025045	3.4630303	6.2288957	7.737495	3.795775	5.6401587	5.4570885	6.803851	10.352726	7.0418534	8.727865
5.2784896	3.2183456	3.3172612	3.995961	3.9730783	3.6588392	3.154819	3.607914	3.3777003	3.1344328	3.5818727	3.8347409	5.428206	3.390478	9.142548	3.793463	3.1736002	3.8077168	3.0965571	7.606089	3.2118425	4.2068343	8.861015	4.228877	9.405281
5.3563247	7.566288	8.118404	7.856891	5.102941	8.880605	7.4045796	7.215028	9.104958	6.864608	7.6604185	7.5971165	8.529435	6.352032	5.3748584	6.4348526	7.3754706	9.160315	5.9634595	5.6029663	8.083362	9.291767	9.552378	9.346484	8.818232
4.768184	3.3667562	3.3748689	4.098566	4.883541	3.8387809	3.4558692	4.0728865	3.352559	3.3349078	3.4531229	3.6007643	5.0271645	3.2257454	6.2234035	3.3183956	3.1360724	5.8282332	3.1189759	5.6083393	3.251079	5.4365654	9.071989	5.064188	10.653809
4.34237	3.0931835	3.1444404	3.3363876	7.3090696	3.3375714	3.1243334	3.1021767	3.143903	3.1430604	3.1575363	3.3624918	3.4460003	3.707628	6.446087	3.2942479	3.159044	3.5850568	3.1173081	5.9545126	3.155636	3.7145915	12.170364	3.3572836	5.950347
5.500662	6.1433187	8.157153	6.99171	5.6764	8.007358	7.070408	6.7889004	8.342616	6.950887	6.5755835	8.519553	8.805262	6.2365704	5.7353945	6.2459464	7.153942	8.596184	4.73225	5.3073235	7.3896856	7.568581	9.114918	7.607707	10.44776
5.6277227	10.154707	8.563185	8.49195	4.670224	9.359703	6.1933193	8.362043	8.247601	7.182851	9.800086	9.419518	10.659557	7.334889	4.8818665	5.640292	9.9666195	8.326199	4.4014297	5.7335196	8.425967	8.738064	10.814524	7.7670302	6.5682583
6.093033	3.1234152	3.3188803	3.4462252	6.1235795	3.9556305	3.2256212	3.1636903	3.746021	3.366482	3.4825234	3.9876368	4.7219787	4.8968196	3.5662007	3.4576342	3.7456112	3.542825	3.1494503	6.820733	3.3147535	3.958977	13.595426	3.396897	3.9585912
7.131601	3.2589154	3.563476	4.4214025	6.3157854	4.0881658	3.5756903	3.6304386	3.4282975	4.091881	3.7000396	4.0876746	4.32298	5.784368	7.4305806	4.601925	4.2007647	4.1108184	3.3462415	8.528723	3.913883	3.8295772	8.984348	3.793552	9.87735
5.786948	4.021214	3.9365964	4.6917667	4.962495	5.4752817	4.3846836	5.809919	4.37594	4.001033	4.3599043	4.4485826	6.4308586	4.1646657	6.5154414	3.4757967	3.5627844	6.688824	3.7685118	7.051208	4.162506	7.740556	10.039678	8.460461	8.06303
5.815142	6.2619133	8.226393	8.245116	3.719954	9.147985	7.7241087	7.306035	7.80357	5.415313	7.41537	7.3334846	9.1185055	5.908435	6.9133234	3.5724711	6.2076893	9.049245	7.283232	7.0985165	8.115475	10.0910225	9.166235	9.372786	7.9627304
4.498622	8.44862	9.345045	9.320238	4.009939	9.29702	7.450726	9.225555	9.233404	7.609457	9.068658	9.5203285	11.01844	8.634422	4.216819	4.2974977	9.475519	10.408371	6.048559	4.9493356	9.632763	9.160556	11.336568	8.485086	5.280308
4.1841316	4.183511	4.71629	5.113801	5.0036106	5.957445	4.515581	5.2266474	5.655218	4.8287125	3.8859558	4.857111	6.5017443	3.7331672	4.9043903	3.4757054	3.5042596	6.6281323	3.6814144	5.313021	4.272558	6.9897017	9.527811	7.2106047	11.274734
6.506526	6.306698	7.65839	7.4409404	7.0562773	6.8360424	7.890467	6.219348	7.895373	7.1775837	6.347987	7.598015	8.953972	7.078122	5.342559	5.9152575	7.354046	9.559014	7.4811068	7.7935433	8.782335	8.240326	10.729729	8.578426	5.799879
4.6078496	4.7205334	5.173005	6.603722	7.9747043	6.784254	3.8751314	4.275894	4.802203	5.811983	5.0782533	5.4933605	5.7383547	5.503294	5.862544	4.588228	4.871526	5.044996	4.57902	5.7003403	4.3968787	5.710883	10.595474	5.8874235	8.263298
4.6870937	7.401873	8.457191	7.3165903	5.092494	9.67669	7.062838	6.9082355	8.683651	6.735132	7.1218805	7.5577803	8.426875	6.054391	4.631458	5.793178	7.2992964	9.29213	6.0467153	4.9714475	7.7106814	9.073447	9.169885	9.393136	9.240904
5.1920137	3.634644	5.002223	5.753296	5.28809	4.9069014	3.667828	4.718753	4.0350633	3.9441972	4.6342397	4.5384936	5.6990037	5.0076914	10.186518	5.5345974	4.6286583	6.180265	3.3367949	6.4190254	3.9151468	7.5538516	9.454384	7.1938376	7.738738
5.4471684	5.3355803	7.1345716	6.857585	4.866164	7.355469	6.3338223	6.8639216	7.4040985	5.473912	7.5830436	7.525582	7.326054	5.300476	7.5542736	5.2679214	6.2383585	7.873566	6.1562	6.4227657	7.6790633	9.230057	9.080942	9.102991	9.700313
7.7051015	4.560074	5.0206056	7.844758	3.4296021	4.8915644	3.7587874	5.409937	4.195554	3.6360157	5.14009	7.5883026	7.931211	5.79983	6.251888	3.5254538	4.3179207	5.317833	3.1142983	10.654568	4.9827204	8.213907	11.589473	7.7848277	3.5811186
10.121574	3.1886194	3.3557029	4.1273274	5.551239	3.850093	3.245732	3.36538	3.2031631	3.9832575	3.405445	3.379209	3.7588036	4.687535	7.7385774	6.9696054	3.8861551	4.324619	3.1372466	10.9726925	3.3738334	3.9167552	8.64691	4.517975	11.25776
6.2674127	4.3982925	4.612568	5.783655	6.3155465	5.1405115	4.470889	4.286682	4.139886	5.4341307	4.80404	5.1422005	5.0854864	5.543271	6.7163672	4.118256	4.564274	4.975622	4.2385216	7.929267	5.35349	5.236926	7.8319345	5.220673	10.702611
5.9384227	5.77186	7.712035	5.9469223	5.7604055	7.0087867	6.1101084	6.7374797	7.297711	6.5160875	6.6244736	7.436211	8.887692	5.444474	4.4750443	4.902953	7.461151	8.859116	5.676183	6.604018	7.823082	6.812338	9.643485	7.113517	7.887876
5.9035892	4.5285354	4.5696707	5.957246	5.8256364	5.285219	4.269314	4.637418	4.724473	4.321577	5.313916	6.598594	5.7819505	5.6732426	7.112523	4.0606265	4.4852247	5.6085434	4.4021993	7.306018	5.369832	6.38552	7.962395	6.4204435	8.783257
5.5826955	4.331088	4.4597926	5.194153	5.9569607	5.541587	3.9011765	3.6935406	4.9068604	4.042458	4.6318245	5.408551	6.2252803	4.6650643	8.354605	3.8100038	3.7432742	5.5571537	3.3754256	6.6071796	4.281646	5.546766	9.165049	5.125925	12.244475
5.9473267	4.7843122	6.841725	5.9951487	5.255556	8.32247	3.701395	8.198904	5.1830997	4.419553	8.728241	8.6044	10.785608	6.4716034	8.218996	5.186813	8.797354	6.4304237	3.401744	6.7210164	4.6826544	5.8251057	10.729933	6.0750113	6.4742174
7.1528955	4.0858216	5.2961082	4.6447573	10.122133	5.4230576	4.3077087	4.2081113	4.031989	5.142748	5.1060133	4.573995	6.8500223	4.5184636	4.394474	3.5146813	5.0074635	7.3492565	4.4409103	6.9846425	4.5135274	6.282214	12.18139	5.747821	4.750374
5.4309015	3.460677	3.7659097	3.9815793	3.8025954	5.595289	3.9550514	4.45982	4.1907105	3.6575	3.8634477	3.8637524	6.0374336	3.1919465	3.9671533	3.2054327	3.1671028	5.615619	3.13922	6.501787	3.5701427	7.491036	8.718286	7.4789143	7.5223565
4.302585	3.1555662	3.9374158	3.7799008	5.256967	3.8451133	3.3333228	3.457995	3.2141685	3.3740685	3.3324556	3.6745894	3.7473273	3.3023021	5.325134	3.1654246	3.2669337	3.6822493	3.1015954	4.771078	3.2732823	5.2435026	8.844684	4.629074	6.576909
4.01326	3.6419258	4.5955615	4.6283064	4.0591474	5.256076	5.07981	3.639266	4.50334	3.5498455	4.004302	5.115115	5.0013	3.365833	4.280955	3.1669707	3.2452757	5.9857135	3.1781461	4.516307	4.3599977	7.5389056	5.2686605	7.345755	10.532312
4.900647	4.6950407	6.081001	7.1462483	7.8775268	5.320484	4.335086	4.548009	5.007202	6.4730377	4.557226	5.0583034	6.4360833	7.066801	6.3209457	3.7473922	4.9641504	6.21037	4.6280713	5.624045	5.0070662	5.826791	10.192181	6.571066	8.327002
5.451162	3.1405833	3.900228	3.7670407	6.19573	4.9674397	3.4830065	3.5005782	3.4466367	3.2920592	3.6107736	3.450456	3.7555568	3.446639	5.840398	3.1397548	3.1481686	4.798897	3.2268465	6.649149	3.8115335	7.2169333	6.738944	5.572833	5.2467985
6.337611	4.557721	5.891879	5.5122585	8.951908	6.7410207	4.7161093	5.776986	5.5649767	5.5373955	6.072151	5.1219845	6.000925	4.559458	5.5107203	4.217379	4.494597	7.5275087	4.629635	6.1378994	4.684778	8.23019	10.250128	8.262163	9.68952
4.4726286	3.0865273	3.3199873	3.1791542	5.840523	3.6765654	3.1067693	3.2891743	3.135646	3.1075578	3.1512163	3.183589	3.7070982	3.1556976	3.77639	3.5921698	3.101399	3.3953137	3.0842211	5.37449	3.111369	6.235833	11.932413	5.748938	3.3526316
5.206094	3.9151568	6.041987	6.193433	7.679242	6.2673645	4.2413015	4.271674	4.827159	4.846084	5.531148	5.147545	5.393673	4.912117	6.3304358	5.491044	4.661109	6.074774	4.2467656	5.9513264	5.2759104	5.887428	9.629091	5.928406	8.316835
5.451538	5.1190825	5.816061	5.8535995	5.1148987	6.6192727	6.0473537	6.4494915	5.8743935	5.8220477	6.0350227	5.1314087	7.3065057	3.9775856	5.917429	4.6700773	4.499178	8.152722	4.259327	6.732709	5.560012	8.954486	9.614519	8.769888	9.258091
5.155822	7.953278	6.711438	6.5184736	4.844624	7.705376	6.656695	5.973176	6.9177585	4.4411564	5.659816	7.4862366	7.4323273	4.2405214	5.1581316	4.490733	3.9024105	7.549325	3.9695692	6.6671314	5.6513367	8.71417	7.7720766	8.7514105	8.0519905
7.6162176	7.090608	7.765988	7.9253306	7.040291	8.524666	6.4639397	6.237977	7.155723	7.2575145	8.277498	7.296923	7.5717177	6.095633	7.194457	7.042205	6.623945	6.8937025	5.394759	8.097235	7.6075063	8.888179	9.558831	8.279949	8.089748
5.997121	5.581953	7.366908	8.296486	5.6552896	6.8115807	6.3148174	4.81103	6.0379977	7.2554617	8.10565	9.086799	6.8116436	7.386527	7.6847143	5.844531	8.963051	6.8964386	6.152556	6.81397	7.086744	7.302552	9.6945095	7.0683184	8.270448
5.2031612	7.619871	8.008003	7.7484956	6.6375513	9.026236	6.623911	6.340781	6.966342	7.2548113	6.947556	6.897997	8.125574	6.9379525	5.5646963	5.152084	6.808853	9.300106	6.9398603	5.4716873	7.9345417	7.5847106	9.415878	7.0574913	8.116804
6.9198117	4.1108017	5.0182753	4.7413588	8.386454	6.1554704	4.5005193	4.599366	5.6189117	6.166034	5.3148203	5.2108393	5.806052	4.600939	4.4238997	4.341682	4.525797	6.19542	4.630453	6.584979	4.2763615	8.304582	12.396597	6.921042	6.3052435
10.2930565	3.1339936	3.197363	3.5225582	4.69877	4.4117823	3.174119	3.6753414	3.2940736	3.3171017	3.392258	3.4724472	4.5450377	4.7295866	4.6547093	3.4747972	3.4984467	3.8749008	3.106345	10.913697	3.2436604	4.2300906	10.196707	4.532764	10.256773
4.609347	3.946428	4.067874	5.218609	5.302309	3.765305	4.1539	3.6450293	3.9626482	4.8093667	3.5410178	5.7072725	6.3964367	4.6654267	8.248243	3.2715895	3.6906173	4.7015495	3.471768	5.380505	4.328388	4.6813035	10.260389	4.920556	13.458764
5.2254133	7.489683	5.911876	9.682578	5.367746	6.3865166	5.1263533	6.7367773	5.796012	6.9105253	7.4270263	8.23127	8.808527	9.476731	5.258121	6.906307	9.04174	7.7573824	3.9402685	6.047564	7.2769713	6.4067087	10.721781	5.874849	7.5136375
4.4078918	3.9125383	4.933706	6.1877055	7.07813	6.1279826	3.7844367	3.8322654	4.5055475	4.753653	5.001846	5.393705	5.5049725	5.0379987	6.192486	4.2487307	4.3594913	5.392602	4.0164604	5.1271772	4.408862	4.873308	9.721459	5.095783	7.9099784
6.905465	3.4656215	4.2412386	4.3773885	5.024903	5.6212482	3.8577838	5.212533	3.8308506	3.9933853	4.689995	3.7369258	4.4975038	3.4212785	4.596694	3.784984	3.4882586	6.0745335	3.2749488	6.611455	3.8156915	7.72405	8.096329	8.148802	8.516396
9.92765	3.1707985	3.341813	3.675959	4.0496006	4.1264453	3.2158427	3.4575078	3.1955369	3.125781	3.8978753	3.6998885	5.269431	3.4820902	10.09739	4.1085196	3.2632093	4.198726	3.0902448	10.728762	3.2524786	5.8794622	8.225861	6.3460045	9.116936
6.659356	5.6647077	5.0906534	5.644136	9.1700115	7.536771	4.8074903	5.213581	5.526596	6.670653	5.810232	5.206303	5.8566074	4.315591	4.2276835	4.449888	4.410924	6.7165794	5.6013536	6.7648225	4.744247	8.812717	11.605247	8.721518	7.1498027
5.6882353	3.4251966	3.952728	4.5090847	5.820462	4.600465	3.6552463	4.1539426	4.0548377	3.9268	4.5786386	6.537225	5.8145614	5.9915667	7.1719184	5.027024	4.55809	4.19169	3.573182	7.2576976	4.386741	4.725724	9.665682	4.421126	5.575982
6.154131	3.424514	4.1804833	5.626898	7.6344957	4.234932	3.726218	3.8507385	3.5870028	6.6506214	4.3008013	3.81438	4.547694	4.4580245	6.6150665	8.153437	5.90117	4.5679474	3.447279	8.829521	3.6981268	4.321593	10.1221695	4.1956024	11.657073
7.330126	4.285898	5.7326536	5.2867684	7.242338	6.0987287	5.8627844	4.7649584	6.793745	7.4465914	7.0256033	6.165845	7.4983263	4.7227583	4.8460736	3.510326	5.560193	9.830866	6.004572	9.963324	6.0637493	8.181995	11.37228	6.6176147	4.6662765
4.9307103	5.564308	6.8129406	5.9721313	4.5955205	7.208316	7.4361663	7.5092072	7.0474405	5.0475144	6.0689135	7.709034	7.2439	4.23707	5.5988274	3.9995813	4.310089	8.775276	4.9535594	6.3960934	7.3496447	8.843975	8.413106	8.401432	7.608979
