ENSG00000213741	ENSG00000177600	ENSG00000143546	ENSG00000109475	ENSG00000137642	ENSG00000051523	ENSG00000166598	ENSG00000198692	ENSG00000121316	ENSG00000115523	ENSG00000110719	ENSG00000119535	ENSG00000147168	ENSG00000106066	ENSG00000163131	ENSG00000129824	ENSG00000160255	ENSG00000244734	ENSG00000090382	ENSG00000085265	ENSG00000081237	ENSG00000240356	ENSG00000177359	ENSG00000198336	ENSG00000257207
7.608961	8.224018	7.2810125	8.621927	5.9903665	6.4805474	6.925738	6.678714	3.9861348	7.8618336	6.496907	5.1728563	6.6315804	4.170747	5.938055	6.9832683	6.123002	10.141123	4.7134843	5.1930127	7.80458	4.827671	9.255501	6.1771812	4.73403
6.4407034	7.8960466	5.1683707	7.3843226	3.8098435	5.5961933	6.1709366	5.495929	3.3287406	6.3077993	5.420002	3.3058722	6.271074	3.7940912	5.904942	5.0935717	6.603101	9.067341	4.819746	3.954341	7.5329533	8.116596	5.5550566	3.3632298	8.918021
9.001738	9.926561	8.012224	10.200645	6.4347553	8.440332	7.810016	3.1406622	5.561107	9.87548	7.4426756	5.699477	8.021906	6.751563	9.022251	3.1564493	8.515771	7.4067645	6.2816405	7.431106	9.968468	3.6315825	3.9688134	3.145905	8.807235
8.114515	8.752622	8.411178	8.718066	8.412779	7.6302757	8.1817465	3.269053	7.723194	8.345086	8.245695	7.548136	8.3366375	7.9967732	8.631504	3.2482147	8.973763	10.15573	9.347488	8.881996	10.115996	4.936998	6.798066	5.945238	7.1377525
7.6476235	7.663912	7.427632	8.166866	6.279654	6.4557257	6.5571356	4.1622567	5.72075	6.604432	6.6399775	6.1084046	6.98446	6.1360683	7.8066487	4.102643	6.497325	11.152349	7.027565	7.0518103	8.294363	7.7539907	8.113426	8.37606	3.841538
5.3768315	6.2355185	4.6457157	6.7318	3.9394965	5.2477407	5.3510494	4.829032	3.1385102	6.031493	4.280052	3.2327838	6.2226896	3.305437	4.8105555	4.609103	5.4295816	8.370605	3.5613544	3.7052183	6.9055266	5.5197506	3.636817	4.1007667	9.34898
5.267683	6.228778	5.626826	6.008217	3.5851815	5.4084144	4.6163144	5.5373287	3.2358055	4.923188	3.7639298	3.8021789	4.4143486	3.7813182	4.348544	5.278031	4.6926694	10.146862	5.277491	4.934906	5.803994	7.867656	3.6240983	3.5801346	7.980984
5.8618307	6.7615166	5.196271	6.920511	3.1875973	4.556596	4.370184	6.232189	3.0974302	6.0567293	3.5472732	3.1704876	5.1559134	3.2968628	4.7347636	4.7657886	4.689061	8.633125	4.115862	3.585803	5.553543	6.4268875	3.9594474	3.3542185	9.246567
7.089953	7.039212	5.3962083	7.437984	3.9884386	5.027936	4.696926	6.0680857	3.1711504	4.7334814	4.2075233	3.4600718	5.7452564	3.5539968	4.7466516	5.039198	4.741759	9.018297	4.0059032	3.703209	5.7466826	5.7049904	4.2521987	3.117544	7.4895563
7.1022696	7.962655	7.320963	7.9925785	6.7616024	7.8642745	7.3665075	5.868041	7.0138693	8.658924	7.412962	7.164293	7.8719153	6.9806833	8.859542	6.2302628	8.706596	8.398594	8.769543	8.1283865	9.508743	5.073578	5.6954966	3.8579888	5.0621495
6.580592	7.1370773	5.68421	7.016508	4.4201794	5.6151667	5.7267	3.1146061	4.4349575	5.881956	5.0976224	4.5190687	5.5169554	3.8294806	5.15124	3.0928226	5.8239326	7.4775257	5.179376	4.5897875	6.585575	5.641839	8.276379	5.200098	8.51233
9.435968	9.88559	7.9766626	9.795656	8.153567	7.9566264	8.219753	3.1344533	6.8543925	8.069557	7.1881084	6.077673	9.215788	6.4493055	8.419764	3.15347	8.568338	9.037595	8.583763	7.0342665	10.048704	3.3473196	5.7241564	4.4834504	4.7734156
7.383981	8.6624565	8.490568	8.880855	7.451698	7.383897	7.746932	3.6288147	7.3136234	8.481403	7.6606207	6.9881234	7.2887115	7.062516	8.406392	3.6581936	8.360769	11.103751	8.855324	7.781819	9.057527	5.9687862	7.9547863	3.1784704	7.373686
3.656581	4.173541	3.7490158	4.0533404	3.2903025	3.940442	3.5053272	3.087667	3.421225	3.6721034	3.2631357	3.6750443	3.617365	3.2885668	4.1972322	3.0837293	4.275361	9.142485	3.4668791	3.8498533	4.8504844	4.1722236	8.415073	3.0840023	10.532738
7.126428	7.987742	7.5250897	8.016699	7.0653744	7.409827	6.967621	3.3024683	5.7541895	8.610388	7.403998	6.318373	6.8960953	6.0178757	6.8288784	3.1911027	7.6347528	9.234804	6.744565	6.754934	9.213299	6.0064607	8.032617	3.222095	5.0666504
6.1540194	7.94029	5.0655947	7.313402	4.8690863	5.387354	5.9635096	3.1000924	4.082205	5.832985	5.5903683	4.538294	5.607409	4.3329563	5.7529936	3.0950725	5.988327	10.945328	4.968158	4.98001	7.9373984	3.676671	8.46684	10.578112	9.226679
5.364894	6.087099	5.496046	6.1301823	4.1573687	5.325472	5.1115026	4.930792	3.9858406	6.5287704	4.178961	4.782421	5.444426	4.257593	5.3310037	3.7564774	5.624105	7.5153174	4.6868315	4.5746946	6.2196903	4.9291134	7.973586	3.6910393	5.5551353
6.791317	7.5228443	6.2989616	7.374533	3.9780602	5.0862465	5.0888844	3.0832973	4.342673	5.4349403	4.59929	3.8862114	4.2452426	4.0093637	5.15806	3.0832157	4.883872	11.122939	4.7993517	4.4721775	5.5265164	6.8758593	8.87532	4.4156957	7.0228643
6.2489095	7.3004756	5.9451733	6.924277	5.040021	5.6108637	5.7543297	3.3097603	3.772044	5.9613905	5.7432	5.2793207	5.3490734	4.8306923	5.834351	3.2280185	5.769456	10.695792	4.860063	4.472085	7.058544	8.51354	4.564485	3.7734628	3.1028929
5.8089743	7.365409	6.0969467	7.3446717	5.250839	6.978223	6.434972	3.2048619	4.5533924	8.344183	6.8524446	5.4126973	6.4557095	5.4011803	6.884489	3.1483808	7.312964	6.5485544	6.0532045	5.9227304	8.195541	6.0374737	3.5682323	3.7177792	4.2815123
8.172593	8.624313	8.213638	8.761515	6.0626197	7.1163564	6.589163	3.671095	5.5272875	7.5107985	6.234006	5.842254	6.8339486	5.2963295	7.2715073	3.5658298	7.2311845	10.231049	6.396868	7.640473	8.361642	8.585701	8.4603405	8.561035	5.3991895
7.54574	8.631752	7.6320643	8.480156	5.0207777	6.364272	6.213319	3.0831947	5.416914	7.192343	6.30787	6.3366413	6.019594	4.7741094	5.951289	3.0831325	7.121714	10.229797	6.499568	6.2427406	8.316076	3.4794855	6.078951	3.2704124	8.590639
8.438449	8.7677965	5.9106812	9.201395	6.5829983	6.3856583	7.1301594	6.094928	3.6734786	8.045819	6.155326	4.673676	7.943898	3.8865106	5.8509707	6.885638	6.758515	8.1671715	4.610691	4.783572	8.321775	4.03472	4.4441733	4.01835	9.637975
7.932505	8.544492	6.075534	8.5906315	6.367142	7.007371	7.067363	4.1195107	5.10151	8.583287	6.641155	5.640456	7.8813753	5.557684	6.7911077	4.362028	7.51986	9.252545	6.3301954	6.539436	8.775872	7.058732	4.6548386	4.1228433	3.5038853
8.893646	9.430365	7.5416226	9.107286	5.149352	7.2118344	6.6133256	5.3017883	4.2623672	8.151307	5.775325	4.604354	6.545935	4.6513195	5.9227066	5.7707663	6.470126	10.6130295	5.4066133	5.2128916	7.35308	9.38431	8.075771	5.4304132	5.5983953
5.3327017	6.3872347	4.9585714	6.586117	3.81361	5.272055	4.7355695	4.4306703	3.1815257	5.8571844	4.568513	3.571564	5.5077257	3.4959497	5.335561	4.6776476	4.9121246	8.420223	4.3661013	4.6838865	6.477795	6.048496	3.3221903	12.603262	10.278843
8.2947645	9.832587	8.342302	9.152184	7.947382	8.605011	8.485748	5.510176	7.587489	8.964351	9.005552	8.511903	8.9612255	7.302013	8.682128	5.796802	8.823051	10.947329	7.533277	8.515734	11.09632	4.9096956	4.8021135	4.1332135	9.877493
6.9303765	8.196712	9.856168	8.183363	6.9888954	8.197647	7.0372677	5.692788	7.493853	7.340745	7.2464895	9.485344	6.78387	7.5816894	9.718714	5.6002083	9.839838	11.026459	8.909174	10.243898	9.927696	3.5930958	3.891867	3.5403204	9.906256
9.587771	10.421754	7.603514	10.243753	8.026499	8.851427	8.971792	4.823745	5.82111	9.713606	7.921282	6.163168	9.772263	6.298684	8.032303	5.830532	9.072088	11.435083	8.0013485	6.616847	10.784603	3.8127468	3.4504943	5.091841	5.107468
7.0099764	7.8508224	7.149839	8.337214	5.134491	6.1163664	5.628124	6.487479	4.2771254	6.394902	5.842601	4.709354	5.645591	4.2955565	6.0691986	6.639887	6.280583	11.554508	5.8020415	5.8764467	7.610373	9.164683	7.166316	5.6507087	4.4545913
5.220742	6.4317913	5.601225	6.324932	3.8333454	5.640274	5.3272862	5.740365	3.2054963	5.671296	4.334739	3.9919252	4.731556	3.748097	5.148611	5.18422	4.7720757	10.087662	3.8336086	3.9878564	6.540409	4.3187194	3.1939785	9.011639	8.586912
5.997453	7.5983553	5.2862034	7.0567355	6.4649515	6.426878	6.231963	4.244737	4.0003366	7.2498	6.62023	4.35221	6.5852594	4.3343525	5.7098484	4.438749	7.2288914	8.680466	5.1142144	5.0512075	8.841124	7.916172	5.757144	3.1079288	6.7439127
6.9705634	8.686167	7.2034883	7.9367847	4.983235	6.2987614	5.368785	6.9050717	3.606719	7.752823	6.128853	4.2327337	5.6687503	3.9812217	4.723095	5.172906	5.6547003	9.512228	3.7867987	4.5918694	6.392188	7.2177396	11.157308	3.1539922	4.2059546
5.9372053	6.955829	6.6312313	6.7331877	6.01476	5.751484	6.843864	6.307309	6.2410393	5.991107	5.2565355	5.502268	6.5852795	5.6748266	7.531051	6.387038	7.958267	9.263329	8.456117	6.5643687	9.615725	8.348703	6.4217815	3.0843613	10.014069
5.715525	5.7737627	4.3377237	5.9836617	3.2491689	3.8196232	4.358618	3.0830984	3.2088563	4.6617856	3.387083	3.1508796	3.9030504	3.1312528	3.945105	3.0830934	3.8562307	4.301962	4.4146404	3.5114202	4.4820504	6.3091736	4.998764	6.9812946	6.6412106
7.377137	8.206559	7.582021	8.27389	7.259427	8.160423	7.657091	5.6581354	8.025871	7.6928186	7.2296233	6.600342	8.114691	6.9807196	8.295706	7.5859585	9.432339	10.567738	8.250551	8.684813	10.414515	7.074993	4.9370046	3.1639185	9.976013
7.8518	8.29834	7.6307864	8.237805	4.8617716	6.0654035	6.448601	3.092885	5.590482	6.881362	5.4206457	4.4722986	5.683381	5.343562	6.3433924	3.0885892	6.10448	9.550933	5.545164	5.874687	6.7116666	8.022515	6.4730167	3.5607069	7.7787504
6.7341805	7.309729	6.4144883	7.579592	5.4758387	6.134692	6.304148	5.5155807	4.637307	6.5662293	6.647448	4.527339	6.109483	5.533053	6.7183514	5.353173	6.64042	10.186422	6.22645	5.9949775	7.567311	9.006952	5.403309	5.2774296	6.2291803
7.1300926	7.7573376	6.512462	7.778768	4.985452	6.0414085	6.563201	6.4415207	4.1590137	6.7741995	5.5781913	4.351514	5.904771	5.092659	5.96488	5.1096535	6.3368587	9.937227	6.4189234	5.948262	6.9505634	9.379707	7.5768347	4.42323	8.962622
9.044363	10.928955	8.04686	10.713808	7.7515745	10.047676	8.9525795	4.701867	6.4590425	10.528416	9.390263	6.652781	10.235455	7.7509217	9.351297	5.8147173	10.420528	10.407459	8.638556	8.7278385	11.447191	4.9348373	5.3991823	3.1395206	4.374628
6.968728	7.807209	6.4067373	7.682961	3.5837002	5.422633	4.4492617	5.0317826	3.5391207	5.7309885	3.6307147	3.7019277	4.784737	3.6407566	4.9122663	4.9159265	4.722884	9.7552185	4.8542423	4.769783	5.5987234	7.195742	8.086998	4.41304	9.106042
9.418732	10.653666	8.829725	10.752863	7.7472153	9.8559265	8.939025	3.5100024	7.384648	9.998991	7.940668	7.580454	9.609365	7.245124	9.937035	3.8057742	9.753811	11.206264	9.204408	8.543041	11.904073	5.062779	4.544177	3.9574723	5.795416
6.8740616	7.8520155	7.995931	8.0897255	6.127699	7.2175217	6.5027122	6.5948524	4.8035393	6.551667	5.78646	7.1688786	6.2982683	6.200301	7.058312	5.895733	5.88832	11.480246	6.0369697	5.8672876	7.6916914	8.590846	5.1750784	4.9294367	3.242691
7.7314453	8.989851	5.165341	9.069313	5.0134416	6.03539	6.433378	3.3202596	3.2378962	7.6737604	5.39779	3.3480153	6.1391945	3.5460632	5.0903664	3.6712346	6.0325584	9.050465	3.9130788	4.2237616	7.1892786	9.09553	3.7602282	7.8754897	6.4477644
9.112368	10.170116	6.421902	10.31147	7.398242	8.058683	8.361731	3.1579032	5.3076925	8.718634	7.217051	5.8048935	9.837578	5.7356176	7.090815	3.178926	9.260786	8.803007	7.195515	6.9128027	10.928106	3.5970795	4.524728	4.692611	3.574009
5.0425773	5.7617764	5.7116156	5.966813	3.635546	4.8328447	4.361306	3.529216	3.446359	4.969785	4.16628	3.715644	4.1892395	3.7989233	4.5898743	3.1878855	4.5756693	8.549799	3.8624575	4.2974324	5.8379383	10.735882	7.0049934	3.603098	3.2439847
7.3552465	8.191616	7.1660233	8.474716	6.49369	6.9637613	5.68777	7.863064	5.815487	6.2694855	5.815789	5.6391926	5.9676647	6.237852	6.4564295	6.1935067	6.068301	10.707169	7.6945596	5.4125175	7.2911224	7.4109516	7.2589564	4.6674113	4.760125
9.34321	9.6716585	9.982857	9.691736	6.629778	8.774683	7.354119	6.724804	7.9230065	9.131622	6.564559	7.5732937	6.857637	8.137971	9.716143	6.8825197	8.231813	11.864433	9.882263	9.427551	8.392311	6.58401	6.8267474	3.5111506	3.4180086
6.5402536	7.6123295	8.272667	7.3320665	5.752335	7.003218	7.1955204	6.7295313	6.024971	6.559784	7.2566986	7.487607	7.520642	6.3014355	7.5092363	7.1286488	7.80212	10.100021	6.99078	7.0552835	9.054632	3.5080624	3.2066808	7.1427445	8.531536
8.752968	9.637033	8.981064	9.374556	7.5261025	8.620396	8.3164	6.4494734	7.555339	8.191401	7.869593	7.9525824	7.598706	8.087864	9.080656	8.120198	9.059574	12.10174	9.152087	9.02277	10.269011	5.101164	3.3561559	3.7135158	6.7328067
8.534578	8.433136	8.720047	8.9352	5.405344	6.2940397	5.6819134	7.036628	5.9904985	6.788102	5.3517084	5.867798	5.90481	5.798745	7.165217	7.3010154	6.046317	12.002975	6.545077	6.771836	6.6710463	5.483384	3.743753	5.5558643	3.3086464
7.6041965	8.171392	5.928789	8.158781	6.001482	6.26404	6.3765182	6.1585917	3.6201725	7.0891275	5.7367496	4.1339636	6.4272723	3.7512674	5.2227488	5.4988933	5.9479895	8.779235	4.3606577	4.5923405	7.4377503	5.182184	3.3287013	3.3389466	8.837102
8.08715	8.751848	8.306622	8.652199	7.1777773	8.238457	7.6393337	6.7852015	7.0776024	7.4444556	7.547622	7.0823135	8.086024	7.756174	9.0840225	7.9776254	8.780884	10.151052	8.618259	8.387558	10.216684	6.319841	5.0115194	5.6621137	9.872389
5.507477	6.060087	5.2773495	6.154837	3.3057125	4.11521	4.196542	4.6345	3.1072972	5.2576156	3.6638963	3.180511	4.935638	3.1573708	4.5186486	3.7091355	4.5953593	6.719718	3.8264961	3.4014854	5.375838	7.7494693	4.811897	5.2021127	9.447797
7.1472435	8.819288	5.8709917	7.9885955	5.422138	6.2788024	6.014614	5.960787	4.341169	7.498067	6.079667	4.395082	6.604415	4.39904	5.5071945	6.4329004	6.7195206	10.084957	5.2976294	4.9960694	8.163611	5.615362	7.900363	4.139754	8.765692
7.3345895	8.276414	5.4221897	7.760956	4.5690827	6.8602066	6.958498	3.0838392	4.5388203	7.4400787	6.186813	4.006436	5.977584	4.5101657	6.1865544	3.0836635	6.1778173	6.1210656	4.933888	4.88597	7.2903295	5.5131283	3.572353	5.3484116	9.601789
5.520261	6.4570036	5.6680784	6.379839	3.108552	4.328735	3.6974275	6.1785946	3.0930378	4.8471775	3.1961932	3.147107	3.670175	3.1563625	4.418562	3.7130682	3.7220325	9.609758	3.830432	3.3857641	4.766396	6.270399	6.5021267	7.4743524	6.0031977
5.8325777	7.0679655	5.626873	6.7996817	3.5402534	4.783983	4.430788	3.0935092	3.745715	4.898214	3.7925715	3.548384	4.3475757	3.519995	4.6381626	3.086056	4.439314	9.857368	4.7882414	4.297107	5.599144	8.110708	7.3935804	3.7959304	8.774878
7.170598	7.8541913	8.768516	7.9061604	7.0810747	7.848563	7.2773814	6.021123	9.1266365	7.7948127	7.091602	7.9696493	7.339337	8.286027	9.135791	6.8709087	9.0456505	10.702295	10.522617	8.975664	9.902216	7.7314405	8.954879	3.457508	6.5936995
7.963022	8.497439	8.012732	8.428356	6.645664	7.4036984	7.0251236	5.916608	7.2985926	7.335144	6.2709394	6.339734	7.160834	6.8156037	8.097891	6.245248	8.0686035	10.702518	9.205719	7.5853577	8.701481	6.655182	3.8600516	3.4065967	5.582897
6.913445	7.819917	5.665636	7.4306245	5.11837	6.3498836	6.1842227	4.1481757	4.249445	6.6202664	6.0473824	4.1006193	6.19277	4.2703013	6.430664	4.631118	6.400281	9.843429	5.8132935	5.3601265	7.9233255	9.435562	6.1303086	3.7151985	8.738185
8.822849	9.7145405	8.136862	9.6948185	8.03964	8.759024	8.502865	3.971626	8.304135	9.480404	8.726145	7.7097363	9.279615	6.9709616	8.861783	4.173115	9.733545	11.004707	9.094611	8.100281	11.139145	6.0002375	6.3119383	5.1553698	4.393888
4.9131646	5.548211	4.5210223	5.343357	4.5454535	4.6254454	5.0183334	3.2297833	4.0948143	5.463114	4.905783	4.8985205	5.4028726	4.7567997	5.364743	3.1107652	6.1333265	7.190602	5.173048	4.327965	6.8014703	4.8114667	9.847139	3.955514	3.0855806
6.42696	6.9049497	5.139388	7.052515	3.1226983	4.2503834	3.9809046	3.1148162	3.1122432	5.4016514	3.2754717	3.1134264	4.1390457	3.211998	4.021851	3.0943477	3.909827	8.310839	3.7941105	3.6022382	4.4397964	10.229397	3.8162572	3.7915473	8.420225
7.4559755	8.900708	5.1747065	7.964952	5.6986313	6.5357876	6.339332	4.013801	3.2357621	7.619741	7.4373317	3.7890315	6.3742094	3.4703357	4.7367463	4.266425	6.034376	10.660312	3.5914545	3.8752913	8.072863	7.6137877	4.2496967	3.2502377	4.9365788
4.742899	5.9641094	4.790927	6.18081	3.134453	3.9685092	3.6928933	3.087802	3.1628492	4.8045287	3.2335436	3.1704962	3.6549375	3.1826985	4.364538	3.085875	3.9177282	7.472717	4.7860374	3.896049	4.890663	7.132846	5.281399	6.018356	8.547153
7.278602	8.246151	7.0426955	8.256344	5.905075	6.7158146	6.8264017	8.337297	4.2277136	7.568869	6.938408	5.3618073	6.031024	4.4417305	5.765848	7.879857	6.7362905	12.204325	5.2747955	5.6908016	9.134627	5.510189	8.164454	8.898408	8.7056265
4.9242725	5.6324425	4.354396	5.532237	3.413682	4.3146214	3.7293591	3.0834656	3.5402515	4.660612	3.4370284	3.484727	4.3558626	3.5729628	4.595589	3.0831344	4.438999	10.348978	4.229405	3.767363	5.306817	5.179696	7.410775	3.1147327	4.3940907
6.640648	8.06884	6.4903264	8.04468	4.9586654	6.9483414	6.005993	6.8251724	3.7623193	6.8341246	4.9960957	4.137015	6.7987804	4.0587816	6.4595127	4.882315	5.491987	10.687283	5.8483763	5.4407835	7.2615685	7.063262	4.4755526	4.655577	9.047756
5.431639	6.277284	4.341798	6.162642	4.5508537	5.0865135	4.9583187	3.090013	3.5798254	5.190402	4.9996996	3.7978888	5.438138	3.7904897	4.3802395	3.084046	5.6459413	9.4058695	3.9297137	4.158512	5.978162	7.0375614	5.149761	3.9912484	3.3289454
8.460726	9.161331	6.3834896	9.129549	7.332957	7.800769	7.344765	3.89747	4.9208927	8.57172	7.3789806	4.9418097	7.882234	4.7348614	6.219282	4.001078	6.9463296	10.552111	4.8722944	5.358457	8.858041	7.7123194	8.030824	9.268485	7.548669
4.2016015	5.210438	4.3017178	4.7697053	3.1741114	4.669734	4.148739	3.083094	3.296813	4.3863416	3.7330136	3.2323327	4.0493784	3.341148	3.8955843	3.0830917	3.9997554	6.67465	3.8885365	3.5632558	4.2935696	6.298686	3.6498244	3.0930092	5.2651157
4.1653075	4.776057	3.863669	5.096493	3.0984914	3.5050483	3.443577	3.0951965	3.084833	3.869351	3.17273	3.0947428	3.5346532	3.093674	3.6880984	3.0878098	3.6548915	4.969127	3.7632966	3.2038863	3.9968836	4.6982236	3.779689	6.080221	6.9560585
6.0850315	6.646434	5.837618	5.880745	3.507208	4.433176	4.9522414	3.083122	4.366712	4.599818	3.7693572	4.3332667	3.9059508	4.402402	5.1871114	3.0831013	4.929558	8.144346	5.679668	4.852086	4.9088235	5.0977798	5.0178814	4.28381	4.890739
6.5633345	7.458419	6.142353	7.525115	5.0505667	5.8403234	5.851264	6.3892384	3.4389105	6.8919363	5.245098	4.686062	6.0899105	3.6558957	5.064666	5.39486	5.330885	8.942074	4.501751	4.079213	6.957344	5.796767	4.319668	3.8462808	7.5815787
9.425596	9.587298	6.6430845	9.570334	5.96973	6.991959	6.810772	6.7365255	3.600737	8.198957	6.3602915	4.4183145	7.3789496	4.25651	5.3612432	7.102168	7.2246647	12.284004	4.408308	4.477112	9.268192	7.5984435	5.0350733	3.7400284	5.557144
5.501692	6.477493	5.6609783	6.8149023	3.8226564	5.8824453	4.5343847	3.0835357	4.027873	6.417572	4.577119	3.6563044	5.3393536	3.8726418	4.844781	3.0832586	5.48178	8.576317	5.1049647	4.575026	5.9975214	4.303366	5.293798	3.1274452	8.8615055
5.9151306	6.321336	5.0341735	5.945669	3.4676263	4.714835	4.0762196	8.4396515	3.188381	5.170439	3.915387	3.6241808	4.181389	3.349743	4.2086296	4.1514144	5.371109	9.164991	3.5371823	4.258395	5.421588	3.3921335	8.092414	3.9242022	4.9952135
7.66642	9.318794	6.809553	9.138392	6.6674013	8.268178	8.349718	3.6363783	5.7650595	8.860867	7.51609	5.4397407	8.123119	5.4699593	8.531014	4.208727	8.616955	10.006336	5.764699	6.977539	10.755203	5.681826	4.095758	3.0908067	9.775148
8.814753	8.824721	7.7593493	9.307871	6.741745	7.091172	6.901473	8.037686	5.1582875	7.6920114	5.8719225	5.6799316	6.6092253	5.567876	6.855881	7.6172085	7.1184506	10.341537	6.0660834	7.0737076	8.705167	7.9644	10.454198	3.6119442	5.0981693
6.6331787	7.570449	7.3476825	7.8782377	5.6750536	6.8734984	6.52253	6.5889883	5.912309	7.107194	6.2020626	5.5787888	6.8355837	6.6812835	7.11331	5.9350843	7.292031	10.837593	7.5427055	7.022891	8.89039	9.680416	7.624453	4.753636	3.5052388
7.902514	8.596474	7.6526647	8.666586	5.0434093	5.6414666	5.6306877	3.0892704	5.100193	5.5337505	5.081659	6.3133817	5.307297	6.2322836	7.1715345	3.0866754	6.2646155	11.838324	7.099898	5.8996515	7.3193703	5.323852	6.845211	5.3354893	3.7232213
5.479438	6.48758	4.8248105	6.286269	4.4652863	5.2204633	5.7962246	3.821252	3.3874536	5.9880037	5.280925	3.77944	5.9215655	3.9722354	5.3929386	4.473889	5.894013	6.3969584	4.063861	4.016452	8.6946945	7.566457	5.0272155	3.0842767	9.531469
7.0480413	7.595294	9.401112	7.945255	6.316613	7.938054	6.9262185	6.4704447	6.5559382	6.350829	6.5080523	8.194063	6.4032354	8.278889	8.451437	6.298844	7.6099296	11.829736	8.000098	8.175259	8.866501	3.569032	3.1141272	8.280565	4.993272
5.6151805	6.125865	6.0032864	6.6499977	3.7494326	5.6500216	4.99483	3.3094008	3.4169555	5.769828	5.1433053	3.9027984	5.3736467	4.044053	5.271844	3.2815259	5.5624666	7.6154785	4.999966	5.3223248	5.7969074	7.977807	4.4531612	3.0938423	9.935404
5.167961	6.249008	5.52544	6.461173	5.665498	7.4109616	6.159281	6.4280815	4.3279448	6.9835815	4.752395	5.3545885	7.39401	5.00077	6.8879895	5.637581	7.1586947	6.195649	5.2524357	5.80107	9.07113	3.3525736	3.3511932	3.7210333	7.503034
8.452057	9.555703	9.572512	9.541721	6.868144	8.24894	8.08309	3.489407	7.5131607	8.163517	7.7244353	8.290894	8.592377	8.787462	9.667345	3.7746682	9.3803425	11.515244	9.842472	9.626875	10.256453	4.19368	5.835904	3.7378633	6.127142
6.637128	7.2108045	6.674877	7.41759	3.2902155	5.5924997	4.1786613	6.8662834	3.0962634	5.7374115	3.4557056	3.3795161	4.400341	3.1493022	4.6653147	4.261647	4.247779	11.929037	3.9374666	3.5090854	5.6095324	3.7688434	8.542366	5.876074	8.571135
5.515826	6.1199875	5.362873	6.4725256	3.452889	4.8173714	4.266708	5.269533	3.1437435	5.044265	3.5056205	3.3346503	5.1939154	3.2900994	4.572416	4.2056885	4.3188753	6.9010305	4.337916	3.6035812	5.864528	6.587413	3.6016097	3.1373897	7.90417
7.5436835	8.608837	9.330572	8.897538	7.3247676	8.61817	7.23128	6.293377	6.780448	7.911729	7.476514	7.742317	7.9550114	6.46531	9.76048	8.061995	9.313636	10.744038	8.893063	8.833566	10.160206	3.3502438	4.53591	3.9308896	7.8657985
4.0506687	4.8874497	4.140896	4.8507957	3.1617665	3.8876317	4.163352	3.494902	3.0946681	4.6490307	3.6162848	3.1942747	4.2394104	3.1734288	4.388008	3.3738308	4.399056	6.857684	4.126202	3.4444282	4.9448524	5.9022784	3.3296616	10.094347	9.628244
7.0876274	8.242772	6.445793	8.296199	5.6583877	5.750914	5.5716553	3.0841708	4.4326587	5.716298	5.051687	5.6499767	5.3830814	5.1365232	5.785936	3.0832887	6.0624566	9.852182	6.2828183	4.736556	7.636089	4.7394705	7.082403	6.4134088	3.791038
5.256316	6.658396	4.472723	6.533395	4.5893273	5.950835	5.5890646	4.2020006	3.1762326	6.0131063	4.964961	3.4161437	6.7033176	3.5913208	4.8858647	4.853715	5.440968	8.747713	3.7278574	4.3164644	7.4978046	5.8118773	3.203447	4.380467	8.921579
8.621962	9.690271	6.4088383	9.560366	7.853236	8.025555	7.8282213	4.3010254	4.5928054	10.172422	8.294029	5.5201893	8.649487	4.845509	6.797202	5.3612204	8.187099	10.382021	5.3578234	4.9900045	10.058315	6.1631694	5.8485336	5.6407804	7.194323
7.146644	8.146595	8.981974	8.213724	6.282156	7.793375	7.3293433	4.4649944	8.093968	8.144918	6.796024	8.607013	7.361812	8.667095	9.686962	4.2958364	9.083641	8.094955	9.972254	8.625198	8.732387	5.609187	3.4876313	4.549486	6.343399
7.1137404	7.182259	7.3955946	7.6707296	3.7710395	5.3540287	4.4539	3.1399612	5.029596	5.2197227	3.8863277	4.0505257	4.9634147	5.305258	5.9629083	3.1091309	5.7010145	11.59254	5.600935	5.5795636	5.7336183	7.482983	7.812962	3.1766934	9.431883
6.324148	7.4027686	5.89571	6.880955	4.080874	5.3449965	4.8433228	3.1512754	3.5734584	5.2908344	5.0753174	3.571465	4.771487	3.6126492	4.65236	3.1217237	4.7364674	10.381438	3.8918033	4.220104	5.6808953	5.814146	5.5762634	3.3909254	9.855091
7.2762623	7.968415	8.074882	7.887074	6.386748	7.6426034	7.1289353	6.771197	7.7119026	7.055538	7.335136	7.207613	7.398557	7.8920407	8.340412	7.765518	8.582199	11.930588	8.783926	8.631802	9.285191	7.159159	4.2724004	6.4793224	5.4848833
4.1584306	4.9654875	4.219592	5.475672	3.1352866	3.832935	4.05209	5.505809	3.084417	5.433937	3.2984273	3.1457644	4.201903	3.11231	4.2446446	3.9770572	4.457756	7.041848	3.5264688	3.320391	5.8423634	4.4836755	4.7884026	11.513982	9.428182
6.7303705	7.1115484	4.876922	7.410133	3.428122	4.948176	4.9513373	3.2339792	3.2115855	6.6576595	3.679887	3.261729	5.295882	3.3502803	5.240078	3.2682512	4.8293753	6.5636415	4.8525167	4.156273	5.897618	8.333324	5.7386575	10.292757	7.28889
6.4976387	7.3341913	7.104565	7.4429536	7.1875443	6.408696	6.8334575	3.8925729	6.658706	6.606447	6.6673207	6.73656	7.2654276	5.627483	8.311187	4.0631022	8.126532	7.987601	8.221985	7.2319455	9.178888	4.0330157	4.800401	3.2748451	9.796556
5.7133245	6.2929964	5.1850204	6.3702693	3.1039827	4.225934	3.4209561	4.5555754	3.137257	4.472902	3.1321125	3.2305908	3.5330627	3.2221358	4.17561	3.4875631	3.6563463	8.8983555	4.809589	3.4862378	4.1706195	7.8585644	8.446993	3.5614722	7.7908425
4.9129543	6.365281	5.819223	5.607011	4.242504	6.3998666	5.848045	4.254307	4.0330167	6.2117734	6.788377	4.332797	5.4277515	5.6109715	6.3868103	4.3366156	6.825689	5.5564528	5.2273254	6.117664	7.5780945	6.898076	3.1892238	3.1073728	10.750961
5.061817	5.63271	4.664874	5.3902636	3.1107976	4.762163	3.6415586	5.57666	3.0837052	4.282595	3.2433066	3.1264904	4.086684	3.0937934	3.640112	3.600932	3.7134914	7.141016	3.375912	3.1412508	5.142045	3.2630544	3.6543658	3.1215205	8.181539
7.6417665	7.278599	5.4274263	7.576971	3.3012574	4.4720516	4.307667	3.0989227	3.2021275	5.5815506	3.5931718	3.2038841	4.4010296	3.2701259	4.351491	3.0893304	4.116274	6.3723793	4.4252744	3.8011532	4.863478	7.8574405	4.665927	8.455303	7.362227
7.781605	9.291536	5.459485	8.552427	6.4967537	7.1133018	7.4191523	5.043152	4.3694715	8.290108	6.6145115	5.696892	8.302358	4.720503	6.1880865	6.7709064	8.697254	7.927543	5.33975	6.4111767	9.63883	5.698637	4.9190617	3.0872128	8.290937
6.041607	6.778398	5.244843	7.0304136	3.8140643	5.143631	4.6699586	3.1054273	3.3240058	6.278556	4.2949166	3.400378	5.184025	3.4116898	4.9678407	3.1059027	5.126864	9.039856	4.480615	4.189442	6.7732677	6.022284	6.462451	6.8378077	7.6782956
5.733054	7.7814384	5.1746645	7.1438093	5.450053	6.3943825	6.466239	4.769661	3.3763895	6.7614565	6.007904	4.3610296	6.5680094	3.8095486	5.926983	8.779299	6.089403	13.815315	4.1144257	4.5635467	9.738131	4.6089344	4.0257072	12.766451	5.416761
4.7010674	5.695222	4.4354506	5.4561133	3.9914627	5.693141	4.3414083	3.0831034	4.1200933	5.925247	3.9076004	3.8435128	4.7992783	3.7019649	4.5400424	3.0830917	4.8844995	6.1776896	3.7833624	3.8558626	5.3257494	4.381319	4.6817966	3.0881526	3.3861039
7.597179	9.00321	8.002103	8.979633	6.734376	8.089961	7.872504	3.277216	6.0191307	8.421591	7.9814367	6.601427	8.221014	6.229885	8.252804	3.2235208	8.751658	9.4561615	7.963383	7.257352	10.3466835	4.0678816	9.496371	3.2661748	4.2984176
5.6430626	7.0971203	5.7352753	7.4982452	4.8575096	5.917477	6.6691008	3.1200368	4.538711	6.8817496	6.6852593	6.3355217	6.4769063	4.370958	6.0162125	3.1068294	5.915253	8.589386	5.399972	4.972174	7.8348937	5.6537457	8.173931	3.3942482	3.086528
7.1312823	7.655447	6.792366	7.863918	3.9006588	5.560022	4.6035404	6.2195573	3.3679738	6.1720037	4.0114646	3.5586646	5.890518	3.6517148	5.136983	5.7546277	5.004407	9.94717	5.6679325	4.4198503	6.9617624	9.787179	6.800951	3.8176043	9.506297
6.6599064	7.5199456	5.0622773	7.37853	3.7290807	5.4571495	4.7850122	6.418357	3.6632183	5.842202	4.281558	3.4693742	5.522992	3.5732656	5.1976852	5.7121115	5.836089	8.981904	4.703438	4.363305	7.0452824	10.704562	6.884863	3.1108658	9.766645
7.039275	8.234044	5.979481	7.953587	6.8855114	7.633953	7.4208164	5.6480284	4.3612976	7.600767	7.587909	5.096239	7.645129	4.4109707	6.269076	5.4007964	6.5846086	9.986992	4.3436136	5.4606004	9.656324	5.9884815	3.571591	3.7777185	10.439147
6.9387083	7.9319744	8.17276	8.682153	6.422736	8.022938	7.0440154	5.3253264	6.3802366	8.589767	6.4632883	7.6261597	7.489138	6.8533683	9.622358	5.121832	8.476279	10.264402	9.300899	9.50843	9.186483	4.0969467	5.4079924	3.1422584	3.9319627
10.143903	10.629819	8.718671	10.69614	7.971169	8.8576355	8.769484	4.0948734	7.081766	9.670191	8.42815	7.805286	8.765722	7.559979	8.921281	5.184524	9.090755	12.06706	8.960548	8.666343	10.982834	5.0576763	5.8850937	4.925298	5.8349743
7.1539187	7.893478	6.9764376	8.273384	6.1611123	6.337818	6.6772566	4.611076	5.3361254	7.448298	6.031778	6.8052816	6.8622875	4.9890413	6.9028854	4.2996974	7.499573	8.6736145	5.244718	6.629942	9.637536	6.3808136	5.5694275	3.23554	7.738207
6.8837633	7.2362833	8.420349	7.7049475	6.3792624	6.77308	6.848219	3.8226035	6.0988617	6.375657	6.134424	6.853224	7.0592046	6.407029	7.817323	3.4695485	7.31798	10.255846	7.0391617	7.621348	7.9492154	5.2338014	7.60127	7.2980185	6.0291014
8.430723	9.10969	8.802946	9.676409	7.485224	8.378534	7.8827043	3.8534064	7.110391	8.531488	8.158127	6.846644	9.271555	8.169144	9.54504	4.027976	9.54389	10.5180435	9.408648	8.840165	11.118563	4.864414	7.5856094	3.4044838	8.119444
5.604842	6.351574	5.3553	5.800637	3.2348454	4.5360622	4.139038	3.1297083	3.286469	4.923167	4.2721834	3.2382128	3.7577965	3.3581433	4.261362	3.103902	4.221527	10.08688	3.6230054	3.5245774	4.621567	11.758049	5.479687	3.086613	9.419481
4.632671	5.5033693	3.6396546	5.3039985	3.348406	3.9572992	4.064186	3.0830917	3.1516778	4.634528	3.4103947	3.2431479	4.1315126	3.2151046	3.855187	3.0830917	4.3496037	5.7155485	3.495497	3.3342595	5.0188127	4.847961	5.2046375	3.2049417	3.2126095
7.171458	8.360456	7.0650477	8.508295	6.1206837	7.9277887	7.0814867	3.505686	4.8761144	8.899984	7.42	6.3777103	8.154148	6.489346	7.4896193	3.3027508	8.306623	8.493183	6.6346583	7.0701513	9.379494	7.115842	4.7395005	3.3162408	3.1437593
10.401824	11.350743	7.5151205	11.410583	8.437498	10.089736	8.725243	3.123444	6.2882705	10.637765	8.114269	6.3716536	9.954643	6.107289	8.522255	3.147226	9.172781	10.97511	8.836546	7.5363674	11.173801	4.1088696	3.8604755	7.1873546	4.3158655
7.2532697	8.420639	7.5391364	8.1842575	6.3245974	7.7736773	6.8573227	4.9126697	5.5170836	8.024155	7.3650618	6.6413984	7.0970044	5.322012	7.6618876	5.5839057	8.474218	10.451035	6.8590226	7.8643427	10.050493	3.6521604	5.0599256	3.3958108	9.451899
9.565168	10.537462	8.2319975	10.503897	7.510666	8.391817	8.626963	4.4119105	5.303697	10.084574	7.3950486	6.7309227	8.665048	6.256626	8.073046	4.6357346	8.747967	12.190633	7.905013	7.2288413	11.056122	6.684022	4.3040843	4.407373	5.0438604
5.304487	6.5992537	5.3005056	6.118737	4.633989	5.7312074	5.120755	4.3614187	4.113928	5.3634033	4.7770014	3.926398	5.705698	4.198846	5.7473564	4.5132113	6.093018	7.4924345	5.8326564	4.431205	6.957259	5.6601686	5.117132	3.092594	8.837698
6.2295704	6.6573553	5.53259	6.6980543	4.6877112	5.5231934	5.6931396	3.219168	3.8796895	6.551014	4.3571587	4.4743147	5.8206024	4.1231365	5.210448	3.2401927	6.102695	11.070349	4.850553	5.2226467	7.954649	5.4032984	5.3892035	10.09976	5.1326494
6.045928	6.8732433	6.808243	7.23621	5.823719	5.8922315	6.38305	6.8315125	5.529637	6.67029	5.9012437	6.0376225	6.889345	5.4891367	6.4838557	5.998817	6.571709	7.4241376	7.166851	6.094431	7.753464	5.5220857	3.7260666	3.3845608	6.659778
8.859489	9.653915	8.783891	9.496826	6.4012313	8.463717	7.741199	7.001651	6.793064	8.89632	7.517592	7.131502	7.710196	6.88214	8.344034	7.8144403	8.332148	12.655936	8.520655	8.553358	9.21977	7.652284	5.4192543	3.7375932	3.2075675
6.995184	7.164996	6.511633	7.643367	3.4041672	4.076723	3.7638073	5.8896694	3.1316557	4.650068	3.43935	3.5972028	4.1720366	3.1946197	4.2791367	4.3556914	3.8740811	8.153236	4.0634966	3.7028852	4.6707506	4.492589	9.857921	3.1423767	6.894599
7.17536	8.214373	7.0289335	7.5075455	5.642872	6.55877	6.39058	3.0866807	5.257073	6.3735847	5.987118	5.7575674	6.364418	5.2725425	5.801825	3.0843973	6.266266	11.639234	5.429249	5.483215	8.390093	5.4888124	6.486851	3.1931136	9.892663
5.8199043	6.7176514	4.666546	6.983605	5.8560934	6.0012293	7.241877	4.3528557	3.7643187	6.931486	5.9902554	3.8865259	8.18429	3.8304589	5.7758775	5.519803	7.4146	6.2270637	4.5512004	4.2125874	9.972277	7.438022	5.3238564	3.0861742	9.945429
7.520751	8.776546	6.0768595	9.237592	5.5692835	6.4705772	6.775631	3.1002517	4.187926	7.6402645	5.942714	4.5417852	6.3404036	4.571522	5.9985504	3.1014748	5.768613	8.656457	5.461793	5.337552	7.5957627	10.037225	5.5081244	7.3237166	3.3642855
3.6771786	4.7085066	3.6083624	4.2276626	3.17038	4.281193	3.5281034	3.0833385	3.1882908	4.56671	3.3528771	3.2263455	3.664027	3.2188962	3.5215511	3.0831156	4.306047	6.990015	3.4348176	3.3648484	5.003551	7.4275837	6.733602	3.0877779	4.3609424
8.5463915	9.655123	7.2933974	10.095255	6.4259553	7.643236	7.567192	3.0837488	5.2302313	8.389812	6.65701	6.628848	7.2876534	5.397253	7.244182	3.083555	7.157823	8.826168	7.594144	6.216366	9.89158	4.071108	7.3925686	4.624703	3.7352064
6.6069574	6.5201206	5.0490437	6.5531006	4.030685	4.3713703	4.837259	3.0834012	4.0770674	4.3952456	3.6431577	4.3430843	4.3623962	4.130266	5.035594	3.0831478	4.7254725	9.317574	4.836606	4.2016993	5.1612787	4.29241	7.710252	4.7016234	3.6828253
5.1861863	5.727827	4.52643	6.5696974	4.816267	5.3479776	6.3590107	3.7148752	3.200654	6.0160217	4.5181084	3.4300647	6.633161	3.3903408	5.2781687	3.634663	5.7788277	9.226983	3.8078485	3.9633403	7.146733	4.889047	3.4462001	5.8733697	8.778685
8.225401	8.383012	7.2028966	8.312771	3.6184988	5.4291425	5.1313305	3.1955383	4.8162117	6.283315	3.8048444	3.7400236	4.646491	4.709772	5.547758	3.1546113	4.836582	9.868298	6.0576715	5.602154	5.4345894	10.606764	5.894183	3.8088503	8.236925
7.455146	8.060102	6.6766777	7.8223433	7.0629845	6.1521473	7.41575	7.4649124	4.062457	7.4088078	6.7322526	5.822698	6.985983	4.3757176	5.9659414	7.5271006	6.968713	10.086167	5.2004633	5.1253624	9.1430435	3.3617082	6.0727596	4.1291356	8.742779
8.055532	9.142089	8.849964	9.164688	6.941495	8.3573	7.708208	3.8480434	6.7954974	8.124426	7.4851065	7.0697255	8.318651	8.115974	9.557449	4.338135	8.550157	11.635639	9.607248	8.382484	10.076048	6.277719	6.7283993	9.1741905	8.219965
4.7303925	5.797952	4.7648125	5.2163625	3.1329055	4.174817	3.3782563	5.278735	3.093085	4.8205423	3.215653	3.156464	3.3267403	3.1095119	3.4897933	3.4311404	3.7035894	7.8381267	3.3774166	3.2772675	4.4790254	4.67514	9.431388	3.165798	5.7064457
6.250453	6.1826077	5.404346	6.291168	3.177002	4.4298353	3.6819215	3.1689608	3.28906	4.607525	3.2521927	3.2390203	3.6332338	3.251391	4.256604	3.102173	3.9822154	9.501987	4.1104665	3.9661498	4.136227	6.5369434	7.150985	3.11274	8.952609
7.8702545	8.980848	7.78496	9.153961	5.8645215	8.2154045	7.688912	4.2703366	6.0273237	8.38497	7.9409647	7.38434	7.541017	5.9461455	7.5982256	4.3729506	8.374115	11.548006	6.392458	7.5387235	9.184305	4.611807	7.6780005	7.8034115	3.3740354
8.230266	8.640823	7.679777	8.4672985	6.508594	7.1935763	6.9587164	6.7716913	5.890027	7.849646	6.4642878	6.4931903	6.723092	7.4431725	7.944565	7.069106	7.44455	10.2850895	7.0082664	7.3989143	8.082086	8.566577	5.3181515	5.2368727	4.3485303
11.327409	12.177318	6.765062	12.44574	8.286713	9.46175	8.115559	3.1011841	4.5234437	11.233509	7.732083	4.339374	9.818386	4.549386	7.067277	3.1170044	8.554811	10.171883	5.5308356	5.8864	11.4265375	5.4886703	4.123623	3.1856277	3.5483503
9.899229	10.364607	11.063446	11.330881	6.4505033	8.044095	7.6551843	5.4834957	7.061137	8.416594	6.5017853	7.5869675	6.8368473	6.5212307	10.021022	6.3466854	8.941869	14.133011	8.4411125	9.42255	9.198273	3.3107505	4.60266	4.0621786	3.8013525
4.993967	6.0231237	4.2791057	6.2349157	3.563461	4.6786246	4.563431	4.4022675	3.1059952	4.6772146	3.580494	3.1514995	4.920556	3.1784732	4.1531515	3.8349361	4.8844643	9.022623	3.465574	3.406267	6.27169	5.033154	3.2903645	3.3449855	8.857487
6.1946745	7.7310596	5.6076326	7.095757	4.302309	5.71881	5.4913764	5.6633735	3.3569498	5.7977133	5.412565	3.478438	5.4287996	3.5258894	4.9491544	5.6142216	5.992934	10.511021	4.510467	3.768633	6.9012475	7.085324	5.956483	4.3471346	6.804942
7.127901	8.155347	7.856261	8.192157	5.5997405	7.1091204	6.0379667	4.1809874	7.24617	6.444949	5.7821283	5.939537	6.6243405	6.82678	7.201095	3.8762002	7.074851	10.848696	7.794228	7.340703	7.8232794	6.558626	8.676628	3.9876351	8.693279
6.0470343	6.4691586	5.6118984	6.659603	3.6742074	4.7694154	4.8928437	3.0904417	4.3925586	5.2321177	4.2330914	4.62976	4.623824	4.7840033	5.607873	3.0854104	5.438159	6.75058	6.2891355	5.0663524	5.585223	6.3689146	5.171395	4.274705	7.6860437
6.8068	7.081128	6.7537155	7.2072415	3.5031223	5.4296	5.092125	6.971571	3.1767545	5.7307997	4.3029675	3.612296	5.111011	3.4457242	5.330915	5.6127634	5.137037	8.110006	4.818305	3.9862037	6.456273	5.1656504	6.9554167	5.9877687	7.547189
5.434291	5.675807	4.698886	6.1138134	3.0900104	3.5563326	3.358381	3.0932024	3.0880816	4.7317123	3.156205	3.0911968	3.4411101	3.1045	3.7844799	3.0854661	3.395431	5.9680676	3.616585	3.278184	3.894578	8.624152	4.6085367	5.8003335	8.593893
6.6691566	7.1137342	4.3610125	6.727729	3.3072991	4.888574	3.8600953	3.2937317	3.1129375	5.3581696	3.3981016	3.128404	3.990844	3.146184	3.931218	3.1712785	4.1135817	8.656653	3.349498	3.2518442	4.819588	8.361549	7.634389	3.1015646	10.637812
9.603073	10.902475	6.22429	10.619761	7.619147	8.316075	9.007974	3.095398	4.625926	10.017775	9.175259	5.044864	9.196722	4.961338	6.7463865	3.1000543	7.511908	10.660649	5.1746154	6.127823	9.649166	4.525157	4.264524	10.095714	6.682152
6.938469	7.539271	6.382995	7.5766177	4.762027	6.1450663	6.044754	5.53672	4.9949636	6.0048227	5.3428144	5.1644793	6.260115	4.643244	5.9867	5.6861067	6.1526833	8.854742	5.8600793	5.571351	7.5775447	4.6598186	9.0381775	6.400756	9.982011
8.676472	10.09956	7.3994374	9.714474	8.120695	7.868737	8.9449005	6.542344	6.301016	9.066389	8.570895	6.578839	9.138243	6.3995304	8.206149	7.8575144	10.021888	11.211172	8.415117	7.775418	11.333217	6.196315	6.0711136	3.7047162	7.5637937
6.881262	7.410855	6.946373	7.4697046	3.7420702	5.5932393	4.9020844	5.239196	4.45146	5.9333954	3.9640648	3.9748785	4.7755556	3.7090821	5.4279394	4.7257905	5.012735	11.098032	4.872445	4.6669216	6.049819	7.731576	6.48806	4.025977	8.751743
5.4313154	6.6514893	6.0900855	6.5281744	3.534208	5.306611	4.620585	5.9568024	3.480199	6.5176086	4.029082	3.8627002	4.5981717	3.5080333	5.356321	4.997372	5.0135536	7.6433053	5.3247976	4.638405	5.9709573	6.3677387	8.359421	3.2776413	10.057579
5.362317	6.2286825	6.295886	6.0544453	3.1221066	4.6688585	3.5162413	5.9941816	3.1507263	4.284644	3.1471825	3.4051635	3.6836307	3.4675794	5.0371914	4.280516	3.9446366	8.209722	5.981573	4.228551	4.5429296	8.100679	6.350238	3.412947	7.355172
6.4270496	6.603413	5.561187	7.257253	3.1861346	4.302365	4.0384846	5.4876013	3.0873373	5.2314873	3.3028615	3.1576912	4.1632166	3.1076703	3.7964032	4.170822	3.7575765	9.416008	3.4794521	3.234332	4.7685614	3.7754097	9.707557	3.1747794	7.336696
9.089553	10.322283	9.553675	10.521063	6.83315	8.829103	8.139512	3.2070851	7.288419	9.31355	8.693124	7.703802	8.543894	6.2965956	9.373823	3.2045743	9.344385	10.593508	8.550129	9.068262	10.807815	5.187275	5.966951	3.4750874	3.8286932
6.7597113	7.424085	5.414772	7.797891	4.0221086	5.43013	5.5137076	7.243652	3.1808343	6.9607515	5.4322305	3.329949	6.3905716	3.3640501	5.411007	7.1998444	5.706367	7.797072	4.097777	3.4419951	6.961254	5.8060665	7.33345	4.757883	9.380304
6.7544503	7.3637896	6.961525	7.3648744	4.0546513	6.4781876	4.948666	4.5423465	4.189488	6.029301	4.037121	4.040823	5.4278	4.622141	5.7385387	4.5938215	5.741312	9.171587	6.445392	6.0170517	5.8744984	10.987685	4.2231994	4.8819504	7.9580503
6.1844006	7.36719	5.3681946	7.0028734	6.5710177	5.9833193	7.1587596	5.610038	4.3509297	7.1561594	6.448294	4.362564	7.536338	4.6144156	6.1279883	5.9902277	7.5706773	8.59371	4.7166657	4.7344923	9.37228	7.818008	5.236017	3.6357646	8.94659
9.307668	9.553087	8.028416	9.801161	7.1855063	8.016539	8.0197115	3.2274342	6.132614	8.0208645	7.4689584	6.7639236	8.012928	6.684909	7.446341	3.3592522	8.239488	10.772076	7.652492	7.839504	9.793707	3.7994626	5.2848186	5.318272	3.5840554
6.2679806	7.925814	5.4630976	7.715268	6.935687	6.2160673	6.6798463	3.0897253	4.088335	6.5642133	6.7107077	5.9835787	6.952453	4.577721	5.9633975	3.0867567	7.2826734	8.499992	5.4510927	5.0491586	8.863869	6.986109	5.1648307	5.7788124	3.1485777
9.105101	10.501113	4.670011	10.311918	6.9580383	7.1481614	6.8994913	5.2409396	3.1774306	8.303486	6.567212	3.4728162	7.874965	3.3108828	4.5870748	6.5978694	7.4213147	12.254596	3.469144	3.562048	9.921974	4.1003337	3.5290523	3.1389084	7.788301
6.5189905	7.5320997	6.0305977	8.002427	5.3836894	6.4041243	6.114854	6.261577	4.9262667	7.556838	5.6170435	4.413224	7.0082526	5.1017647	6.878323	7.4282813	7.167815	10.860755	7.6130204	6.459196	8.355299	9.474472	7.464642	3.3872175	8.712179
8.946714	9.521797	9.401875	10.272349	6.9368534	8.471666	7.739186	6.0723715	7.211995	8.950312	7.0342474	7.51395	8.075306	7.564602	9.902733	7.284553	9.484383	11.953163	9.20442	9.125706	10.389034	4.0777593	4.3624353	4.1585865	3.884787
9.019789	9.992342	5.666019	9.399725	7.282854	6.7084846	7.6626124	4.1444893	3.9118962	8.90541	7.55087	4.3812594	7.7060647	4.2225113	5.5511627	4.4197974	8.052687	9.718578	4.6146793	4.377066	9.608715	5.4494166	4.972936	3.5226245	8.118778
8.578727	10.465694	7.6962633	10.345842	7.2580676	9.754669	8.8214	4.943135	6.216975	10.744881	9.380659	6.9856615	9.7449875	7.2370334	9.367098	5.702656	10.575762	9.407672	8.205802	9.173749	11.098967	3.92862	5.1901474	3.0980542	3.7891746
4.3477263	5.170555	4.5288286	5.058822	3.3776162	4.2620254	4.5425797	3.539048	3.106847	5.3456182	3.7781997	3.250884	4.7841573	3.1677372	4.4378242	3.2690737	4.8849993	6.1434045	4.4999394	3.5931327	5.3901434	7.302347	7.1909766	9.194853	6.950212
5.5143814	6.378626	5.067532	6.6543703	3.418924	4.4937983	4.2296743	6.354626	3.1240706	4.5874405	3.7250614	3.4112158	4.119086	3.360005	4.165544	5.4298277	3.9384027	13.055052	4.099596	4.0753827	5.7155957	11.411443	4.481656	6.879941	3.0848482
7.951857	8.775276	8.152922	8.861471	6.527651	7.9321666	8.205606	5.266594	6.9875927	8.934013	8.18386	7.8411946	8.470071	7.0843673	8.887402	5.9386425	9.455425	11.041697	8.60586	8.333166	9.904766	6.77999	5.027551	3.7570567	3.4926517
6.106763	7.2443185	4.941682	7.0648365	3.6569948	5.174803	5.5134697	5.457527	3.227566	5.8296385	4.4558635	3.2579107	5.961834	3.6104863	5.138468	5.582632	6.001826	8.183918	4.706379	3.9886887	7.334687	8.618977	6.1582403	3.1393933	9.434799
5.8221445	6.791976	4.984226	7.0749073	4.867573	6.0504737	6.311828	3.908981	3.526048	6.470735	5.4092026	4.1781282	6.9166646	4.034268	6.149563	4.10027	6.8023295	9.532326	5.160234	4.734726	8.307954	6.2509456	3.4512193	10.603516	9.372628
6.6362734	7.646744	6.1224403	7.683079	5.385115	5.8305364	5.483716	3.8802056	4.9756613	5.758132	5.2574983	4.8815203	6.559439	4.8626175	6.189287	3.8970592	6.674436	10.655981	5.94965	5.6639037	7.523753	6.0462847	8.010445	3.260502	8.1917
6.0724945	6.3152304	5.74858	6.7249107	4.1643887	5.6459727	5.423486	3.4389076	3.9985647	6.7456894	4.747028	3.7916474	5.9487276	4.7271957	5.736715	3.33103	5.678397	8.611546	5.323765	5.547395	6.5778294	8.23658	5.2232285	9.737749	8.447195
6.0899744	6.9621916	4.667427	6.6783214	4.653983	5.592279	5.375182	3.1852868	3.361656	5.8983345	5.633706	3.5134454	6.2322435	3.67233	4.3208337	3.1466408	5.930065	9.190336	4.0221457	4.1233997	7.2431574	7.2010794	5.78573	3.1316028	9.950733
8.540907	9.444183	7.925819	9.827833	7.66046	7.723609	6.9063215	6.0425434	4.8481655	8.449558	6.628932	6.4693427	7.4675083	5.470871	8.040329	6.634179	8.578843	12.231126	6.6200123	7.1591587	9.819826	4.394564	4.1121984	3.510155	6.8848343
6.376993	6.71202	6.2235003	6.657795	3.546779	5.214819	4.975171	3.1143305	3.9473524	6.1744633	3.9079883	3.474507	4.624151	4.7804055	5.156188	3.1105876	5.242524	7.301156	5.912248	5.391557	5.519726	10.98719	4.2126694	4.2168846	7.0242395
7.1322017	7.7113013	8.85239	7.9072223	5.5905857	7.4741445	7.194096	6.8229933	7.291068	7.5330663	6.481455	7.1162553	6.565791	8.014114	8.831885	6.2336364	7.532453	12.062861	8.123241	8.924656	8.151029	7.207346	4.201518	4.575261	3.1252916
5.444865	6.9202013	4.9594107	7.059986	5.29346	6.3446655	6.361154	3.2735536	4.2733955	6.7589703	5.847253	5.2807426	7.0167813	5.340333	6.7981067	3.1968913	7.1418104	6.344432	6.274698	6.259903	7.705349	5.2976656	5.949315	3.6162853	3.128863
8.430971	8.702864	7.5275493	8.363899	5.0396624	6.31137	5.7430167	6.8782616	3.892013	6.4778967	5.2631564	4.2797036	5.301881	5.2117777	5.5682993	6.463128	5.4162374	12.737092	4.5918236	5.253087	6.720586	10.180309	6.9067707	3.40208	3.3037329
7.2662554	7.84962	7.304001	8.303643	4.7319326	5.9227605	5.0432453	6.720112	3.5213726	6.1896496	4.8891306	4.7116413	6.1171303	4.237081	5.4817123	7.030238	5.73775	10.090382	5.2739916	4.8945966	6.5974894	5.392142	7.0383387	6.1944065	7.0835886
8.384118	9.135627	9.776068	8.713322	7.013328	9.023765	7.992738	5.84233	7.60549	8.922539	8.1398535	9.338274	8.532007	8.79569	9.28085	6.29552	9.845661	12.729987	10.929901	9.717274	9.612791	5.3452454	4.0432363	7.5687246	4.769596
8.213886	8.295453	6.1494884	8.74755	5.9984465	6.750676	6.2033143	3.6707253	3.6460974	6.9270477	5.326213	4.242404	6.9631968	4.881344	6.0469875	3.7672508	5.9212036	12.480002	5.13377	6.5211005	8.356984	10.9819145	3.5261002	6.9918423	3.3364215
8.276197	9.620769	5.1297197	9.501375	7.14718	7.4510326	7.9342394	6.588808	4.0307775	8.833622	6.7276163	4.2273436	8.265667	4.259157	5.593049	7.8164115	7.694947	8.389849	4.9000797	4.8323255	10.138626	6.0429106	6.197713	3.1171393	7.5357127
6.9061627	7.8085527	5.5654573	7.9338603	4.8522234	5.037348	5.4216113	5.5534964	3.4577253	6.4416037	5.096261	3.9426208	5.7345443	3.5166807	5.195389	7.0515537	6.04854	9.085333	4.906486	4.1525316	7.7350554	6.9298	10.243701	3.088332	8.778723
8.980944	9.974068	8.306077	9.788677	7.1812005	8.231703	7.5884705	3.1398768	7.3971076	8.943462	8.943856	6.9288635	7.467992	6.582596	8.844162	3.146155	8.486141	10.947747	8.185661	7.135082	10.375343	4.068706	7.2170873	7.2371044	8.728304
5.2907615	6.4101386	5.082144	6.043341	3.5096228	5.5271025	4.36091	3.5616632	3.7627885	5.3136864	3.778625	3.7777116	4.064323	4.0671153	4.9040484	3.2317786	4.7369742	11.079478	4.7567534	4.764575	6.026511	6.519559	6.8968306	5.7274284	3.9941058
6.920269	7.5438604	4.831418	8.07744	3.508461	4.610263	4.008707	5.401396	3.104984	5.18383	3.5242996	3.2417874	4.6840854	3.1246707	4.005075	4.9685717	4.076215	8.066623	3.6937804	3.3067777	5.191394	3.889687	4.9580355	3.0974927	10.164998
8.54153	8.509122	6.6279488	8.62888	4.6311684	6.0421596	5.343089	6.0773306	3.6321254	6.0768166	4.7808433	4.372878	5.2618947	4.054021	5.2919054	5.8761816	5.440296	11.101398	4.727927	4.875885	6.2601767	3.8319945	8.586325	3.8914797	8.28456
7.0028496	8.849071	5.585298	9.0749	6.4902625	6.863122	6.713697	3.8041768	3.6358793	8.113613	6.803747	4.3498178	7.7856884	4.028059	5.7882266	4.457696	6.7086806	9.979163	4.6191826	4.0617228	8.929161	4.739334	4.7313995	7.66758	8.395867
6.4123755	7.291085	5.178527	7.4169073	4.985406	5.841792	5.929553	3.5629892	3.5992355	8.051072	5.3798203	3.7080648	5.863161	3.7050838	5.350275	3.540696	6.253248	9.161423	5.0801306	4.4657354	7.595837	5.4059706	8.629167	10.823269	7.644571
5.3947544	6.5931606	4.9405603	6.621061	3.3182619	4.813368	4.210047	3.0962903	3.3836896	6.385974	3.48808	3.2522013	4.6668205	3.9348414	4.455475	3.0875359	4.693462	8.559181	4.7131896	3.9816256	5.388383	9.033886	5.4247065	3.1586368	7.549033
6.231118	7.3076115	6.539819	7.2819057	4.8559484	6.714487	6.152721	3.5399644	5.0990915	6.396719	6.577423	6.104474	6.054102	4.438926	6.5928526	3.520059	6.9201517	7.817462	5.1543	6.6060514	8.413408	4.3802304	4.2067456	3.5077941	8.885204
